eval_seed,mode,episode_reward,episode_cost,episode_length,success,violation_rate,collision_rate,min_clearance,path_length,fallback_rate,found_but_not_executed_rate,latency_ms,train_seed,run_name,candidates,margin,checkpoint
800000,raw,-0.6363474415242673,9.0,9,1.0,1.0,1.0,0.004060633778572076,0.3246448189020157,0.0,0.0,1.9734323852592044,10,panda_final_star_cfg2_star_v2_s10,16,0.02,/root/autodl-tmp/star_v2_storage/results/star_arm_panda/final/SafetyPandaReachObstacle-v0/star_v2/panda_final_star_cfg2_star_v2_s10/checkpoint/final.torch
800000,star_exec,-0.7132778708636758,9.0,9,1.0,1.0,1.0,0.006383046805858605,0.3653044179081917,1.0,0.0,2.4486593902111053,10,panda_final_star_cfg2_star_v2_s10,16,0.02,/root/autodl-tmp/star_v2_storage/results/star_arm_panda/final/SafetyPandaReachObstacle-v0/star_v2/panda_final_star_cfg2_star_v2_s10/checkpoint/final.torch
800001,raw,-0.9372979660332206,9.0,10,1.0,0.9,0.9,0.011200063228607171,0.3315654844045639,0.0,0.0,2.295907214283943,10,panda_final_star_cfg2_star_v2_s10,16,0.02,/root/autodl-tmp/star_v2_storage/results/star_arm_panda/final/SafetyPandaReachObstacle-v0/star_v2/panda_final_star_cfg2_star_v2_s10/checkpoint/final.torch
800001,star_exec,-1.1043945789337162,10.0,11,1.0,0.9090909090909091,0.9090909090909091,0.0065544995665550165,0.4006559234112501,1.0,0.0,2.4151998487385837,10,panda_final_star_cfg2_star_v2_s10,16,0.02,/root/autodl-tmp/star_v2_storage/results/star_arm_panda/final/SafetyPandaReachObstacle-v0/star_v2/panda_final_star_cfg2_star_v2_s10/checkpoint/final.torch
800002,raw,-1.1279032365977764,10.0,11,1.0,0.9090909090909091,0.9090909090909091,-0.03835989505052567,0.36762720718979836,0.0,0.0,1.8934736197645015,10,panda_final_star_cfg2_star_v2_s10,16,0.02,/root/autodl-tmp/star_v2_storage/results/star_arm_panda/final/SafetyPandaReachObstacle-v0/star_v2/panda_final_star_cfg2_star_v2_s10/checkpoint/final.torch
800002,star_exec,-1.2651060339808464,11.0,11,1.0,1.0,1.0,-0.01692054763436318,0.4273782968521118,1.0,0.0,2.4900351735678585,10,panda_final_star_cfg2_star_v2_s10,16,0.02,/root/autodl-tmp/star_v2_storage/results/star_arm_panda/final/SafetyPandaReachObstacle-v0/star_v2/panda_final_star_cfg2_star_v2_s10/checkpoint/final.torch
800003,raw,-1.543947437703609,10.0,12,1.0,0.8333333333333334,0.8333333333333334,-0.046400690153241164,0.3765319809317589,0.0,0.0,1.8914081156253815,10,panda_final_star_cfg2_star_v2_s10,16,0.02,/root/autodl-tmp/star_v2_storage/results/star_arm_panda/final/SafetyPandaReachObstacle-v0/star_v2/panda_final_star_cfg2_star_v2_s10/checkpoint/final.torch
800003,star_exec,-1.6795800705254078,10.0,13,1.0,0.7692307692307693,0.7692307692307693,-0.016082271635532386,0.44473940320312977,1.0,0.0,2.411321378671206,10,panda_final_star_cfg2_star_v2_s10,16,0.02,/root/autodl-tmp/star_v2_storage/results/star_arm_panda/final/SafetyPandaReachObstacle-v0/star_v2/panda_final_star_cfg2_star_v2_s10/checkpoint/final.torch
800004,raw,-1.2903638583421708,11.0,11,1.0,1.0,1.0,0.0005052986741065912,0.36002766340970993,0.0,0.0,1.9738355820829219,10,panda_final_star_cfg2_star_v2_s10,16,0.02,/root/autodl-tmp/star_v2_storage/results/star_arm_panda/final/SafetyPandaReachObstacle-v0/star_v2/panda_final_star_cfg2_star_v2_s10/checkpoint/final.torch
800004,star_exec,-1.466408212184906,11.0,12,1.0,0.9166666666666666,0.9166666666666666,-0.004126690030097968,0.4412075523287058,1.0,0.0,2.3899925872683525,10,panda_final_star_cfg2_star_v2_s10,16,0.02,/root/autodl-tmp/star_v2_storage/results/star_arm_panda/final/SafetyPandaReachObstacle-v0/star_v2/panda_final_star_cfg2_star_v2_s10/checkpoint/final.torch
800005,raw,-1.22994439676404,10.0,11,1.0,0.9090909090909091,0.9090909090909091,-0.004408336877822883,0.34993401914834976,0.0,0.0,2.1270703185688364,10,panda_final_star_cfg2_star_v2_s10,16,0.02,/root/autodl-tmp/star_v2_storage/results/star_arm_panda/final/SafetyPandaReachObstacle-v0/star_v2/panda_final_star_cfg2_star_v2_s10/checkpoint/final.torch
800005,star_exec,-1.4597903707623476,9.0,13,1.0,0.6923076923076923,0.6923076923076923,0.01659303188323974,0.4496258068829775,1.0,0.0,2.542671962426259,10,panda_final_star_cfg2_star_v2_s10,16,0.02,/root/autodl-tmp/star_v2_storage/results/star_arm_panda/final/SafetyPandaReachObstacle-v0/star_v2/panda_final_star_cfg2_star_v2_s10/checkpoint/final.torch
800006,raw,-1.3238434360921385,11.0,12,1.0,0.9166666666666666,0.9166666666666666,-0.011588915884494788,0.3794585820287466,0.0,0.0,1.8832683563232422,10,panda_final_star_cfg2_star_v2_s10,16,0.02,/root/autodl-tmp/star_v2_storage/results/star_arm_panda/final/SafetyPandaReachObstacle-v0/star_v2/panda_final_star_cfg2_star_v2_s10/checkpoint/final.torch
800006,star_exec,-1.4746539957821367,11.0,12,1.0,0.9166666666666666,0.9166666666666666,-0.02903292670845986,0.4409072585403919,1.0,0.0,2.407155310114225,10,panda_final_star_cfg2_star_v2_s10,16,0.02,/root/autodl-tmp/star_v2_storage/results/star_arm_panda/final/SafetyPandaReachObstacle-v0/star_v2/panda_final_star_cfg2_star_v2_s10/checkpoint/final.torch
800007,raw,-1.3954364870488642,11.0,12,1.0,0.9166666666666666,0.9166666666666666,-0.03165887638926507,0.3919922988861799,0.0,0.0,1.9953226049741108,10,panda_final_star_cfg2_star_v2_s10,16,0.02,/root/autodl-tmp/star_v2_storage/results/star_arm_panda/final/SafetyPandaReachObstacle-v0/star_v2/panda_final_star_cfg2_star_v2_s10/checkpoint/final.torch
800007,star_exec,-1.4800672949850562,9.0,11,1.0,0.8181818181818182,0.8181818181818182,-0.038675043433904654,0.411128394305706,1.0,0.0,2.4174495854161004,10,panda_final_star_cfg2_star_v2_s10,16,0.02,/root/autodl-tmp/star_v2_storage/results/star_arm_panda/final/SafetyPandaReachObstacle-v0/star_v2/panda_final_star_cfg2_star_v2_s10/checkpoint/final.torch
800008,raw,-0.8993518140912055,10.0,10,1.0,1.0,1.0,-0.041355838701128966,0.3339258283376694,0.0,0.0,1.8852390348911285,10,panda_final_star_cfg2_star_v2_s10,16,0.02,/root/autodl-tmp/star_v2_storage/results/star_arm_panda/final/SafetyPandaReachObstacle-v0/star_v2/panda_final_star_cfg2_star_v2_s10/checkpoint/final.torch
800008,star_exec,-1.0747420129179956,9.0,11,1.0,0.8181818181818182,0.8181818181818182,-0.02978273823857308,0.3962042946368456,1.0,0.0,2.856648103757338,10,panda_final_star_cfg2_star_v2_s10,16,0.02,/root/autodl-tmp/star_v2_storage/results/star_arm_panda/final/SafetyPandaReachObstacle-v0/star_v2/panda_final_star_cfg2_star_v2_s10/checkpoint/final.torch
800009,raw,-1.0666290625184776,10.0,11,1.0,0.9090909090909091,0.9090909090909091,-0.02893687382340432,0.34393120370805264,0.0,0.0,1.8949440934441306,10,panda_final_star_cfg2_star_v2_s10,16,0.02,/root/autodl-tmp/star_v2_storage/results/star_arm_panda/final/SafetyPandaReachObstacle-v0/star_v2/panda_final_star_cfg2_star_v2_s10/checkpoint/final.torch
800009,star_exec,-1.1690409876406194,9.0,11,1.0,0.8181818181818182,0.8181818181818182,-0.020233004987239844,0.3977542892098427,1.0,0.0,2.411656081676483,10,panda_final_star_cfg2_star_v2_s10,16,0.02,/root/autodl-tmp/star_v2_storage/results/star_arm_panda/final/SafetyPandaReachObstacle-v0/star_v2/panda_final_star_cfg2_star_v2_s10/checkpoint/final.torch
800010,raw,-1.341691799908876,11.0,12,1.0,0.9166666666666666,0.9166666666666666,-0.013258836865425117,0.3841790910810232,0.0,0.0,1.927959422270457,10,panda_final_star_cfg2_star_v2_s10,16,0.02,/root/autodl-tmp/star_v2_storage/results/star_arm_panda/final/SafetyPandaReachObstacle-v0/star_v2/panda_final_star_cfg2_star_v2_s10/checkpoint/final.torch
800010,star_exec,-7.80810630799271,11.0,100,0.0,0.11,0.11,-0.008153874129056937,1.1347183675970882,1.0,0.0,2.441280111670494,10,panda_final_star_cfg2_star_v2_s10,16,0.02,/root/autodl-tmp/star_v2_storage/results/star_arm_panda/final/SafetyPandaReachObstacle-v0/star_v2/panda_final_star_cfg2_star_v2_s10/checkpoint/final.torch
800011,raw,-0.9107076092064383,10.0,10,1.0,1.0,1.0,-0.005401901602745063,0.33848027139902115,0.0,0.0,1.9754879176616669,10,panda_final_star_cfg2_star_v2_s10,16,0.02,/root/autodl-tmp/star_v2_storage/results/star_arm_panda/final/SafetyPandaReachObstacle-v0/star_v2/panda_final_star_cfg2_star_v2_s10/checkpoint/final.torch
800011,star_exec,-1.0374062123894692,10.0,11,1.0,0.9090909090909091,0.9090909090909091,-0.009662463963031775,0.4028659127652645,1.0,0.0,2.413457090204412,10,panda_final_star_cfg2_star_v2_s10,16,0.02,/root/autodl-tmp/star_v2_storage/results/star_arm_panda/final/SafetyPandaReachObstacle-v0/star_v2/panda_final_star_cfg2_star_v2_s10/checkpoint/final.torch
800012,raw,-1.2802897220849987,11.0,11,1.0,1.0,1.0,-0.03093579381704331,0.3685364816337824,0.0,0.0,2.1443153646859257,10,panda_final_star_cfg2_star_v2_s10,16,0.02,/root/autodl-tmp/star_v2_storage/results/star_arm_panda/final/SafetyPandaReachObstacle-v0/star_v2/panda_final_star_cfg2_star_v2_s10/checkpoint/final.torch
800012,star_exec,-1.4084565356373788,11.0,12,1.0,0.9166666666666666,0.9166666666666666,-0.04515260055661202,0.42944359965622425,1.0,0.0,2.509628732999166,10,panda_final_star_cfg2_star_v2_s10,16,0.02,/root/autodl-tmp/star_v2_storage/results/star_arm_panda/final/SafetyPandaReachObstacle-v0/star_v2/panda_final_star_cfg2_star_v2_s10/checkpoint/final.torch
800013,raw,-0.6849033265560864,10.0,10,1.0,1.0,1.0,-0.02921761170029641,0.3156771082431078,0.0,0.0,1.8811266869306564,10,panda_final_star_cfg2_star_v2_s10,16,0.02,/root/autodl-tmp/star_v2_storage/results/star_arm_panda/final/SafetyPandaReachObstacle-v0/star_v2/panda_final_star_cfg2_star_v2_s10/checkpoint/final.torch
800013,star_exec,-0.763325877338648,10.0,10,1.0,1.0,1.0,-0.023937809914350516,0.36697573959827423,1.0,0.0,2.41406187415123,10,panda_final_star_cfg2_star_v2_s10,16,0.02,/root/autodl-tmp/star_v2_storage/results/star_arm_panda/final/SafetyPandaReachObstacle-v0/star_v2/panda_final_star_cfg2_star_v2_s10/checkpoint/final.torch
800014,raw,-1.194850195348263,11.0,12,1.0,0.9166666666666666,0.9166666666666666,-0.04340732999145985,0.38776155933737755,0.0,0.0,1.9564302638173103,10,panda_final_star_cfg2_star_v2_s10,16,0.02,/root/autodl-tmp/star_v2_storage/results/star_arm_panda/final/SafetyPandaReachObstacle-v0/star_v2/panda_final_star_cfg2_star_v2_s10/checkpoint/final.torch
800014,star_exec,-1.3233528943359845,11.0,12,1.0,0.9166666666666666,0.9166666666666666,-0.03927758120000363,0.4274020902812481,1.0,0.0,2.4094746137658754,10,panda_final_star_cfg2_star_v2_s10,16,0.02,/root/autodl-tmp/star_v2_storage/results/star_arm_panda/final/SafetyPandaReachObstacle-v0/star_v2/panda_final_star_cfg2_star_v2_s10/checkpoint/final.torch
800015,raw,-0.8898273664712905,9.0,10,1.0,0.9,0.9,-0.0018277910351753301,0.3294789046049118,0.0,0.0,1.8797039985656738,10,panda_final_star_cfg2_star_v2_s10,16,0.02,/root/autodl-tmp/star_v2_storage/results/star_arm_panda/final/SafetyPandaReachObstacle-v0/star_v2/panda_final_star_cfg2_star_v2_s10/checkpoint/final.torch
800015,star_exec,-1.0259008835256098,9.0,11,1.0,0.8181818181818182,0.8181818181818182,-0.016600425988435752,0.39854676462709904,1.0,0.0,2.6300806890834463,10,panda_final_star_cfg2_star_v2_s10,16,0.02,/root/autodl-tmp/star_v2_storage/results/star_arm_panda/final/SafetyPandaReachObstacle-v0/star_v2/panda_final_star_cfg2_star_v2_s10/checkpoint/final.torch
800016,raw,-0.6057249192893506,9.0,9,1.0,1.0,1.0,-0.04325726598501206,0.31194806285202503,0.0,0.0,1.9833677344852023,10,panda_final_star_cfg2_star_v2_s10,16,0.02,/root/autodl-tmp/star_v2_storage/results/star_arm_panda/final/SafetyPandaReachObstacle-v0/star_v2/panda_final_star_cfg2_star_v2_s10/checkpoint/final.torch
800016,star_exec,-0.7003797958791258,8.0,9,1.0,0.8888888888888888,0.8888888888888888,-0.026390876322984702,0.3340589068830013,1.0,0.0,2.4220223228136697,10,panda_final_star_cfg2_star_v2_s10,16,0.02,/root/autodl-tmp/star_v2_storage/results/star_arm_panda/final/SafetyPandaReachObstacle-v0/star_v2/panda_final_star_cfg2_star_v2_s10/checkpoint/final.torch
800017,raw,-0.9592985324561596,9.0,10,1.0,0.9,0.9,-0.02973728224635125,0.3395553696900606,0.0,0.0,1.8912352621555328,10,panda_final_star_cfg2_star_v2_s10,16,0.02,/root/autodl-tmp/star_v2_storage/results/star_arm_panda/final/SafetyPandaReachObstacle-v0/star_v2/panda_final_star_cfg2_star_v2_s10/checkpoint/final.torch
800017,star_exec,-1.1057915385812525,10.0,11,1.0,0.9090909090909091,0.9090909090909091,-0.00962626904249192,0.4041112270206213,1.0,0.0,2.53183360804211,10,panda_final_star_cfg2_star_v2_s10,16,0.02,/root/autodl-tmp/star_v2_storage/results/star_arm_panda/final/SafetyPandaReachObstacle-v0/star_v2/panda_final_star_cfg2_star_v2_s10/checkpoint/final.torch
800018,raw,-1.1105302926898002,10.0,11,1.0,0.9090909090909091,0.9090909090909091,-0.017581078857183463,0.34695247560739517,0.0,0.0,1.8897723745216022,10,panda_final_star_cfg2_star_v2_s10,16,0.02,/root/autodl-tmp/star_v2_storage/results/star_arm_panda/final/SafetyPandaReachObstacle-v0/star_v2/panda_final_star_cfg2_star_v2_s10/checkpoint/final.torch
800018,star_exec,-1.2152714706957344,10.0,11,1.0,0.9090909090909091,0.9090909090909091,-0.022216543257236487,0.40227825939655304,1.0,0.0,2.644126049496911,10,panda_final_star_cfg2_star_v2_s10,16,0.02,/root/autodl-tmp/star_v2_storage/results/star_arm_panda/final/SafetyPandaReachObstacle-v0/star_v2/panda_final_star_cfg2_star_v2_s10/checkpoint/final.torch
800019,raw,-1.531543549448252,11.0,12,1.0,0.9166666666666666,0.9166666666666666,-0.023130502253770835,0.3844201322644949,0.0,0.0,2.0674383267760277,10,panda_final_star_cfg2_star_v2_s10,16,0.02,/root/autodl-tmp/star_v2_storage/results/star_arm_panda/final/SafetyPandaReachObstacle-v0/star_v2/panda_final_star_cfg2_star_v2_s10/checkpoint/final.torch
800019,star_exec,-1.6272766232490548,10.0,12,1.0,0.8333333333333334,0.8333333333333334,-0.0008801069855690069,0.42964836582541466,1.0,0.0,3.2417591040333114,10,panda_final_star_cfg2_star_v2_s10,16,0.02,/root/autodl-tmp/star_v2_storage/results/star_arm_panda/final/SafetyPandaReachObstacle-v0/star_v2/panda_final_star_cfg2_star_v2_s10/checkpoint/final.torch
800000,raw,-1.4612181641161444,7.0,11,1.0,0.6363636363636364,0.6363636363636364,0.01573340624570846,0.4631189703941345,0.0,0.0,2.7757683260874315,11,panda_final_star_cfg2_star_v2_s11,16,0.02,/root/autodl-tmp/star_v2_storage/results/star_arm_panda/final/SafetyPandaReachObstacle-v0/star_v2/panda_final_star_cfg2_star_v2_s11/checkpoint/final.torch
800000,star_exec,-10.70645999806933,6.0,100,0.0,0.06,0.06,0.022479564249515527,1.6083800848573446,1.0,0.0,3.350065238773823,11,panda_final_star_cfg2_star_v2_s11,16,0.02,/root/autodl-tmp/star_v2_storage/results/star_arm_panda/final/SafetyPandaReachObstacle-v0/star_v2/panda_final_star_cfg2_star_v2_s11/checkpoint/final.torch
800001,raw,-1.5313986141979696,7.0,11,1.0,0.6363636363636364,0.6363636363636364,-0.05418795876204968,0.49770165234804153,0.0,0.0,2.590824257243763,11,panda_final_star_cfg2_star_v2_s11,16,0.02,/root/autodl-tmp/star_v2_storage/results/star_arm_panda/final/SafetyPandaReachObstacle-v0/star_v2/panda_final_star_cfg2_star_v2_s11/checkpoint/final.torch
800001,star_exec,-1.9406683287024502,7.0,12,1.0,0.5833333333333334,0.5833333333333334,0.005437925755977624,0.5528456829488277,1.0,0.0,3.3704983070492744,11,panda_final_star_cfg2_star_v2_s11,16,0.02,/root/autodl-tmp/star_v2_storage/results/star_arm_panda/final/SafetyPandaReachObstacle-v0/star_v2/panda_final_star_cfg2_star_v2_s11/checkpoint/final.torch
800002,raw,-1.1738198547065262,10.0,11,1.0,0.9090909090909091,0.9090909090909091,-0.0611774005740881,0.3634316213428974,0.0,0.0,2.8011964803392235,11,panda_final_star_cfg2_star_v2_s11,16,0.02,/root/autodl-tmp/star_v2_storage/results/star_arm_panda/final/SafetyPandaReachObstacle-v0/star_v2/panda_final_star_cfg2_star_v2_s11/checkpoint/final.torch
800002,star_exec,-1.3243836852908135,9.0,11,1.0,0.8181818181818182,0.8181818181818182,-0.02081021264195443,0.3877143617719412,1.0,0.0,3.381661054762927,11,panda_final_star_cfg2_star_v2_s11,16,0.02,/root/autodl-tmp/star_v2_storage/results/star_arm_panda/final/SafetyPandaReachObstacle-v0/star_v2/panda_final_star_cfg2_star_v2_s11/checkpoint/final.torch
800003,raw,-1.5503757925331598,10.0,12,1.0,0.8333333333333334,0.8333333333333334,-0.039123363494873054,0.38737741485238075,0.0,0.0,2.6041961585481963,11,panda_final_star_cfg2_star_v2_s11,16,0.02,/root/autodl-tmp/star_v2_storage/results/star_arm_panda/final/SafetyPandaReachObstacle-v0/star_v2/panda_final_star_cfg2_star_v2_s11/checkpoint/final.torch
800003,star_exec,-1.7348668588697906,10.0,13,1.0,0.7692307692307693,0.7692307692307693,-0.02088735222816468,0.4379349872469902,0.8461538461538461,0.0,3.3623177844744463,11,panda_final_star_cfg2_star_v2_s11,16,0.02,/root/autodl-tmp/star_v2_storage/results/star_arm_panda/final/SafetyPandaReachObstacle-v0/star_v2/panda_final_star_cfg2_star_v2_s11/checkpoint/final.torch
800004,raw,-1.3642517349123955,10.0,11,1.0,0.9090909090909091,0.9090909090909091,-0.024399451613426215,0.3504489976912737,0.0,0.0,2.5974149731072513,11,panda_final_star_cfg2_star_v2_s11,16,0.02,/root/autodl-tmp/star_v2_storage/results/star_arm_panda/final/SafetyPandaReachObstacle-v0/star_v2/panda_final_star_cfg2_star_v2_s11/checkpoint/final.torch
800004,star_exec,-1.5727665942907332,11.0,12,1.0,0.9166666666666666,0.9166666666666666,-0.04673288360238076,0.4124187771230936,1.0,0.0,3.6477185785770416,11,panda_final_star_cfg2_star_v2_s11,16,0.02,/root/autodl-tmp/star_v2_storage/results/star_arm_panda/final/SafetyPandaReachObstacle-v0/star_v2/panda_final_star_cfg2_star_v2_s11/checkpoint/final.torch
800005,raw,-1.3194225016236307,10.0,11,1.0,0.9090909090909091,0.9090909090909091,-0.04219392657279969,0.36359224654734135,0.0,0.0,2.571630884300579,11,panda_final_star_cfg2_star_v2_s11,16,0.02,/root/autodl-tmp/star_v2_storage/results/star_arm_panda/final/SafetyPandaReachObstacle-v0/star_v2/panda_final_star_cfg2_star_v2_s11/checkpoint/final.torch
800005,star_exec,-1.3394705843925476,9.0,12,1.0,0.75,0.75,-0.04294210642576218,0.4096732381731272,1.0,0.08333333333333333,3.3667354534069696,11,panda_final_star_cfg2_star_v2_s11,16,0.02,/root/autodl-tmp/star_v2_storage/results/star_arm_panda/final/SafetyPandaReachObstacle-v0/star_v2/panda_final_star_cfg2_star_v2_s11/checkpoint/final.torch
800006,raw,-1.3537254977226265,11.0,12,1.0,0.9166666666666666,0.9166666666666666,-0.04444441914558411,0.3698635082691908,0.0,0.0,2.8107240796089172,11,panda_final_star_cfg2_star_v2_s11,16,0.02,/root/autodl-tmp/star_v2_storage/results/star_arm_panda/final/SafetyPandaReachObstacle-v0/star_v2/panda_final_star_cfg2_star_v2_s11/checkpoint/final.torch
800006,star_exec,-1.4890343180298804,11.0,12,1.0,0.9166666666666666,0.9166666666666666,-0.040328832045197494,0.41322074085474014,1.0,0.0,3.3666985109448433,11,panda_final_star_cfg2_star_v2_s11,16,0.02,/root/autodl-tmp/star_v2_storage/results/star_arm_panda/final/SafetyPandaReachObstacle-v0/star_v2/panda_final_star_cfg2_star_v2_s11/checkpoint/final.torch
800007,raw,-1.3886196038872003,10.0,12,1.0,0.8333333333333334,0.8333333333333334,-0.0398619693517685,0.3884282875806093,0.0,0.0,2.6264386251568794,11,panda_final_star_cfg2_star_v2_s11,16,0.02,/root/autodl-tmp/star_v2_storage/results/star_arm_panda/final/SafetyPandaReachObstacle-v0/star_v2/panda_final_star_cfg2_star_v2_s11/checkpoint/final.torch
800007,star_exec,-1.599627844244242,10.0,13,1.0,0.7692307692307693,0.7692307692307693,-0.01979782402515412,0.4324496500194073,1.0,0.0,3.4402634661931257,11,panda_final_star_cfg2_star_v2_s11,16,0.02,/root/autodl-tmp/star_v2_storage/results/star_arm_panda/final/SafetyPandaReachObstacle-v0/star_v2/panda_final_star_cfg2_star_v2_s11/checkpoint/final.torch
800008,raw,-0.9263478045165539,8.0,10,1.0,0.8,0.8,-0.014373071193695075,0.31948368437588215,0.0,0.0,2.83719003200531,11,panda_final_star_cfg2_star_v2_s11,16,0.02,/root/autodl-tmp/star_v2_storage/results/star_arm_panda/final/SafetyPandaReachObstacle-v0/star_v2/panda_final_star_cfg2_star_v2_s11/checkpoint/final.torch
800008,star_exec,-1.1058535408973693,8.0,11,1.0,0.7272727272727273,0.6363636363636364,0.013064407110214227,0.35779354721307755,1.0,0.0,3.478297794407064,11,panda_final_star_cfg2_star_v2_s11,16,0.02,/root/autodl-tmp/star_v2_storage/results/star_arm_panda/final/SafetyPandaReachObstacle-v0/star_v2/panda_final_star_cfg2_star_v2_s11/checkpoint/final.torch
800009,raw,-1.0520163898915058,10.0,11,1.0,0.9090909090909091,0.9090909090909091,-0.036736812144517905,0.3391395825892687,0.0,0.0,2.681690522215583,11,panda_final_star_cfg2_star_v2_s11,16,0.02,/root/autodl-tmp/star_v2_storage/results/star_arm_panda/final/SafetyPandaReachObstacle-v0/star_v2/panda_final_star_cfg2_star_v2_s11/checkpoint/final.torch
800009,star_exec,-1.1270592585206036,10.0,11,1.0,0.9090909090909091,0.9090909090909091,-0.018388218879699714,0.38775250874459743,0.9090909090909091,0.0,3.266213969750838,11,panda_final_star_cfg2_star_v2_s11,16,0.02,/root/autodl-tmp/star_v2_storage/results/star_arm_panda/final/SafetyPandaReachObstacle-v0/star_v2/panda_final_star_cfg2_star_v2_s11/checkpoint/final.torch
800010,raw,-1.3391633076965812,11.0,11,1.0,1.0,1.0,-0.039076495617628104,0.35293503664433956,0.0,0.0,2.7717880227349023,11,panda_final_star_cfg2_star_v2_s11,16,0.02,/root/autodl-tmp/star_v2_storage/results/star_arm_panda/final/SafetyPandaReachObstacle-v0/star_v2/panda_final_star_cfg2_star_v2_s11/checkpoint/final.torch
800010,star_exec,-1.4147339151054616,10.0,12,1.0,0.8333333333333334,0.8333333333333334,-0.02399932190775872,0.41693188808858395,1.0,0.0,3.3551466961701712,11,panda_final_star_cfg2_star_v2_s11,16,0.02,/root/autodl-tmp/star_v2_storage/results/star_arm_panda/final/SafetyPandaReachObstacle-v0/star_v2/panda_final_star_cfg2_star_v2_s11/checkpoint/final.torch
800011,raw,-0.924657787233591,9.0,10,1.0,0.9,0.9,0.00031784951686858465,0.33709616959095,0.0,0.0,2.8033357113599777,11,panda_final_star_cfg2_star_v2_s11,16,0.02,/root/autodl-tmp/star_v2_storage/results/star_arm_panda/final/SafetyPandaReachObstacle-v0/star_v2/panda_final_star_cfg2_star_v2_s11/checkpoint/final.torch
800011,star_exec,-1.1435473398864269,10.0,11,1.0,0.9090909090909091,0.9090909090909091,0.003927320539951318,0.378230644389987,1.0,0.0,3.530570390549573,11,panda_final_star_cfg2_star_v2_s11,16,0.02,/root/autodl-tmp/star_v2_storage/results/star_arm_panda/final/SafetyPandaReachObstacle-v0/star_v2/panda_final_star_cfg2_star_v2_s11/checkpoint/final.torch
800012,raw,-1.2891692927479745,10.0,11,1.0,0.9090909090909091,0.9090909090909091,-0.02648766309022904,0.37021069042384624,0.0,0.0,2.608843825080178,11,panda_final_star_cfg2_star_v2_s11,16,0.02,/root/autodl-tmp/star_v2_storage/results/star_arm_panda/final/SafetyPandaReachObstacle-v0/star_v2/panda_final_star_cfg2_star_v2_s11/checkpoint/final.torch
800012,star_exec,-1.418959008306265,10.0,11,1.0,0.9090909090909091,0.9090909090909091,-0.0027425137162208624,0.3740382418036461,1.0,0.0,3.4293170002373783,11,panda_final_star_cfg2_star_v2_s11,16,0.02,/root/autodl-tmp/star_v2_storage/results/star_arm_panda/final/SafetyPandaReachObstacle-v0/star_v2/panda_final_star_cfg2_star_v2_s11/checkpoint/final.torch
800013,raw,-0.6797150222212073,10.0,10,1.0,1.0,1.0,-0.03224951371550561,0.3084794506430626,0.0,0.0,2.787887677550316,11,panda_final_star_cfg2_star_v2_s11,16,0.02,/root/autodl-tmp/star_v2_storage/results/star_arm_panda/final/SafetyPandaReachObstacle-v0/star_v2/panda_final_star_cfg2_star_v2_s11/checkpoint/final.torch
800013,star_exec,-0.7150646506249906,10.0,10,1.0,1.0,1.0,-0.031498424410820014,0.3316410221159458,1.0,0.0,3.4103859215974808,11,panda_final_star_cfg2_star_v2_s11,16,0.02,/root/autodl-tmp/star_v2_storage/results/star_arm_panda/final/SafetyPandaReachObstacle-v0/star_v2/panda_final_star_cfg2_star_v2_s11/checkpoint/final.torch
800014,raw,-1.1009792137145995,10.0,11,1.0,0.9090909090909091,0.9090909090909091,-0.05645846638828517,0.34640044905245304,0.0,0.0,2.5559921156276357,11,panda_final_star_cfg2_star_v2_s11,16,0.02,/root/autodl-tmp/star_v2_storage/results/star_arm_panda/final/SafetyPandaReachObstacle-v0/star_v2/panda_final_star_cfg2_star_v2_s11/checkpoint/final.torch
800014,star_exec,-1.2072262409329415,9.0,11,1.0,0.8181818181818182,0.8181818181818182,-0.03322088688611985,0.38133637979626656,1.0,0.0,3.5171271725134416,11,panda_final_star_cfg2_star_v2_s11,16,0.02,/root/autodl-tmp/star_v2_storage/results/star_arm_panda/final/SafetyPandaReachObstacle-v0/star_v2/panda_final_star_cfg2_star_v2_s11/checkpoint/final.torch
800015,raw,-0.9232615807652474,10.0,10,1.0,1.0,1.0,-0.021035492122173316,0.32969708926975727,0.0,0.0,2.904178202152252,11,panda_final_star_cfg2_star_v2_s11,16,0.02,/root/autodl-tmp/star_v2_storage/results/star_arm_panda/final/SafetyPandaReachObstacle-v0/star_v2/panda_final_star_cfg2_star_v2_s11/checkpoint/final.torch
800015,star_exec,-0.9412764230370521,10.0,10,1.0,1.0,1.0,-0.015421610027551658,0.36291259340941906,1.0,0.0,3.2957974821329117,11,panda_final_star_cfg2_star_v2_s11,16,0.02,/root/autodl-tmp/star_v2_storage/results/star_arm_panda/final/SafetyPandaReachObstacle-v0/star_v2/panda_final_star_cfg2_star_v2_s11/checkpoint/final.torch
800016,raw,-0.6097793594002725,9.0,9,1.0,1.0,1.0,-0.04642418742179871,0.30449279956519604,0.0,0.0,2.6606180601649814,11,panda_final_star_cfg2_star_v2_s11,16,0.02,/root/autodl-tmp/star_v2_storage/results/star_arm_panda/final/SafetyPandaReachObstacle-v0/star_v2/panda_final_star_cfg2_star_v2_s11/checkpoint/final.torch
800016,star_exec,-0.6772043977677821,8.0,9,1.0,0.8888888888888888,0.8888888888888888,-0.0563763339817524,0.32309264689683914,1.0,0.0,3.3976584672927856,11,panda_final_star_cfg2_star_v2_s11,16,0.02,/root/autodl-tmp/star_v2_storage/results/star_arm_panda/final/SafetyPandaReachObstacle-v0/star_v2/panda_final_star_cfg2_star_v2_s11/checkpoint/final.torch
800017,raw,-0.9662266327440738,9.0,10,1.0,0.9,0.9,-0.03850439906120301,0.3234388791024685,0.0,0.0,2.6677224785089493,11,panda_final_star_cfg2_star_v2_s11,16,0.02,/root/autodl-tmp/star_v2_storage/results/star_arm_panda/final/SafetyPandaReachObstacle-v0/star_v2/panda_final_star_cfg2_star_v2_s11/checkpoint/final.torch
800017,star_exec,-1.0789445671439166,10.0,11,1.0,0.9090909090909091,0.9090909090909091,-0.03870847791433335,0.37759321741759777,1.0,0.0,3.1816400587558746,11,panda_final_star_cfg2_star_v2_s11,16,0.02,/root/autodl-tmp/star_v2_storage/results/star_arm_panda/final/SafetyPandaReachObstacle-v0/star_v2/panda_final_star_cfg2_star_v2_s11/checkpoint/final.torch
800018,raw,-1.1024326691031456,10.0,11,1.0,0.9090909090909091,0.9090909090909091,-0.04238271869719029,0.3346172757446766,0.0,0.0,1.891542903401635,11,panda_final_star_cfg2_star_v2_s11,16,0.02,/root/autodl-tmp/star_v2_storage/results/star_arm_panda/final/SafetyPandaReachObstacle-v0/star_v2/panda_final_star_cfg2_star_v2_s11/checkpoint/final.torch
800018,star_exec,-1.1732976716756824,10.0,11,1.0,0.9090909090909091,0.9090909090909091,-0.02822743326425553,0.36679646745324135,1.0,0.0,2.5185421109199524,11,panda_final_star_cfg2_star_v2_s11,16,0.02,/root/autodl-tmp/star_v2_storage/results/star_arm_panda/final/SafetyPandaReachObstacle-v0/star_v2/panda_final_star_cfg2_star_v2_s11/checkpoint/final.torch
800019,raw,-1.5293950356543065,11.0,12,1.0,0.9166666666666666,0.9166666666666666,0.0024651217460632258,0.3897676132619381,0.0,0.0,1.880029837290446,11,panda_final_star_cfg2_star_v2_s11,16,0.02,/root/autodl-tmp/star_v2_storage/results/star_arm_panda/final/SafetyPandaReachObstacle-v0/star_v2/panda_final_star_cfg2_star_v2_s11/checkpoint/final.torch
800019,star_exec,-1.616176624596119,11.0,12,1.0,0.9166666666666666,0.9166666666666666,0.0016367736458778315,0.4279703628271818,1.0,0.0,2.4728414913018546,11,panda_final_star_cfg2_star_v2_s11,16,0.02,/root/autodl-tmp/star_v2_storage/results/star_arm_panda/final/SafetyPandaReachObstacle-v0/star_v2/panda_final_star_cfg2_star_v2_s11/checkpoint/final.torch
800000,raw,-13.218944585546854,8.0,100,0.0,0.08,0.08,0.03156945884227752,0.4555014135123834,0.0,0.0,1.8758801370859146,12,panda_final_star_cfg2_star_v2_s12,16,0.02,/root/autodl-tmp/star_v2_storage/results/star_arm_panda/final/SafetyPandaReachObstacle-v0/star_v2/panda_final_star_cfg2_star_v2_s12/checkpoint/final.torch
800000,star_exec,-13.464534812439236,7.0,100,0.0,0.07,0.07,0.014347464144229882,1.5845563963521272,1.0,0.0,2.4612216651439667,12,panda_final_star_cfg2_star_v2_s12,16,0.02,/root/autodl-tmp/star_v2_storage/results/star_arm_panda/final/SafetyPandaReachObstacle-v0/star_v2/panda_final_star_cfg2_star_v2_s12/checkpoint/final.torch
800001,raw,-11.24164959207177,8.0,100,0.0,0.08,0.08,0.059014417529106133,0.4308265096132473,0.0,0.0,1.879328116774559,12,panda_final_star_cfg2_star_v2_s12,16,0.02,/root/autodl-tmp/star_v2_storage/results/star_arm_panda/final/SafetyPandaReachObstacle-v0/star_v2/panda_final_star_cfg2_star_v2_s12/checkpoint/final.torch
800001,star_exec,-12.509277357170356,9.0,100,0.0,0.09,0.09,0.05552471458911895,1.3977748819161206,1.0,0.0,2.4660396203398705,12,panda_final_star_cfg2_star_v2_s12,16,0.02,/root/autodl-tmp/star_v2_storage/results/star_arm_panda/final/SafetyPandaReachObstacle-v0/star_v2/panda_final_star_cfg2_star_v2_s12/checkpoint/final.torch
800002,raw,-13.09071140462533,7.0,100,0.0,0.07,0.07,0.0053874033689498835,0.42076446745495133,0.0,0.0,2.171889953315258,12,panda_final_star_cfg2_star_v2_s12,16,0.02,/root/autodl-tmp/star_v2_storage/results/star_arm_panda/final/SafetyPandaReachObstacle-v0/star_v2/panda_final_star_cfg2_star_v2_s12/checkpoint/final.torch
800002,star_exec,-13.544015697725122,9.0,100,0.0,0.09,0.09,-0.017033386677503592,1.8794192153727636,1.0,0.0,3.5144903138279915,12,panda_final_star_cfg2_star_v2_s12,16,0.02,/root/autodl-tmp/star_v2_storage/results/star_arm_panda/final/SafetyPandaReachObstacle-v0/star_v2/panda_final_star_cfg2_star_v2_s12/checkpoint/final.torch
800003,raw,-16.0025898411125,7.0,100,0.0,0.07,0.07,0.016849756538867944,1.3802050477825105,0.0,0.0,1.920752339065075,12,panda_final_star_cfg2_star_v2_s12,16,0.02,/root/autodl-tmp/star_v2_storage/results/star_arm_panda/final/SafetyPandaReachObstacle-v0/star_v2/panda_final_star_cfg2_star_v2_s12/checkpoint/final.torch
800003,star_exec,-15.835758386552332,7.0,100,0.0,0.07,0.07,-0.007897909432649619,2.286571159493178,1.0,0.0,2.443087548017502,12,panda_final_star_cfg2_star_v2_s12,16,0.02,/root/autodl-tmp/star_v2_storage/results/star_arm_panda/final/SafetyPandaReachObstacle-v0/star_v2/panda_final_star_cfg2_star_v2_s12/checkpoint/final.torch
800004,raw,-12.175663127452133,4.0,100,0.0,0.04,0.04,0.05963524460792541,0.4546101261486939,0.0,0.0,1.8888133764266968,12,panda_final_star_cfg2_star_v2_s12,16,0.02,/root/autodl-tmp/star_v2_storage/results/star_arm_panda/final/SafetyPandaReachObstacle-v0/star_v2/panda_final_star_cfg2_star_v2_s12/checkpoint/final.torch
800004,star_exec,-14.141496874168517,7.0,100,0.0,0.07,0.07,-0.01356848672032357,1.9708413522457704,1.0,0.0,2.453577034175396,12,panda_final_star_cfg2_star_v2_s12,16,0.02,/root/autodl-tmp/star_v2_storage/results/star_arm_panda/final/SafetyPandaReachObstacle-v0/star_v2/panda_final_star_cfg2_star_v2_s12/checkpoint/final.torch
800005,raw,-13.737609519287947,3.0,100,0.0,0.03,0.03,0.05391038239002227,0.42219313599739294,0.0,0.0,1.8809111043810844,12,panda_final_star_cfg2_star_v2_s12,16,0.02,/root/autodl-tmp/star_v2_storage/results/star_arm_panda/final/SafetyPandaReachObstacle-v0/star_v2/panda_final_star_cfg2_star_v2_s12/checkpoint/final.torch
800005,star_exec,-14.850272494740784,5.0,100,0.0,0.05,0.05,0.03203976929187774,3.121873141732067,1.0,0.0,2.458234578371048,12,panda_final_star_cfg2_star_v2_s12,16,0.02,/root/autodl-tmp/star_v2_storage/results/star_arm_panda/final/SafetyPandaReachObstacle-v0/star_v2/panda_final_star_cfg2_star_v2_s12/checkpoint/final.torch
800006,raw,-15.044207227558633,4.0,100,0.0,0.04,0.04,0.06635811209678649,0.448744406112354,0.0,0.0,1.8865591660141945,12,panda_final_star_cfg2_star_v2_s12,16,0.02,/root/autodl-tmp/star_v2_storage/results/star_arm_panda/final/SafetyPandaReachObstacle-v0/star_v2/panda_final_star_cfg2_star_v2_s12/checkpoint/final.torch
800006,star_exec,-17.130526275588196,3.0,100,0.0,0.03,0.03,0.0706807005405426,2.3058263892307878,1.0,0.0,2.4586668238043785,12,panda_final_star_cfg2_star_v2_s12,16,0.02,/root/autodl-tmp/star_v2_storage/results/star_arm_panda/final/SafetyPandaReachObstacle-v0/star_v2/panda_final_star_cfg2_star_v2_s12/checkpoint/final.torch
800007,raw,-16.035348218103756,8.0,100,0.0,0.08,0.08,0.02412016719579696,0.6567866658733692,0.0,0.0,2.0094408839941025,12,panda_final_star_cfg2_star_v2_s12,16,0.02,/root/autodl-tmp/star_v2_storage/results/star_arm_panda/final/SafetyPandaReachObstacle-v0/star_v2/panda_final_star_cfg2_star_v2_s12/checkpoint/final.torch
800007,star_exec,-15.937897052988408,5.0,100,0.0,0.05,0.05,0.06446290791034698,2.4146266896277666,1.0,0.0,2.4663205072283745,12,panda_final_star_cfg2_star_v2_s12,16,0.02,/root/autodl-tmp/star_v2_storage/results/star_arm_panda/final/SafetyPandaReachObstacle-v0/star_v2/panda_final_star_cfg2_star_v2_s12/checkpoint/final.torch
800008,raw,-14.841722971249457,9.0,100,0.0,0.09,0.09,0.002032772004604333,0.45440223139828007,0.0,0.0,1.8920914083719254,12,panda_final_star_cfg2_star_v2_s12,16,0.02,/root/autodl-tmp/star_v2_storage/results/star_arm_panda/final/SafetyPandaReachObstacle-v0/star_v2/panda_final_star_cfg2_star_v2_s12/checkpoint/final.torch
800008,star_exec,-14.37013299578801,1.0,100,0.0,0.01,0.01,0.06844075798988342,2.064375668996945,1.0,0.0,2.482352964580059,12,panda_final_star_cfg2_star_v2_s12,16,0.02,/root/autodl-tmp/star_v2_storage/results/star_arm_panda/final/SafetyPandaReachObstacle-v0/star_v2/panda_final_star_cfg2_star_v2_s12/checkpoint/final.torch
800009,raw,-14.291693754712686,7.0,100,0.0,0.07,0.07,0.035562649667263024,0.4518632798319757,0.0,0.0,1.8701496720314026,12,panda_final_star_cfg2_star_v2_s12,16,0.02,/root/autodl-tmp/star_v2_storage/results/star_arm_panda/final/SafetyPandaReachObstacle-v0/star_v2/panda_final_star_cfg2_star_v2_s12/checkpoint/final.torch
800009,star_exec,-12.755223772795873,1.0,100,0.0,0.01,0.01,0.07775653183460235,2.0587152012158185,1.0,0.0,2.445434555411339,12,panda_final_star_cfg2_star_v2_s12,16,0.02,/root/autodl-tmp/star_v2_storage/results/star_arm_panda/final/SafetyPandaReachObstacle-v0/star_v2/panda_final_star_cfg2_star_v2_s12/checkpoint/final.torch
800010,raw,-14.284563816376032,4.0,100,0.0,0.04,0.04,0.05256869673728942,0.44112499702735875,0.0,0.0,1.87004916369915,12,panda_final_star_cfg2_star_v2_s12,16,0.02,/root/autodl-tmp/star_v2_storage/results/star_arm_panda/final/SafetyPandaReachObstacle-v0/star_v2/panda_final_star_cfg2_star_v2_s12/checkpoint/final.torch
800010,star_exec,-14.450854795463387,10.0,100,0.0,0.1,0.1,0.010073997378349298,2.0455224295146763,1.0,0.0,2.4145152792334557,12,panda_final_star_cfg2_star_v2_s12,16,0.02,/root/autodl-tmp/star_v2_storage/results/star_arm_panda/final/SafetyPandaReachObstacle-v0/star_v2/panda_final_star_cfg2_star_v2_s12/checkpoint/final.torch
800011,raw,-15.883801704260986,10.0,100,0.0,0.1,0.09,0.034569859802722924,0.4302920093035141,0.0,0.0,1.8939397484064102,12,panda_final_star_cfg2_star_v2_s12,16,0.02,/root/autodl-tmp/star_v2_storage/results/star_arm_panda/final/SafetyPandaReachObstacle-v0/star_v2/panda_final_star_cfg2_star_v2_s12/checkpoint/final.torch
800011,star_exec,-16.56917640499771,10.0,100,0.0,0.1,0.1,-0.004164755046367652,1.8376558031886816,1.0,0.0,2.4159080162644386,12,panda_final_star_cfg2_star_v2_s12,16,0.02,/root/autodl-tmp/star_v2_storage/results/star_arm_panda/final/SafetyPandaReachObstacle-v0/star_v2/panda_final_star_cfg2_star_v2_s12/checkpoint/final.torch
800012,raw,-15.508059324026103,6.0,100,0.0,0.06,0.06,0.01374825865030288,0.44778830520916557,0.0,0.0,1.9305890798568726,12,panda_final_star_cfg2_star_v2_s12,16,0.02,/root/autodl-tmp/star_v2_storage/results/star_arm_panda/final/SafetyPandaReachObstacle-v0/star_v2/panda_final_star_cfg2_star_v2_s12/checkpoint/final.torch
800012,star_exec,-15.386699861437084,7.0,100,0.0,0.07,0.07,-0.00941426649689675,1.8140649005072191,1.0,0.0,2.483122870326042,12,panda_final_star_cfg2_star_v2_s12,16,0.02,/root/autodl-tmp/star_v2_storage/results/star_arm_panda/final/SafetyPandaReachObstacle-v0/star_v2/panda_final_star_cfg2_star_v2_s12/checkpoint/final.torch
800013,raw,-18.99908964047992,4.0,100,0.0,0.04,0.04,0.02784389287233352,0.40991022388099907,0.0,0.0,1.9587348774075508,12,panda_final_star_cfg2_star_v2_s12,16,0.02,/root/autodl-tmp/star_v2_storage/results/star_arm_panda/final/SafetyPandaReachObstacle-v0/star_v2/panda_final_star_cfg2_star_v2_s12/checkpoint/final.torch
800013,star_exec,-19.318753754124042,8.0,100,0.0,0.08,0.08,0.011639729440212243,2.0787557575386018,1.0,0.0,2.6169319078326225,12,panda_final_star_cfg2_star_v2_s12,16,0.02,/root/autodl-tmp/star_v2_storage/results/star_arm_panda/final/SafetyPandaReachObstacle-v0/star_v2/panda_final_star_cfg2_star_v2_s12/checkpoint/final.torch
800014,raw,-17.126558001391377,8.0,100,0.0,0.08,0.08,0.02458725154399871,0.4523389714313595,0.0,0.0,2.04898864030838,12,panda_final_star_cfg2_star_v2_s12,16,0.02,/root/autodl-tmp/star_v2_storage/results/star_arm_panda/final/SafetyPandaReachObstacle-v0/star_v2/panda_final_star_cfg2_star_v2_s12/checkpoint/final.torch
800014,star_exec,-18.769714027745657,1.0,100,0.0,0.01,0.01,0.06193875551223754,1.954142535571009,1.0,0.0,2.6072944700717926,12,panda_final_star_cfg2_star_v2_s12,16,0.02,/root/autodl-tmp/star_v2_storage/results/star_arm_panda/final/SafetyPandaReachObstacle-v0/star_v2/panda_final_star_cfg2_star_v2_s12/checkpoint/final.torch
800015,raw,-14.942792292535305,3.0,100,0.0,0.03,0.03,0.0365617948770523,0.42699939474141857,0.0,0.0,1.9663628563284874,12,panda_final_star_cfg2_star_v2_s12,16,0.02,/root/autodl-tmp/star_v2_storage/results/star_arm_panda/final/SafetyPandaReachObstacle-v0/star_v2/panda_final_star_cfg2_star_v2_s12/checkpoint/final.torch
800015,star_exec,-17.573963863849645,5.0,100,0.0,0.05,0.05,0.012380108535289758,2.8934603109955788,1.0,0.0,2.5888458266854286,12,panda_final_star_cfg2_star_v2_s12,16,0.02,/root/autodl-tmp/star_v2_storage/results/star_arm_panda/final/SafetyPandaReachObstacle-v0/star_v2/panda_final_star_cfg2_star_v2_s12/checkpoint/final.torch
800016,raw,-14.906470407024024,5.0,100,0.0,0.05,0.05,0.03719155520200729,0.4178328851244757,0.0,0.0,2.0148837566375732,12,panda_final_star_cfg2_star_v2_s12,16,0.02,/root/autodl-tmp/star_v2_storage/results/star_arm_panda/final/SafetyPandaReachObstacle-v0/star_v2/panda_final_star_cfg2_star_v2_s12/checkpoint/final.torch
800016,star_exec,-15.735565161406996,3.0,100,0.0,0.03,0.03,0.06435539603233337,2.4998807858210057,1.0,0.0,2.6009526476264,12,panda_final_star_cfg2_star_v2_s12,16,0.02,/root/autodl-tmp/star_v2_storage/results/star_arm_panda/final/SafetyPandaReachObstacle-v0/star_v2/panda_final_star_cfg2_star_v2_s12/checkpoint/final.torch
800017,raw,-14.302797454744573,5.0,100,0.0,0.05,0.05,0.05101128697395324,0.44438545048976863,0.0,0.0,2.012488506734371,12,panda_final_star_cfg2_star_v2_s12,16,0.02,/root/autodl-tmp/star_v2_storage/results/star_arm_panda/final/SafetyPandaReachObstacle-v0/star_v2/panda_final_star_cfg2_star_v2_s12/checkpoint/final.torch
800017,star_exec,-16.604805652163925,3.0,100,0.0,0.03,0.03,0.08746667981147765,2.5844335104338825,1.0,0.0,2.487500347197056,12,panda_final_star_cfg2_star_v2_s12,16,0.02,/root/autodl-tmp/star_v2_storage/results/star_arm_panda/final/SafetyPandaReachObstacle-v0/star_v2/panda_final_star_cfg2_star_v2_s12/checkpoint/final.torch
800018,raw,-17.082636159982894,3.0,100,0.0,0.03,0.03,0.07776529371738433,0.45119832104829527,0.0,0.0,1.9150562211871147,12,panda_final_star_cfg2_star_v2_s12,16,0.02,/root/autodl-tmp/star_v2_storage/results/star_arm_panda/final/SafetyPandaReachObstacle-v0/star_v2/panda_final_star_cfg2_star_v2_s12/checkpoint/final.torch
800018,star_exec,-19.456189808798957,0.0,100,0.0,0.0,0.0,0.08319471061229705,2.171549539314583,1.0,0.0,2.50818632543087,12,panda_final_star_cfg2_star_v2_s12,16,0.02,/root/autodl-tmp/star_v2_storage/results/star_arm_panda/final/SafetyPandaReachObstacle-v0/star_v2/panda_final_star_cfg2_star_v2_s12/checkpoint/final.torch
800019,raw,-16.333746880888935,6.0,100,0.0,0.06,0.06,0.06685795664787292,0.4639664538595838,0.0,0.0,1.9625981524586678,12,panda_final_star_cfg2_star_v2_s12,16,0.02,/root/autodl-tmp/star_v2_storage/results/star_arm_panda/final/SafetyPandaReachObstacle-v0/star_v2/panda_final_star_cfg2_star_v2_s12/checkpoint/final.torch
800019,star_exec,-17.962380648106336,8.0,100,0.0,0.08,0.08,0.02138204157352447,2.6171706807799637,1.0,0.0,2.5197283551096916,12,panda_final_star_cfg2_star_v2_s12,16,0.02,/root/autodl-tmp/star_v2_storage/results/star_arm_panda/final/SafetyPandaReachObstacle-v0/star_v2/panda_final_star_cfg2_star_v2_s12/checkpoint/final.torch
