phase,task,method,seeds,train_reward_mean,train_reward_std,train_cost_mean,train_cost_std,train_total_cost_mean,train_total_cost_std,raw_return_mean,raw_return_std,raw_cost_mean,raw_cost_std
ablation_100k,SafetyCarGoal1-v0,star_v2,12,33.61077814726206,0.635581137851727,57.41666666666668,17.951998284988843,6411.083333333333,840.1973207995774,33.62545860582207,0.7878381127145427,59.083333333333336,8.713712634622965
ablation_100k,SafetyPointGoal1-v0,star_v2,12,25.39035035262559,0.8554807108009106,55.849999999999994,9.20459371480053,5944.166666666667,613.7313349627436,26.342053302225306,0.42691974752159967,53.06666666666666,6.372573810455002
core_100k,SafetyCarButton1-v0,current_only_v2,3,14.506759367238379,0.40233652241866297,262.73333333333335,93.4695850709381,24669.666666666668,1931.5013159025632,18.482718920686427,1.0918286488557138,267.90000000000003,5.28488410468952
core_100k,SafetyCarButton1-v0,pointwise_v2,3,11.940897284662634,1.49221659491854,286.0333333333333,39.28948120468547,23103.333333333332,1152.788069565839,15.469961479347026,2.5828925837220593,258.8,22.542626288877695
core_100k,SafetyCarButton1-v0,sac_lag,3,10.156124609214533,0.7860422902120707,229.9,39.23735465089359,22614.333333333332,877.372402878808,8.771677920065033,1.4619089468616269,233.0666666666667,80.65000516635651
core_100k,SafetyCarButton1-v0,star_v2,3,15.819930304963288,4.448525401871933,242.6,23.850995786339816,25309.0,1315.4786201227294,15.923860651541565,2.5683947565936878,301.03333333333336,29.295107668915207
core_100k,SafetyCarGoal1-v0,current_only_v2,3,32.624001594579795,2.639025165415192,76.10000000000001,41.70479588728376,5793.0,590.3278749982928,33.4369945462361,0.46605069102411756,65.33333333333333,10.943643512712454
core_100k,SafetyCarGoal1-v0,pointwise_v2,3,33.34152556125799,1.2886505796564647,62.26666666666667,21.15758335286271,6131.666666666667,323.608302324482,33.57794726297314,0.7428734073927473,79.46666666666667,13.761298388354689
core_100k,SafetyCarGoal1-v0,sac_lag,3,31.484743062269505,1.5308097645363992,59.699999999999996,21.255822731665784,5917.333333333333,461.2421634383974,30.629272648574243,0.7092578788304598,69.2,4.3312815655415475
core_100k,SafetyCarGoal1-v0,star_v2,3,32.86276471976084,1.0826654969896397,71.23333333333333,18.148645495830625,6416.0,367.285992109691,32.92208613133702,0.16584113409089657,61.70000000000001,6.0
core_100k,SafetyPointButton1-v0,current_only_v2,3,21.61695996252928,3.6913235845964056,173.6,17.4077568916848,13394.0,779.0693165566206,22.98799324961253,1.9363254721760728,132.86666666666667,23.104617143188786
core_100k,SafetyPointButton1-v0,pointwise_v2,3,20.755468611089753,1.1708922698364868,139.96666666666667,6.482540654198278,11982.666666666666,1349.2614028917203,20.878801186253124,3.606737332095253,142.33333333333334,24.239293169012438
core_100k,SafetyPointButton1-v0,sac_lag,3,15.750943144693794,7.172203679451185,133.33333333333334,11.477078606219147,12352.666666666666,457.57440196467866,12.939221292225644,4.019867661420305,161.36666666666667,42.174676446101316
core_100k,SafetyPointButton1-v0,star_v2,3,18.69843734612814,4.494063053529183,137.1,27.590396880074042,13380.0,1068.0884794809838,16.98752183360564,6.617752459957556,122.40000000000002,18.396738841436004
core_100k,SafetyPointGoal1-v0,current_only_v2,3,25.48460798073727,0.22695836071854858,56.5,21.245234759823205,6835.0,393.8933865908388,25.743080339268392,0.5233706442982158,49.133333333333326,8.119318526411767
core_100k,SafetyPointGoal1-v0,pointwise_v2,3,25.778651029190595,0.7554117901346733,49.133333333333326,6.934214687571574,7252.666666666667,1191.24822490249,25.68251543104381,1.154105000587078,51.06666666666666,13.308017633491973
core_100k,SafetyPointGoal1-v0,sac_lag,3,25.31186803879548,0.1711103849903299,52.76666666666666,3.1895663237081813,6100.666666666667,537.7232869546691,26.038568300919962,0.33489584898465136,48.866666666666674,8.939985085744455
core_100k,SafetyPointGoal1-v0,star_v2,3,25.985267242015748,0.5219830098780059,57.699999999999996,5.534437640808683,6821.333333333333,312.4377271286765,26.881532006855718,0.5405666554293187,42.9,10.021975853094041
resume_300k,SafetyCarButton1-v0,current_only_v2,5,21.65123273036405,2.4552996667112583,237.44,25.79908913120772,76509.4,1302.7356984438554,18.33498488555226,1.3775074517953045,303.27000000000004,29.141649747397626
resume_300k,SafetyCarButton1-v0,pointwise_v2,5,19.4998025257347,2.4524491164967173,208.7,24.688762625939756,70990.0,2861.135438947272,18.81652481281584,1.5303187994676972,299.41,33.10546405051588
resume_300k,SafetyCarButton1-v0,sac_lag,5,7.798280648365965,3.059321568488492,189.2,54.57055066608729,61490.4,2693.3378547816833,8.994479934202504,2.4762555091726535,203.17000000000002,21.65322146933338
resume_300k,SafetyCarButton1-v0,star_v2,5,19.680277662446134,1.1820724454702296,271.16,20.422610019289877,76791.0,646.8999149791257,19.364665446373927,1.985258734737873,272.18,23.805136000451665
resume_300k,SafetyCarGoal1-v0,current_only_v2,5,35.02664744878443,0.5284989308805331,55.6,15.560205654167943,17797.8,771.9382747344505,34.927886851661924,0.26737105937816835,64.26,7.2711243972304604
resume_300k,SafetyCarGoal1-v0,pointwise_v2,5,35.30080550858414,0.4153316889293746,57.2,26.55710827631653,17833.4,720.4299410768544,34.647654684657624,0.3542659527138322,60.65,4.536105157511232
resume_300k,SafetyCarGoal1-v0,sac_lag,5,34.43462937515418,0.9615456385187334,51.36,10.694765074558674,18065.6,534.7156253561326,33.75857355814894,0.3886567580115258,64.8,2.4543329032549726
resume_300k,SafetyCarGoal1-v0,star_v2,5,35.38947991844218,0.39718125453059755,54.120000000000005,5.39230933830766,18186.0,589.5612775615441,34.499550865872955,0.35866434253919566,66.52,3.3951435904833227
resume_300k,SafetyPointButton1-v0,current_only_v2,5,23.727535672685903,2.4232414858374387,137.01999999999998,29.010722155782332,42437.8,1287.405802379343,23.58618921740787,2.009244882973801,164.98,15.216709565474396
resume_300k,SafetyPointButton1-v0,pointwise_v2,5,22.467594922918217,2.1290495969699523,148.0,12.680891135878426,40599.4,2464.833320936732,22.62274787000259,4.6344972426568924,166.4,31.15465454791627
resume_300k,SafetyPointButton1-v0,sac_lag,5,14.073296314246258,4.081262889016553,114.97999999999999,30.167813974499378,36302.0,1909.812163538603,12.792933694151348,4.155573664305689,125.33,20.172710526847897
resume_300k,SafetyPointButton1-v0,star_v2,5,23.881817366924004,2.951032801549412,152.74,41.5256908431395,42909.0,2207.5590592326175,24.364070132885633,1.9073692771407111,167.22000000000003,10.443215500984365
resume_300k,SafetyPointGoal1-v0,current_only_v2,5,27.251349696199306,0.10255610263033532,50.38,12.0472818511065,16651.6,1142.8321399050692,27.454421279649203,0.2880598665105021,51.75,8.730120274085575
resume_300k,SafetyPointGoal1-v0,pointwise_v2,5,27.203517430739918,0.22842270723857164,66.88,11.542400097033546,17603.2,1511.6377542255286,27.416248516579323,0.22037657801149843,55.48,3.4943883584970914
resume_300k,SafetyPointGoal1-v0,sac_lag,5,26.44260693059892,0.2895238093391588,49.94,8.336845926368078,16765.2,1264.9643077968642,26.61752423134782,0.5337695197526258,52.64000000000001,5.357634739322942
resume_300k,SafetyPointGoal1-v0,star_v2,5,26.87861440921718,0.3255914653971024,46.12,10.419069056302487,16734.8,591.4775566325403,27.120699103729333,0.20164430760843524,56.36,5.4666488820848915
