run_name,run_dir,phase,task,method,seed,ablation_group,ablation_name,star_algorithm_version,git_sha,final_step,expected_steps,completed,has_final_checkpoint,final_checkpoint,error_scan,train_latest_reward,train_latest_cost,train_avg_last10_reward,train_avg_last10_cost,train_total_cost,train_total_cost_rate,mechanism_rows,raw_eval_episodes,raw_return_mean,raw_cost_mean,raw_evr_mean,raw_constraint_satisfaction_rate,filtered_eval_episodes,filtered_return_mean,filtered_cost_mean,filtered_evr_mean,filtered_constraint_satisfaction_rate
starv2_core_100k_SafetyCarButton1_v0_selected_current_only_v2_current_only_v2_s10,results/star_v2_final/core_100k/SafetyCarButton1-v0/current_only_v2/starv2_core_100k_SafetyCarButton1_v0_selected_current_only_v2_current_only_v2_s10,core_100k,SafetyCarButton1-v0,current_only_v2,10,core_100k,selected_current_only_v2,star_v2,57543f8eb582dda6e4a1c5e101d0dfbb4faf2f43,100000,100000,True,True,results/star_v2_final/core_100k/SafetyCarButton1-v0/current_only_v2/starv2_core_100k_SafetyCarButton1_v0_selected_current_only_v2_current_only_v2_s10/checkpoint/final.torch,,18.37423950586279,163.0,14.236669130126762,187.3,23035.0,0.23035,19,10,19.524999490477875,273.8,0.27379999999999993,0.0,0,nan,nan,nan,nan
starv2_core_100k_SafetyCarButton1_v0_selected_current_only_v2_current_only_v2_s11,results/star_v2_final/core_100k/SafetyCarButton1-v0/current_only_v2/starv2_core_100k_SafetyCarButton1_v0_selected_current_only_v2_current_only_v2_s11,core_100k,SafetyCarButton1-v0,current_only_v2,11,core_100k,selected_current_only_v2,star_v2,57543f8eb582dda6e4a1c5e101d0dfbb4faf2f43,100000,100000,True,True,results/star_v2_final/core_100k/SafetyCarButton1-v0/current_only_v2/starv2_core_100k_SafetyCarButton1_v0_selected_current_only_v2_current_only_v2_s11/checkpoint/final.torch,,1.873209001147278,673.0,14.969162279553075,367.3,26801.0,0.26801,19,10,18.575849104589672,266.3,0.2663,0.0,0,nan,nan,nan,nan
starv2_core_100k_SafetyCarButton1_v0_selected_current_only_v2_current_only_v2_s12,results/star_v2_final/core_100k/SafetyCarButton1-v0/current_only_v2/starv2_core_100k_SafetyCarButton1_v0_selected_current_only_v2_current_only_v2_s12,core_100k,SafetyCarButton1-v0,current_only_v2,12,core_100k,selected_current_only_v2,star_v2,57543f8eb582dda6e4a1c5e101d0dfbb4faf2f43,100000,100000,True,True,results/star_v2_final/core_100k/SafetyCarButton1-v0/current_only_v2/starv2_core_100k_SafetyCarButton1_v0_selected_current_only_v2_current_only_v2_s12/checkpoint/final.torch,,15.856007270896875,251.0,14.3144466920353,233.6,24173.0,0.24173,19,10,17.347308166991734,263.6,0.2636,0.0,0,nan,nan,nan,nan
starv2_core_100k_SafetyCarButton1_v0_selected_pointwise_v2_pointwise_v2_s10,results/star_v2_final/core_100k/SafetyCarButton1-v0/pointwise_v2/starv2_core_100k_SafetyCarButton1_v0_selected_pointwise_v2_pointwise_v2_s10,core_100k,SafetyCarButton1-v0,pointwise_v2,10,core_100k,selected_pointwise_v2,star_v2,57543f8eb582dda6e4a1c5e101d0dfbb4faf2f43,100000,100000,True,True,results/star_v2_final/core_100k/SafetyCarButton1-v0/pointwise_v2/starv2_core_100k_SafetyCarButton1_v0_selected_pointwise_v2_pointwise_v2_s10/checkpoint/final.torch,,2.049185118569585,849.0,10.356485569529708,292.8,24124.0,0.24124,19,10,14.096237115786005,284.7,0.2847,0.0,0,nan,nan,nan,nan
starv2_core_100k_SafetyCarButton1_v0_selected_pointwise_v2_pointwise_v2_s11,results/star_v2_final/core_100k/SafetyCarButton1-v0/pointwise_v2/starv2_core_100k_SafetyCarButton1_v0_selected_pointwise_v2_pointwise_v2_s11,core_100k,SafetyCarButton1-v0,pointwise_v2,11,core_100k,selected_pointwise_v2,star_v2,57543f8eb582dda6e4a1c5e101d0dfbb4faf2f43,100000,100000,True,True,results/star_v2_final/core_100k/SafetyCarButton1-v0/pointwise_v2/starv2_core_100k_SafetyCarButton1_v0_selected_pointwise_v2_pointwise_v2_s11/checkpoint/final.torch,,15.714905234152527,263.0,13.319567125660678,321.5,23333.0,0.23333,19,10,18.449419379688827,243.6,0.24359999999999998,0.0,0,nan,nan,nan,nan
starv2_core_100k_SafetyCarButton1_v0_selected_pointwise_v2_pointwise_v2_s12,results/star_v2_final/core_100k/SafetyCarButton1-v0/pointwise_v2/starv2_core_100k_SafetyCarButton1_v0_selected_pointwise_v2_pointwise_v2_s12,core_100k,SafetyCarButton1-v0,pointwise_v2,12,core_100k,selected_pointwise_v2,star_v2,57543f8eb582dda6e4a1c5e101d0dfbb4faf2f43,100000,100000,True,True,results/star_v2_final/core_100k/SafetyCarButton1-v0/pointwise_v2/starv2_core_100k_SafetyCarButton1_v0_selected_pointwise_v2_pointwise_v2_s12/checkpoint/final.torch,,1.1565220529378157,396.0,12.146639158797516,243.8,21853.0,0.21853,19,10,13.864227942566242,248.1,0.2481,0.0,0,nan,nan,nan,nan
starv2_core_100k_SafetyCarButton1_v0_selected_sac_lag_sac_lag_s10,results/star_v2_final/core_100k/SafetyCarButton1-v0/sac_lag/starv2_core_100k_SafetyCarButton1_v0_selected_sac_lag_sac_lag_s10,core_100k,SafetyCarButton1-v0,sac_lag,10,core_100k,selected_sac_lag,star_v2,57543f8eb582dda6e4a1c5e101d0dfbb4faf2f43,100000,100000,True,True,results/star_v2_final/core_100k/SafetyCarButton1-v0/sac_lag/starv2_core_100k_SafetyCarButton1_v0_selected_sac_lag_sac_lag_s10/checkpoint/final.torch,,17.006307685504805,252.0,9.257355776095434,210.0,22834.0,0.22834,19,10,7.134037157727642,140.9,0.1409,0.1,0,nan,nan,nan,nan
starv2_core_100k_SafetyCarButton1_v0_selected_sac_lag_sac_lag_s11,results/star_v2_final/core_100k/SafetyCarButton1-v0/sac_lag/starv2_core_100k_SafetyCarButton1_v0_selected_sac_lag_sac_lag_s11,core_100k,SafetyCarButton1-v0,sac_lag,11,core_100k,selected_sac_lag,star_v2,57543f8eb582dda6e4a1c5e101d0dfbb4faf2f43,100000,100000,True,True,results/star_v2_final/core_100k/SafetyCarButton1-v0/sac_lag/starv2_core_100k_SafetyCarButton1_v0_selected_sac_lag_sac_lag_s11/checkpoint/final.torch,,8.640607722484653,397.0,10.715160384462138,275.1,23361.0,0.23361,19,10,9.235847319193173,290.7,0.2907,0.0,0,nan,nan,nan,nan
starv2_core_100k_SafetyCarButton1_v0_selected_sac_lag_sac_lag_s12,results/star_v2_final/core_100k/SafetyCarButton1-v0/sac_lag/starv2_core_100k_SafetyCarButton1_v0_selected_sac_lag_sac_lag_s12,core_100k,SafetyCarButton1-v0,sac_lag,12,core_100k,selected_sac_lag,star_v2,57543f8eb582dda6e4a1c5e101d0dfbb4faf2f43,100000,100000,True,True,results/star_v2_final/core_100k/SafetyCarButton1-v0/sac_lag/starv2_core_100k_SafetyCarButton1_v0_selected_sac_lag_sac_lag_s12/checkpoint/final.torch,,4.206730396908627,174.0,10.495857667086028,204.6,21648.0,0.21648,19,10,9.945149283274281,267.6,0.26759999999999995,0.1,0,nan,nan,nan,nan
starv2_core_100k_SafetyCarButton1_v0_selected_star_v2_star_v2_s10,results/star_v2_final/core_100k/SafetyCarButton1-v0/star_v2/starv2_core_100k_SafetyCarButton1_v0_selected_star_v2_star_v2_s10,core_100k,SafetyCarButton1-v0,star_v2,10,core_100k,selected_star_v2,star_v2,57543f8eb582dda6e4a1c5e101d0dfbb4faf2f43,100000,100000,True,True,results/star_v2_final/core_100k/SafetyCarButton1-v0/star_v2/starv2_core_100k_SafetyCarButton1_v0_selected_star_v2_star_v2_s10/checkpoint/final.torch,,1.0619249273181581,124.0,11.387637898484169,215.5,24949.0,0.24949,19,10,12.958773879464541,285.9,0.2859,0.0,0,nan,nan,nan,nan
starv2_core_100k_SafetyCarButton1_v0_selected_star_v2_star_v2_s11,results/star_v2_final/core_100k/SafetyCarButton1-v0/star_v2/starv2_core_100k_SafetyCarButton1_v0_selected_star_v2_star_v2_s11,core_100k,SafetyCarButton1-v0,star_v2,11,core_100k,selected_star_v2,star_v2,57543f8eb582dda6e4a1c5e101d0dfbb4faf2f43,100000,100000,True,True,results/star_v2_final/core_100k/SafetyCarButton1-v0/star_v2/starv2_core_100k_SafetyCarButton1_v0_selected_star_v2_star_v2_s11/checkpoint/final.torch,,23.393235063819656,201.0,20.284512913507765,251.9,26767.0,0.26767,19,10,17.353047208229537,334.8,0.3348,0.0,0,nan,nan,nan,nan
starv2_core_100k_SafetyCarButton1_v0_selected_star_v2_star_v2_s12,results/star_v2_final/core_100k/SafetyCarButton1-v0/star_v2/starv2_core_100k_SafetyCarButton1_v0_selected_star_v2_star_v2_s12,core_100k,SafetyCarButton1-v0,star_v2,12,core_100k,selected_star_v2,star_v2,57543f8eb582dda6e4a1c5e101d0dfbb4faf2f43,100000,100000,True,True,results/star_v2_final/core_100k/SafetyCarButton1-v0/star_v2/starv2_core_100k_SafetyCarButton1_v0_selected_star_v2_star_v2_s12/checkpoint/final.torch,,25.04908756898345,145.0,15.787640102897933,260.4,24211.0,0.24211,19,10,17.459760866930615,282.4,0.28239999999999993,0.0,0,nan,nan,nan,nan
starv2_core_100k_SafetyCarGoal1_v0_selected_current_only_v2_current_only_v2_s10,results/star_v2_final/core_100k/SafetyCarGoal1-v0/current_only_v2/starv2_core_100k_SafetyCarGoal1_v0_selected_current_only_v2_current_only_v2_s10,core_100k,SafetyCarGoal1-v0,current_only_v2,10,core_100k,selected_current_only_v2,star_v2,57543f8eb582dda6e4a1c5e101d0dfbb4faf2f43,100000,100000,True,True,results/star_v2_final/core_100k/SafetyCarGoal1-v0/current_only_v2/starv2_core_100k_SafetyCarGoal1_v0_selected_current_only_v2_current_only_v2_s10/checkpoint/final.torch,,32.95180135183456,87.0,29.62524385658598,121.4,5880.0,0.0588,19,10,32.9528435513308,52.7,0.052700000000000004,0.2,0,nan,nan,nan,nan
starv2_core_100k_SafetyCarGoal1_v0_selected_current_only_v2_current_only_v2_s11,results/star_v2_final/core_100k/SafetyCarGoal1-v0/current_only_v2/starv2_core_100k_SafetyCarGoal1_v0_selected_current_only_v2_current_only_v2_s11,core_100k,SafetyCarGoal1-v0,current_only_v2,11,core_100k,selected_current_only_v2,star_v2,57543f8eb582dda6e4a1c5e101d0dfbb4faf2f43,100000,100000,True,True,results/star_v2_final/core_100k/SafetyCarGoal1-v0/current_only_v2/starv2_core_100k_SafetyCarGoal1_v0_selected_current_only_v2_current_only_v2_s11/checkpoint/final.torch,,36.89559416159405,98.0,34.592467710590874,67.6,6335.0,0.06335,19,10,33.88254389263061,71.9,0.07189999999999999,0.2,0,nan,nan,nan,nan
starv2_core_100k_SafetyCarGoal1_v0_selected_current_only_v2_current_only_v2_s12,results/star_v2_final/core_100k/SafetyCarGoal1-v0/current_only_v2/starv2_core_100k_SafetyCarGoal1_v0_selected_current_only_v2_current_only_v2_s12,core_100k,SafetyCarGoal1-v0,current_only_v2,12,core_100k,selected_current_only_v2,star_v2,57543f8eb582dda6e4a1c5e101d0dfbb4faf2f43,100000,100000,True,True,results/star_v2_final/core_100k/SafetyCarGoal1-v0/current_only_v2/starv2_core_100k_SafetyCarGoal1_v0_selected_current_only_v2_current_only_v2_s12/checkpoint/final.torch,,35.946282701891256,0.0,33.654293216562536,39.3,5164.0,0.05164,19,10,33.4755961947469,71.4,0.07139999999999999,0.2,0,nan,nan,nan,nan
starv2_core_100k_SafetyCarGoal1_v0_selected_pointwise_v2_pointwise_v2_s10,results/star_v2_final/core_100k/SafetyCarGoal1-v0/pointwise_v2/starv2_core_100k_SafetyCarGoal1_v0_selected_pointwise_v2_pointwise_v2_s10,core_100k,SafetyCarGoal1-v0,pointwise_v2,10,core_100k,selected_pointwise_v2,star_v2,57543f8eb582dda6e4a1c5e101d0dfbb4faf2f43,100000,100000,True,True,results/star_v2_final/core_100k/SafetyCarGoal1-v0/pointwise_v2/starv2_core_100k_SafetyCarGoal1_v0_selected_pointwise_v2_pointwise_v2_s10/checkpoint/final.torch,,34.332696087064356,152.0,33.63584523405775,45.7,6122.0,0.06122,19,10,33.08607137144942,85.0,0.08499999999999999,0.1,0,nan,nan,nan,nan
starv2_core_100k_SafetyCarGoal1_v0_selected_pointwise_v2_pointwise_v2_s11,results/star_v2_final/core_100k/SafetyCarGoal1-v0/pointwise_v2/starv2_core_100k_SafetyCarGoal1_v0_selected_pointwise_v2_pointwise_v2_s11,core_100k,SafetyCarGoal1-v0,pointwise_v2,11,core_100k,selected_pointwise_v2,star_v2,57543f8eb582dda6e4a1c5e101d0dfbb4faf2f43,100000,100000,True,True,results/star_v2_final/core_100k/SafetyCarGoal1-v0/pointwise_v2/starv2_core_100k_SafetyCarGoal1_v0_selected_pointwise_v2_pointwise_v2_s11/checkpoint/final.torch,,33.01158207002565,46.0,34.45755702632484,55.0,5813.0,0.05813,19,10,34.43249385139021,63.8,0.06380000000000001,0.2,0,nan,nan,nan,nan
starv2_core_100k_SafetyCarGoal1_v0_selected_pointwise_v2_pointwise_v2_s12,results/star_v2_final/core_100k/SafetyCarGoal1-v0/pointwise_v2/starv2_core_100k_SafetyCarGoal1_v0_selected_pointwise_v2_pointwise_v2_s12,core_100k,SafetyCarGoal1-v0,pointwise_v2,12,core_100k,selected_pointwise_v2,star_v2,57543f8eb582dda6e4a1c5e101d0dfbb4faf2f43,100000,100000,True,True,results/star_v2_final/core_100k/SafetyCarGoal1-v0/pointwise_v2/starv2_core_100k_SafetyCarGoal1_v0_selected_pointwise_v2_pointwise_v2_s12/checkpoint/final.torch,,32.803598004064014,130.0,31.931174423391372,86.1,6460.0,0.0646,19,10,33.21527656607979,89.6,0.08959999999999999,0.1,0,nan,nan,nan,nan
starv2_core_100k_SafetyCarGoal1_v0_selected_sac_lag_sac_lag_s10,results/star_v2_final/core_100k/SafetyCarGoal1-v0/sac_lag/starv2_core_100k_SafetyCarGoal1_v0_selected_sac_lag_sac_lag_s10,core_100k,SafetyCarGoal1-v0,sac_lag,10,core_100k,selected_sac_lag,star_v2,57543f8eb582dda6e4a1c5e101d0dfbb4faf2f43,100000,100000,True,True,results/star_v2_final/core_100k/SafetyCarGoal1-v0/sac_lag/starv2_core_100k_SafetyCarGoal1_v0_selected_sac_lag_sac_lag_s10/checkpoint/final.torch,,22.038034495105347,0.0,29.757644996038795,45.2,5385.0,0.05385,19,10,29.992269109697894,64.6,0.0646,0.2,0,nan,nan,nan,nan
starv2_core_100k_SafetyCarGoal1_v0_selected_sac_lag_sac_lag_s11,results/star_v2_final/core_100k/SafetyCarGoal1-v0/sac_lag/starv2_core_100k_SafetyCarGoal1_v0_selected_sac_lag_sac_lag_s11,core_100k,SafetyCarGoal1-v0,sac_lag,11,core_100k,selected_sac_lag,star_v2,57543f8eb582dda6e4a1c5e101d0dfbb4faf2f43,100000,100000,True,True,results/star_v2_final/core_100k/SafetyCarGoal1-v0/sac_lag/starv2_core_100k_SafetyCarGoal1_v0_selected_sac_lag_sac_lag_s11/checkpoint/final.torch,,31.531991992944786,43.0,32.67421806461191,49.8,6169.0,0.06169,19,10,31.393550827524336,73.2,0.07320000000000002,0.3,0,nan,nan,nan,nan
starv2_core_100k_SafetyCarGoal1_v0_selected_sac_lag_sac_lag_s12,results/star_v2_final/core_100k/SafetyCarGoal1-v0/sac_lag/starv2_core_100k_SafetyCarGoal1_v0_selected_sac_lag_sac_lag_s12,core_100k,SafetyCarGoal1-v0,sac_lag,12,core_100k,selected_sac_lag,star_v2,57543f8eb582dda6e4a1c5e101d0dfbb4faf2f43,100000,100000,True,True,results/star_v2_final/core_100k/SafetyCarGoal1-v0/sac_lag/starv2_core_100k_SafetyCarGoal1_v0_selected_sac_lag_sac_lag_s12/checkpoint/final.torch,,31.38161660058372,88.0,32.02236612615782,84.1,6198.0,0.06198,19,10,30.501998008500493,69.8,0.0698,0.1,0,nan,nan,nan,nan
starv2_core_100k_SafetyCarGoal1_v0_selected_star_v2_star_v2_s10,results/star_v2_final/core_100k/SafetyCarGoal1-v0/star_v2/starv2_core_100k_SafetyCarGoal1_v0_selected_star_v2_star_v2_s10,core_100k,SafetyCarGoal1-v0,star_v2,10,core_100k,selected_star_v2,star_v2,57543f8eb582dda6e4a1c5e101d0dfbb4faf2f43,100000,100000,True,True,results/star_v2_final/core_100k/SafetyCarGoal1-v0/star_v2/starv2_core_100k_SafetyCarGoal1_v0_selected_star_v2_star_v2_s10/checkpoint/final.torch,,27.396331457534465,88.0,31.748474439809087,90.1,6293.0,0.06293,19,10,32.81817607688657,55.7,0.055700000000000006,0.4,0,nan,nan,nan,nan
starv2_core_100k_SafetyCarGoal1_v0_selected_star_v2_star_v2_s11,results/star_v2_final/core_100k/SafetyCarGoal1-v0/star_v2/starv2_core_100k_SafetyCarGoal1_v0_selected_star_v2_star_v2_s11,core_100k,SafetyCarGoal1-v0,star_v2,11,core_100k,selected_star_v2,star_v2,57543f8eb582dda6e4a1c5e101d0dfbb4faf2f43,100000,100000,True,True,results/star_v2_final/core_100k/SafetyCarGoal1-v0/star_v2/starv2_core_100k_SafetyCarGoal1_v0_selected_star_v2_star_v2_s11/checkpoint/final.torch,,36.973140573817886,58.0,33.91075857102728,69.7,6829.0,0.06829,19,10,33.11334409174972,67.7,0.06770000000000001,0.2,0,nan,nan,nan,nan
starv2_core_100k_SafetyCarGoal1_v0_selected_star_v2_star_v2_s12,results/star_v2_final/core_100k/SafetyCarGoal1-v0/star_v2/starv2_core_100k_SafetyCarGoal1_v0_selected_star_v2_star_v2_s12,core_100k,SafetyCarGoal1-v0,star_v2,12,core_100k,selected_star_v2,star_v2,57543f8eb582dda6e4a1c5e101d0dfbb4faf2f43,100000,100000,True,True,results/star_v2_final/core_100k/SafetyCarGoal1-v0/star_v2/starv2_core_100k_SafetyCarGoal1_v0_selected_star_v2_star_v2_s12/checkpoint/final.torch,,33.549161500009035,3.0,32.92906114844614,53.9,6126.0,0.06126,19,10,32.83473822537477,61.7,0.06169999999999999,0.1,0,nan,nan,nan,nan
starv2_core_100k_SafetyPointButton1_v0_selected_current_only_v2_current_only_v2_s10,results/star_v2_final/core_100k/SafetyPointButton1-v0/current_only_v2/starv2_core_100k_SafetyPointButton1_v0_selected_current_only_v2_current_only_v2_s10,core_100k,SafetyPointButton1-v0,current_only_v2,10,core_100k,selected_current_only_v2,star_v2,57543f8eb582dda6e4a1c5e101d0dfbb4faf2f43,100000,100000,True,True,results/star_v2_final/core_100k/SafetyPointButton1-v0/current_only_v2/starv2_core_100k_SafetyPointButton1_v0_selected_current_only_v2_current_only_v2_s10/checkpoint/final.torch,,30.714376829940587,95.0,24.331224808935282,153.8,13129.0,0.13129,19,10,24.85754064647818,155.0,0.15500000000000003,0.0,0,nan,nan,nan,nan
starv2_core_100k_SafetyPointButton1_v0_selected_current_only_v2_current_only_v2_s11,results/star_v2_final/core_100k/SafetyPointButton1-v0/current_only_v2/starv2_core_100k_SafetyPointButton1_v0_selected_current_only_v2_current_only_v2_s11,core_100k,SafetyPointButton1-v0,current_only_v2,11,core_100k,selected_current_only_v2,star_v2,57543f8eb582dda6e4a1c5e101d0dfbb4faf2f43,100000,100000,True,True,results/star_v2_final/core_100k/SafetyPointButton1-v0/current_only_v2/starv2_core_100k_SafetyPointButton1_v0_selected_current_only_v2_current_only_v2_s11/checkpoint/final.torch,,19.340408404847327,144.0,17.413699544335344,180.5,14271.0,0.14271,19,10,23.115269800627697,134.7,0.1347,0.0,0,nan,nan,nan,nan
starv2_core_100k_SafetyPointButton1_v0_selected_current_only_v2_current_only_v2_s12,results/star_v2_final/core_100k/SafetyPointButton1-v0/current_only_v2/starv2_core_100k_SafetyPointButton1_v0_selected_current_only_v2_current_only_v2_s12,core_100k,SafetyPointButton1-v0,current_only_v2,12,core_100k,selected_current_only_v2,star_v2,57543f8eb582dda6e4a1c5e101d0dfbb4faf2f43,100000,100000,True,True,results/star_v2_final/core_100k/SafetyPointButton1-v0/current_only_v2/starv2_core_100k_SafetyPointButton1_v0_selected_current_only_v2_current_only_v2_s12/checkpoint/final.torch,,19.782461474867866,94.0,23.105955534317207,186.5,12782.0,0.12782,19,10,20.991169301731713,108.9,0.1089,0.2,0,nan,nan,nan,nan
starv2_core_100k_SafetyPointButton1_v0_selected_pointwise_v2_pointwise_v2_s10,results/star_v2_final/core_100k/SafetyPointButton1-v0/pointwise_v2/starv2_core_100k_SafetyPointButton1_v0_selected_pointwise_v2_pointwise_v2_s10,core_100k,SafetyPointButton1-v0,pointwise_v2,10,core_100k,selected_pointwise_v2,star_v2,57543f8eb582dda6e4a1c5e101d0dfbb4faf2f43,100000,100000,True,True,results/star_v2_final/core_100k/SafetyPointButton1-v0/pointwise_v2/starv2_core_100k_SafetyPointButton1_v0_selected_pointwise_v2_pointwise_v2_s10/checkpoint/final.torch,,9.66046450996064,253.0,21.87740268342642,144.8,12987.0,0.12987,19,10,21.877293037156793,170.1,0.17010000000000003,0.0,0,nan,nan,nan,nan
starv2_core_100k_SafetyPointButton1_v0_selected_pointwise_v2_pointwise_v2_s11,results/star_v2_final/core_100k/SafetyPointButton1-v0/pointwise_v2/starv2_core_100k_SafetyPointButton1_v0_selected_pointwise_v2_pointwise_v2_s11,core_100k,SafetyPointButton1-v0,pointwise_v2,11,core_100k,selected_pointwise_v2,star_v2,57543f8eb582dda6e4a1c5e101d0dfbb4faf2f43,100000,100000,True,True,results/star_v2_final/core_100k/SafetyPointButton1-v0/pointwise_v2/starv2_core_100k_SafetyPointButton1_v0_selected_pointwise_v2_pointwise_v2_s11/checkpoint/final.torch,,19.383891901008397,312.0,19.54109767184126,132.6,10449.0,0.10449,19,10,16.87801064442285,125.4,0.1254,0.2,0,nan,nan,nan,nan
starv2_core_100k_SafetyPointButton1_v0_selected_pointwise_v2_pointwise_v2_s12,results/star_v2_final/core_100k/SafetyPointButton1-v0/pointwise_v2/starv2_core_100k_SafetyPointButton1_v0_selected_pointwise_v2_pointwise_v2_s12,core_100k,SafetyPointButton1-v0,pointwise_v2,12,core_100k,selected_pointwise_v2,star_v2,57543f8eb582dda6e4a1c5e101d0dfbb4faf2f43,100000,100000,True,True,results/star_v2_final/core_100k/SafetyPointButton1-v0/pointwise_v2/starv2_core_100k_SafetyPointButton1_v0_selected_pointwise_v2_pointwise_v2_s12/checkpoint/final.torch,,9.282556561392049,51.0,20.84790547800158,142.5,12512.0,0.12512,19,10,23.88109987717972,131.5,0.13149999999999998,0.1,0,nan,nan,nan,nan
starv2_core_100k_SafetyPointButton1_v0_selected_sac_lag_sac_lag_s10,results/star_v2_final/core_100k/SafetyPointButton1-v0/sac_lag/starv2_core_100k_SafetyPointButton1_v0_selected_sac_lag_sac_lag_s10,core_100k,SafetyPointButton1-v0,sac_lag,10,core_100k,selected_sac_lag,star_v2,57543f8eb582dda6e4a1c5e101d0dfbb4faf2f43,100000,100000,True,True,results/star_v2_final/core_100k/SafetyPointButton1-v0/sac_lag/starv2_core_100k_SafetyPointButton1_v0_selected_sac_lag_sac_lag_s10/checkpoint/final.torch,,17.82370317087326,89.0,18.93163032291141,143.7,11830.0,0.1183,19,10,16.08949240347553,130.4,0.1304,0.0,0,nan,nan,nan,nan
starv2_core_100k_SafetyPointButton1_v0_selected_sac_lag_sac_lag_s11,results/star_v2_final/core_100k/SafetyPointButton1-v0/sac_lag/starv2_core_100k_SafetyPointButton1_v0_selected_sac_lag_sac_lag_s11,core_100k,SafetyPointButton1-v0,sac_lag,11,core_100k,selected_sac_lag,star_v2,57543f8eb582dda6e4a1c5e101d0dfbb4faf2f43,100000,100000,True,True,results/star_v2_final/core_100k/SafetyPointButton1-v0/sac_lag/starv2_core_100k_SafetyPointButton1_v0_selected_sac_lag_sac_lag_s11/checkpoint/final.torch,,4.567738317945009,150.0,7.538445266739503,135.3,12547.0,0.12547,19,10,8.411768009872926,144.3,0.1443,0.1,0,nan,nan,nan,nan
starv2_core_100k_SafetyPointButton1_v0_selected_sac_lag_sac_lag_s12,results/star_v2_final/core_100k/SafetyPointButton1-v0/sac_lag/starv2_core_100k_SafetyPointButton1_v0_selected_sac_lag_sac_lag_s12,core_100k,SafetyPointButton1-v0,sac_lag,12,core_100k,selected_sac_lag,star_v2,57543f8eb582dda6e4a1c5e101d0dfbb4faf2f43,100000,100000,True,True,results/star_v2_final/core_100k/SafetyPointButton1-v0/sac_lag/starv2_core_100k_SafetyPointButton1_v0_selected_sac_lag_sac_lag_s12/checkpoint/final.torch,,23.348308676220572,178.0,20.782753844430474,121.0,12681.0,0.12681,19,10,14.31640346332848,209.4,0.20940000000000003,0.0,0,nan,nan,nan,nan
starv2_core_100k_SafetyPointButton1_v0_selected_star_v2_star_v2_s10,results/star_v2_final/core_100k/SafetyPointButton1-v0/star_v2/starv2_core_100k_SafetyPointButton1_v0_selected_star_v2_star_v2_s10,core_100k,SafetyPointButton1-v0,star_v2,10,core_100k,selected_star_v2,star_v2,57543f8eb582dda6e4a1c5e101d0dfbb4faf2f43,100000,100000,True,True,results/star_v2_final/core_100k/SafetyPointButton1-v0/star_v2/starv2_core_100k_SafetyPointButton1_v0_selected_star_v2_star_v2_s10/checkpoint/final.torch,,12.70469304852216,100.0,13.509344344968852,105.4,12201.0,0.12201,19,10,9.524309376854124,106.2,0.1062,0.3,0,nan,nan,nan,nan
starv2_core_100k_SafetyPointButton1_v0_selected_star_v2_star_v2_s11,results/star_v2_final/core_100k/SafetyPointButton1-v0/star_v2/starv2_core_100k_SafetyPointButton1_v0_selected_star_v2_star_v2_s11,core_100k,SafetyPointButton1-v0,star_v2,11,core_100k,selected_star_v2,star_v2,57543f8eb582dda6e4a1c5e101d0dfbb4faf2f43,100000,100000,True,True,results/star_v2_final/core_100k/SafetyPointButton1-v0/star_v2/starv2_core_100k_SafetyPointButton1_v0_selected_star_v2_star_v2_s11/checkpoint/final.torch,,24.63603394276014,154.0,21.253132898340123,150.2,13656.0,0.13656,19,10,19.29786366352626,142.4,0.1424,0.0,0,nan,nan,nan,nan
starv2_core_100k_SafetyPointButton1_v0_selected_star_v2_star_v2_s12,results/star_v2_final/core_100k/SafetyPointButton1-v0/star_v2/starv2_core_100k_SafetyPointButton1_v0_selected_star_v2_star_v2_s12,core_100k,SafetyPointButton1-v0,star_v2,12,core_100k,selected_star_v2,star_v2,57543f8eb582dda6e4a1c5e101d0dfbb4faf2f43,100000,100000,True,True,results/star_v2_final/core_100k/SafetyPointButton1-v0/star_v2/starv2_core_100k_SafetyPointButton1_v0_selected_star_v2_star_v2_s12/checkpoint/final.torch,,6.30591734804696,569.0,21.33283479507545,155.7,14283.0,0.14283,19,10,22.140392460436534,118.6,0.1186,0.3,0,nan,nan,nan,nan
starv2_core_100k_SafetyPointGoal1_v0_selected_current_only_v2_current_only_v2_s10,results/star_v2_final/core_100k/SafetyPointGoal1-v0/current_only_v2/starv2_core_100k_SafetyPointGoal1_v0_selected_current_only_v2_current_only_v2_s10,core_100k,SafetyPointGoal1-v0,current_only_v2,10,core_100k,selected_current_only_v2,star_v2,57543f8eb582dda6e4a1c5e101d0dfbb4faf2f43,100000,100000,True,True,results/star_v2_final/core_100k/SafetyPointGoal1-v0/current_only_v2/starv2_core_100k_SafetyPointGoal1_v0_selected_current_only_v2_current_only_v2_s10/checkpoint/final.torch,,26.599577644228518,75.0,25.274320946701305,46.5,7283.0,0.07283,19,10,25.25228972236661,58.5,0.058499999999999996,0.2,0,nan,nan,nan,nan
starv2_core_100k_SafetyPointGoal1_v0_selected_current_only_v2_current_only_v2_s11,results/star_v2_final/core_100k/SafetyPointGoal1-v0/current_only_v2/starv2_core_100k_SafetyPointGoal1_v0_selected_current_only_v2_current_only_v2_s11,core_100k,SafetyPointGoal1-v0,current_only_v2,11,core_100k,selected_current_only_v2,star_v2,57543f8eb582dda6e4a1c5e101d0dfbb4faf2f43,100000,100000,True,True,results/star_v2_final/core_100k/SafetyPointGoal1-v0/current_only_v2/starv2_core_100k_SafetyPointGoal1_v0_selected_current_only_v2_current_only_v2_s11/checkpoint/final.torch,,25.44006210106319,71.0,25.45430918535872,80.9,6679.0,0.06679,19,10,25.683090220621004,44.1,0.04410000000000001,0.2,0,nan,nan,nan,nan
starv2_core_100k_SafetyPointGoal1_v0_selected_current_only_v2_current_only_v2_s12,results/star_v2_final/core_100k/SafetyPointGoal1-v0/current_only_v2/starv2_core_100k_SafetyPointGoal1_v0_selected_current_only_v2_current_only_v2_s12,core_100k,SafetyPointGoal1-v0,current_only_v2,12,core_100k,selected_current_only_v2,star_v2,57543f8eb582dda6e4a1c5e101d0dfbb4faf2f43,100000,100000,True,True,results/star_v2_final/core_100k/SafetyPointGoal1-v0/current_only_v2/starv2_core_100k_SafetyPointGoal1_v0_selected_current_only_v2_current_only_v2_s12/checkpoint/final.torch,,24.897191042710304,30.0,25.72519381015178,42.1,6543.0,0.06543,19,10,26.293861074817574,44.8,0.04479999999999999,0.2,0,nan,nan,nan,nan
starv2_core_100k_SafetyPointGoal1_v0_selected_pointwise_v2_pointwise_v2_s10,results/star_v2_final/core_100k/SafetyPointGoal1-v0/pointwise_v2/starv2_core_100k_SafetyPointGoal1_v0_selected_pointwise_v2_pointwise_v2_s10,core_100k,SafetyPointGoal1-v0,pointwise_v2,10,core_100k,selected_pointwise_v2,star_v2,57543f8eb582dda6e4a1c5e101d0dfbb4faf2f43,100000,100000,True,True,results/star_v2_final/core_100k/SafetyPointGoal1-v0/pointwise_v2/starv2_core_100k_SafetyPointGoal1_v0_selected_pointwise_v2_pointwise_v2_s10/checkpoint/final.torch,,27.56947876361262,38.0,24.94956520951307,56.8,8623.0,0.08623,19,10,24.360247267884606,35.7,0.035699999999999996,0.5,0,nan,nan,nan,nan
starv2_core_100k_SafetyPointGoal1_v0_selected_pointwise_v2_pointwise_v2_s11,results/star_v2_final/core_100k/SafetyPointGoal1-v0/pointwise_v2/starv2_core_100k_SafetyPointGoal1_v0_selected_pointwise_v2_pointwise_v2_s11,core_100k,SafetyPointGoal1-v0,pointwise_v2,11,core_100k,selected_pointwise_v2,star_v2,57543f8eb582dda6e4a1c5e101d0dfbb4faf2f43,100000,100000,True,True,results/star_v2_final/core_100k/SafetyPointGoal1-v0/pointwise_v2/starv2_core_100k_SafetyPointGoal1_v0_selected_pointwise_v2_pointwise_v2_s11/checkpoint/final.torch,,26.07166905353122,23.0,25.958439811522062,43.3,6464.0,0.06464,19,10,26.487397663574278,58.8,0.0588,0.3,0,nan,nan,nan,nan
starv2_core_100k_SafetyPointGoal1_v0_selected_pointwise_v2_pointwise_v2_s12,results/star_v2_final/core_100k/SafetyPointGoal1-v0/pointwise_v2/starv2_core_100k_SafetyPointGoal1_v0_selected_pointwise_v2_pointwise_v2_s12,core_100k,SafetyPointGoal1-v0,pointwise_v2,12,core_100k,selected_pointwise_v2,star_v2,57543f8eb582dda6e4a1c5e101d0dfbb4faf2f43,100000,100000,True,True,results/star_v2_final/core_100k/SafetyPointGoal1-v0/pointwise_v2/starv2_core_100k_SafetyPointGoal1_v0_selected_pointwise_v2_pointwise_v2_s12/checkpoint/final.torch,,28.427995051385842,31.0,26.427948066536647,47.3,6671.0,0.06671,19,10,26.199901361672538,58.7,0.05870000000000001,0.3,0,nan,nan,nan,nan
starv2_core_100k_SafetyPointGoal1_v0_selected_sac_lag_sac_lag_s10,results/star_v2_final/core_100k/SafetyPointGoal1-v0/sac_lag/starv2_core_100k_SafetyPointGoal1_v0_selected_sac_lag_sac_lag_s10,core_100k,SafetyPointGoal1-v0,sac_lag,10,core_100k,selected_sac_lag,star_v2,57543f8eb582dda6e4a1c5e101d0dfbb4faf2f43,100000,100000,True,True,results/star_v2_final/core_100k/SafetyPointGoal1-v0/sac_lag/starv2_core_100k_SafetyPointGoal1_v0_selected_sac_lag_sac_lag_s10/checkpoint/final.torch,,26.531871086264072,54.0,25.505431928693117,54.3,6673.0,0.06673,19,10,26.41280963781917,52.4,0.05239999999999999,0.2,0,nan,nan,nan,nan
starv2_core_100k_SafetyPointGoal1_v0_selected_sac_lag_sac_lag_s11,results/star_v2_final/core_100k/SafetyPointGoal1-v0/sac_lag/starv2_core_100k_SafetyPointGoal1_v0_selected_sac_lag_sac_lag_s11,core_100k,SafetyPointGoal1-v0,sac_lag,11,core_100k,selected_sac_lag,star_v2,57543f8eb582dda6e4a1c5e101d0dfbb4faf2f43,100000,100000,True,True,results/star_v2_final/core_100k/SafetyPointGoal1-v0/sac_lag/starv2_core_100k_SafetyPointGoal1_v0_selected_sac_lag_sac_lag_s11/checkpoint/final.torch,,25.315663361803043,59.0,25.249415807613463,54.9,6023.0,0.06023,19,10,25.767110238723156,55.5,0.05550000000000001,0.2,0,nan,nan,nan,nan
starv2_core_100k_SafetyPointGoal1_v0_selected_sac_lag_sac_lag_s12,results/star_v2_final/core_100k/SafetyPointGoal1-v0/sac_lag/starv2_core_100k_SafetyPointGoal1_v0_selected_sac_lag_sac_lag_s12,core_100k,SafetyPointGoal1-v0,sac_lag,12,core_100k,selected_sac_lag,star_v2,57543f8eb582dda6e4a1c5e101d0dfbb4faf2f43,100000,100000,True,True,results/star_v2_final/core_100k/SafetyPointGoal1-v0/sac_lag/starv2_core_100k_SafetyPointGoal1_v0_selected_sac_lag_sac_lag_s12/checkpoint/final.torch,,23.102546945315158,65.0,25.18075638007986,49.1,5606.0,0.05606,19,10,25.93578502621756,38.7,0.038700000000000005,0.3,0,nan,nan,nan,nan
starv2_core_100k_SafetyPointGoal1_v0_selected_star_v2_star_v2_s10,results/star_v2_final/core_100k/SafetyPointGoal1-v0/star_v2/starv2_core_100k_SafetyPointGoal1_v0_selected_star_v2_star_v2_s10,core_100k,SafetyPointGoal1-v0,star_v2,10,core_100k,selected_star_v2,star_v2,57543f8eb582dda6e4a1c5e101d0dfbb4faf2f43,100000,100000,True,True,results/star_v2_final/core_100k/SafetyPointGoal1-v0/star_v2/starv2_core_100k_SafetyPointGoal1_v0_selected_star_v2_star_v2_s10/checkpoint/final.torch,,26.29374399307725,13.0,26.5555723097804,63.8,6926.0,0.06926,19,10,26.72256899953438,53.7,0.053700000000000005,0.2,0,nan,nan,nan,nan
starv2_core_100k_SafetyPointGoal1_v0_selected_star_v2_star_v2_s11,results/star_v2_final/core_100k/SafetyPointGoal1-v0/star_v2/starv2_core_100k_SafetyPointGoal1_v0_selected_star_v2_star_v2_s11,core_100k,SafetyPointGoal1-v0,star_v2,11,core_100k,selected_star_v2,star_v2,57543f8eb582dda6e4a1c5e101d0dfbb4faf2f43,100000,100000,True,True,results/star_v2_final/core_100k/SafetyPointGoal1-v0/star_v2/starv2_core_100k_SafetyPointGoal1_v0_selected_star_v2_star_v2_s11/checkpoint/final.torch,,26.335927530442287,0.0,25.869024032514186,56.3,6470.0,0.0647,19,10,27.483756641212096,33.9,0.0339,0.4,0,nan,nan,nan,nan
starv2_core_100k_SafetyPointGoal1_v0_selected_star_v2_star_v2_s12,results/star_v2_final/core_100k/SafetyPointGoal1-v0/star_v2/starv2_core_100k_SafetyPointGoal1_v0_selected_star_v2_star_v2_s12,core_100k,SafetyPointGoal1-v0,star_v2,12,core_100k,selected_star_v2,star_v2,57543f8eb582dda6e4a1c5e101d0dfbb4faf2f43,100000,100000,True,True,results/star_v2_final/core_100k/SafetyPointGoal1-v0/star_v2/starv2_core_100k_SafetyPointGoal1_v0_selected_star_v2_star_v2_s12/checkpoint/final.torch,,26.11720265647515,47.0,25.53120538375265,53.0,7068.0,0.07068,19,10,26.438270379820665,41.1,0.0411,0.3,0,nan,nan,nan,nan
