task,method,seed,steps,training_steps_per_sec,updates_per_sec,update_ms_per_env_step,actor_update_ms,critic_update_ms,cost_critic_calls_per_env_step,cost_critic_forward_calls,mechanism_rows,source_file
SafetyCarButton1-v0,current_only_v2,10,300000.0,28.012717875441112,27.54583924418376,29.718248422195515,nan,nan,5034.668633333334,1510400590.0,40,results/star_v2_final/resume_300k/SafetyCarButton1-v0/current_only_v2/starv2_core_100k_SafetyCarButton1_v0_selected_current_only_v2_current_only_v2_s10/efficiency.csv
SafetyCarButton1-v0,current_only_v2,11,300000.0,28.03043049083838,27.56325664932441,29.49980833981186,nan,nan,5034.668633333334,1510400590.0,40,results/star_v2_final/resume_300k/SafetyCarButton1-v0/current_only_v2/starv2_core_100k_SafetyCarButton1_v0_selected_current_only_v2_current_only_v2_s11/efficiency.csv
SafetyCarButton1-v0,current_only_v2,12,300000.0,28.797507777511477,28.317549314552952,28.898084588671725,nan,nan,5034.668633333334,1510400590.0,40,results/star_v2_final/resume_300k/SafetyCarButton1-v0/current_only_v2/starv2_core_100k_SafetyCarButton1_v0_selected_current_only_v2_current_only_v2_s12/efficiency.csv
SafetyCarButton1-v0,current_only_v2,13,300000.0,19.29830580883906,18.976667378691744,42.48061706898113,nan,nan,5034.668633333334,1510400590.0,59,results/star_v2_final/resume_300k/SafetyCarButton1-v0/current_only_v2/starv2_resume_300k_SafetyCarButton1_v0_selected_current_only_v2_current_only_v2_s13/efficiency.csv
SafetyCarButton1-v0,current_only_v2,14,300000.0,19.279725330479394,18.958396574971403,42.584640374879044,nan,nan,5034.668633333334,1510400590.0,59,results/star_v2_final/resume_300k/SafetyCarButton1-v0/current_only_v2/starv2_resume_300k_SafetyCarButton1_v0_selected_current_only_v2_current_only_v2_s14/efficiency.csv
SafetyCarButton1-v0,pointwise_v2,10,300000.0,33.42195502688127,32.864922443099914,23.914133792469897,nan,nan,755.2019666666666,226560590.0,40,results/star_v2_final/resume_300k/SafetyCarButton1-v0/pointwise_v2/starv2_core_100k_SafetyCarButton1_v0_selected_pointwise_v2_pointwise_v2_s10/efficiency.csv
SafetyCarButton1-v0,pointwise_v2,11,300000.0,31.853547097116152,31.32265464549755,25.257656596737604,nan,nan,755.2019666666666,226560590.0,40,results/star_v2_final/resume_300k/SafetyCarButton1-v0/pointwise_v2/starv2_core_100k_SafetyCarButton1_v0_selected_pointwise_v2_pointwise_v2_s11/efficiency.csv
SafetyCarButton1-v0,pointwise_v2,12,300000.0,33.59594621042646,33.03601377358602,23.79917141618828,nan,nan,755.2019666666666,226560590.0,40,results/star_v2_final/resume_300k/SafetyCarButton1-v0/pointwise_v2/starv2_core_100k_SafetyCarButton1_v0_selected_pointwise_v2_pointwise_v2_s12/efficiency.csv
SafetyCarButton1-v0,pointwise_v2,13,300000.0,23.093297616575583,22.708409322965988,34.068657623218996,nan,nan,755.2019666666666,226560590.0,59,results/star_v2_final/resume_300k/SafetyCarButton1-v0/pointwise_v2/starv2_resume_300k_SafetyCarButton1_v0_selected_pointwise_v2_pointwise_v2_s13/efficiency.csv
SafetyCarButton1-v0,pointwise_v2,14,300000.0,23.26910157066111,22.881283211150095,33.79395809957137,nan,nan,755.2019666666666,226560590.0,59,results/star_v2_final/resume_300k/SafetyCarButton1-v0/pointwise_v2/starv2_resume_300k_SafetyCarButton1_v0_selected_pointwise_v2_pointwise_v2_s14/efficiency.csv
SafetyCarButton1-v0,sac_lag,10,300000.0,34.99051183143207,34.40733663424154,22.710763971271614,nan,nan,755.2019666666666,226560590.0,40,results/star_v2_final/resume_300k/SafetyCarButton1-v0/sac_lag/starv2_core_100k_SafetyCarButton1_v0_selected_sac_lag_sac_lag_s10/efficiency.csv
SafetyCarButton1-v0,sac_lag,11,300000.0,34.18491651335473,33.61516790479882,23.350280367073914,nan,nan,755.2019666666666,226560590.0,40,results/star_v2_final/resume_300k/SafetyCarButton1-v0/sac_lag/starv2_core_100k_SafetyCarButton1_v0_selected_sac_lag_sac_lag_s11/efficiency.csv
SafetyCarButton1-v0,sac_lag,12,300000.0,36.58407794516423,35.97434331274483,21.679866241601605,nan,nan,755.2019666666666,226560590.0,40,results/star_v2_final/resume_300k/SafetyCarButton1-v0/sac_lag/starv2_core_100k_SafetyCarButton1_v0_selected_sac_lag_sac_lag_s12/efficiency.csv
SafetyCarButton1-v0,sac_lag,13,300000.0,24.360947962152594,23.954932162783383,31.920277054036656,nan,nan,755.2019666666666,226560590.0,59,results/star_v2_final/resume_300k/SafetyCarButton1-v0/sac_lag/starv2_resume_300k_SafetyCarButton1_v0_selected_sac_lag_sac_lag_s13/efficiency.csv
SafetyCarButton1-v0,sac_lag,14,300000.0,24.143550386217832,23.741157879780868,32.30620881871631,nan,nan,755.2019666666666,226560590.0,59,results/star_v2_final/resume_300k/SafetyCarButton1-v0/sac_lag/starv2_resume_300k_SafetyCarButton1_v0_selected_sac_lag_sac_lag_s14/efficiency.csv
SafetyCarButton1-v0,star_v2,10,300000.0,27.439504797462565,26.982179717504856,30.319712027311326,nan,nan,5034.668633333334,1510400590.0,40,results/star_v2_final/resume_300k/SafetyCarButton1-v0/star_v2/starv2_core_100k_SafetyCarButton1_v0_selected_star_v2_star_v2_s10/efficiency.csv
SafetyCarButton1-v0,star_v2,11,300000.0,27.747537852616734,27.285078888406453,29.940223930900295,nan,nan,5034.668633333334,1510400590.0,40,results/star_v2_final/resume_300k/SafetyCarButton1-v0/star_v2/starv2_core_100k_SafetyCarButton1_v0_selected_star_v2_star_v2_s11/efficiency.csv
SafetyCarButton1-v0,star_v2,12,300000.0,28.080601635105054,27.612591607853304,29.708251335384944,nan,nan,5034.668633333334,1510400590.0,40,results/star_v2_final/resume_300k/SafetyCarButton1-v0/star_v2/starv2_core_100k_SafetyCarButton1_v0_selected_star_v2_star_v2_s12/efficiency.csv
SafetyCarButton1-v0,star_v2,13,300000.0,19.93921100298088,19.606890819597865,40.810952350509666,nan,nan,5034.668633333334,1510400590.0,59,results/star_v2_final/resume_300k/SafetyCarButton1-v0/star_v2/starv2_resume_300k_SafetyCarButton1_v0_selected_star_v2_star_v2_s13/efficiency.csv
SafetyCarButton1-v0,star_v2,14,300000.0,20.22967153729861,19.8925103450103,40.349451648406685,nan,nan,5034.668633333334,1510400590.0,59,results/star_v2_final/resume_300k/SafetyCarButton1-v0/star_v2/starv2_resume_300k_SafetyCarButton1_v0_selected_star_v2_star_v2_s14/efficiency.csv
SafetyCarGoal1-v0,current_only_v2,10,300000.0,28.331503600796065,27.85931187411613,30.539011331709723,nan,nan,5034.668633333334,1510400590.0,40,results/star_v2_final/resume_300k/SafetyCarGoal1-v0/current_only_v2/starv2_core_100k_SafetyCarGoal1_v0_selected_current_only_v2_current_only_v2_s10/efficiency.csv
SafetyCarGoal1-v0,current_only_v2,11,300000.0,29.3278535145043,28.83905595592923,29.362703754007818,nan,nan,5034.668633333334,1510400590.0,40,results/star_v2_final/resume_300k/SafetyCarGoal1-v0/current_only_v2/starv2_core_100k_SafetyCarGoal1_v0_selected_current_only_v2_current_only_v2_s11/efficiency.csv
SafetyCarGoal1-v0,current_only_v2,12,300000.0,28.487717352882242,28.01292206366754,30.337919684499504,nan,nan,5034.668633333334,1510400590.0,40,results/star_v2_final/resume_300k/SafetyCarGoal1-v0/current_only_v2/starv2_core_100k_SafetyCarGoal1_v0_selected_current_only_v2_current_only_v2_s12/efficiency.csv
SafetyCarGoal1-v0,current_only_v2,13,300000.0,20.26266729888181,19.924956177233778,42.27930268156032,nan,nan,5034.668633333334,1510400590.0,59,results/star_v2_final/resume_300k/SafetyCarGoal1-v0/current_only_v2/starv2_resume_300k_SafetyCarGoal1_v0_selected_current_only_v2_current_only_v2_s13/efficiency.csv
SafetyCarGoal1-v0,current_only_v2,14,300000.0,19.868261110510204,19.537123425335032,43.12404331247012,nan,nan,5034.668633333334,1510400590.0,59,results/star_v2_final/resume_300k/SafetyCarGoal1-v0/current_only_v2/starv2_resume_300k_SafetyCarGoal1_v0_selected_current_only_v2_current_only_v2_s14/efficiency.csv
SafetyCarGoal1-v0,pointwise_v2,10,300000.0,33.34267234365457,32.786961137926994,25.174708181408544,nan,nan,755.2019666666666,226560590.0,48,results/star_v2_final/resume_300k/SafetyCarGoal1-v0/pointwise_v2/starv2_core_100k_SafetyCarGoal1_v0_selected_pointwise_v2_pointwise_v2_s10/efficiency.csv
SafetyCarGoal1-v0,pointwise_v2,11,300000.0,32.65379890753684,32.10956892574456,25.71638469260186,nan,nan,755.2019666666666,226560590.0,48,results/star_v2_final/resume_300k/SafetyCarGoal1-v0/pointwise_v2/starv2_core_100k_SafetyCarGoal1_v0_selected_pointwise_v2_pointwise_v2_s11/efficiency.csv
SafetyCarGoal1-v0,pointwise_v2,12,300000.0,33.475860759953555,32.917929747287666,25.09066401561101,nan,nan,755.2019666666666,226560590.0,45,results/star_v2_final/resume_300k/SafetyCarGoal1-v0/pointwise_v2/starv2_core_100k_SafetyCarGoal1_v0_selected_pointwise_v2_pointwise_v2_s12/efficiency.csv
SafetyCarGoal1-v0,pointwise_v2,13,300000.0,22.74739350083291,22.368270275819025,36.48526853779952,nan,nan,755.2019666666666,226560590.0,59,results/star_v2_final/resume_300k/SafetyCarGoal1-v0/pointwise_v2/starv2_resume_300k_SafetyCarGoal1_v0_selected_pointwise_v2_pointwise_v2_s13/efficiency.csv
SafetyCarGoal1-v0,pointwise_v2,14,300000.0,22.82502148634867,22.444604461576194,36.368502299574516,nan,nan,755.2019666666666,226560590.0,59,results/star_v2_final/resume_300k/SafetyCarGoal1-v0/pointwise_v2/starv2_resume_300k_SafetyCarGoal1_v0_selected_pointwise_v2_pointwise_v2_s14/efficiency.csv
SafetyCarGoal1-v0,sac_lag,10,300000.0,36.25099673645027,35.64681345750943,22.947548968891304,nan,nan,755.2019666666666,226560590.0,40,results/star_v2_final/resume_300k/SafetyCarGoal1-v0/sac_lag/starv2_core_100k_SafetyCarGoal1_v0_selected_sac_lag_sac_lag_s10/efficiency.csv
SafetyCarGoal1-v0,sac_lag,11,300000.0,35.33278998240394,34.74391014936387,23.554431777211526,nan,nan,755.2019666666666,226560590.0,40,results/star_v2_final/resume_300k/SafetyCarGoal1-v0/sac_lag/starv2_core_100k_SafetyCarGoal1_v0_selected_sac_lag_sac_lag_s11/efficiency.csv
SafetyCarGoal1-v0,sac_lag,12,300000.0,35.63736695860031,35.043410842623636,23.355698590067526,nan,nan,755.2019666666666,226560590.0,40,results/star_v2_final/resume_300k/SafetyCarGoal1-v0/sac_lag/starv2_core_100k_SafetyCarGoal1_v0_selected_sac_lag_sac_lag_s12/efficiency.csv
SafetyCarGoal1-v0,sac_lag,13,300000.0,24.877707741519806,24.463079279161143,33.030587737274665,nan,nan,755.2019666666666,226560590.0,59,results/star_v2_final/resume_300k/SafetyCarGoal1-v0/sac_lag/starv2_resume_300k_SafetyCarGoal1_v0_selected_sac_lag_sac_lag_s13/efficiency.csv
SafetyCarGoal1-v0,sac_lag,14,300000.0,24.906113826677505,24.491011929566213,33.005228878073396,nan,nan,755.2019666666666,226560590.0,59,results/star_v2_final/resume_300k/SafetyCarGoal1-v0/sac_lag/starv2_resume_300k_SafetyCarGoal1_v0_selected_sac_lag_sac_lag_s14/efficiency.csv
SafetyCarGoal1-v0,star_v2,10,300000.0,28.257927754131273,27.786962291562418,30.583423384018243,nan,nan,5034.668633333334,1510400590.0,40,results/star_v2_final/resume_300k/SafetyCarGoal1-v0/star_v2/starv2_core_100k_SafetyCarGoal1_v0_selected_star_v2_star_v2_s10/efficiency.csv
SafetyCarGoal1-v0,star_v2,11,300000.0,29.7992475963096,29.30259346970444,28.878993989651402,nan,nan,5034.668633333334,1510400590.0,40,results/star_v2_final/resume_300k/SafetyCarGoal1-v0/star_v2/starv2_core_100k_SafetyCarGoal1_v0_selected_star_v2_star_v2_s11/efficiency.csv
SafetyCarGoal1-v0,star_v2,12,300000.0,28.80162626729622,28.321599162841284,29.98314853645861,nan,nan,5034.668633333334,1510400590.0,40,results/star_v2_final/resume_300k/SafetyCarGoal1-v0/star_v2/starv2_core_100k_SafetyCarGoal1_v0_selected_star_v2_star_v2_s12/efficiency.csv
SafetyCarGoal1-v0,star_v2,13,300000.0,19.403005288409982,19.079621866936485,44.19102857942382,nan,nan,5034.668633333334,1510400590.0,59,results/star_v2_final/resume_300k/SafetyCarGoal1-v0/star_v2/starv2_resume_300k_SafetyCarGoal1_v0_selected_star_v2_star_v2_s13/efficiency.csv
SafetyCarGoal1-v0,star_v2,14,300000.0,19.986261454031197,19.65315709646401,42.892367200007044,nan,nan,5034.668633333334,1510400590.0,59,results/star_v2_final/resume_300k/SafetyCarGoal1-v0/star_v2/starv2_resume_300k_SafetyCarGoal1_v0_selected_star_v2_star_v2_s14/efficiency.csv
SafetyPointButton1-v0,current_only_v2,10,300000.0,28.863543905375344,28.382484840285755,29.092044347710907,nan,nan,5034.668633333334,1510400590.0,40,results/star_v2_final/resume_300k/SafetyPointButton1-v0/current_only_v2/starv2_core_100k_SafetyPointButton1_v0_selected_current_only_v2_current_only_v2_s10/efficiency.csv
SafetyPointButton1-v0,current_only_v2,11,300000.0,29.260466845898033,28.7727923984664,28.553984037277598,nan,nan,5034.668633333334,1510400590.0,40,results/star_v2_final/resume_300k/SafetyPointButton1-v0/current_only_v2/starv2_core_100k_SafetyPointButton1_v0_selected_current_only_v2_current_only_v2_s11/efficiency.csv
SafetyPointButton1-v0,current_only_v2,12,300000.0,28.071227295403933,27.6033735071472,29.89621189272652,nan,nan,5034.668633333334,1510400590.0,40,results/star_v2_final/resume_300k/SafetyPointButton1-v0/current_only_v2/starv2_core_100k_SafetyPointButton1_v0_selected_current_only_v2_current_only_v2_s12/efficiency.csv
SafetyPointButton1-v0,current_only_v2,13,300000.0,19.309776526361283,18.987946917588594,43.04776218678802,nan,nan,5034.668633333334,1510400590.0,59,results/star_v2_final/resume_300k/SafetyPointButton1-v0/current_only_v2/starv2_resume_300k_SafetyPointButton1_v0_selected_current_only_v2_current_only_v2_s13/efficiency.csv
SafetyPointButton1-v0,current_only_v2,14,300000.0,19.170131633629612,18.850629439735787,43.35805658893039,nan,nan,5034.668633333334,1510400590.0,59,results/star_v2_final/resume_300k/SafetyPointButton1-v0/current_only_v2/starv2_resume_300k_SafetyPointButton1_v0_selected_current_only_v2_current_only_v2_s14/efficiency.csv
SafetyPointButton1-v0,pointwise_v2,10,300000.0,34.277674436886926,33.70637986293881,23.594574217995007,nan,nan,755.2019666666666,226560590.0,40,results/star_v2_final/resume_300k/SafetyPointButton1-v0/pointwise_v2/starv2_core_100k_SafetyPointButton1_v0_selected_pointwise_v2_pointwise_v2_s10/efficiency.csv
SafetyPointButton1-v0,pointwise_v2,11,300000.0,32.21638540832656,31.679445651521117,25.258215052324037,nan,nan,755.2019666666666,226560590.0,40,results/star_v2_final/resume_300k/SafetyPointButton1-v0/pointwise_v2/starv2_core_100k_SafetyPointButton1_v0_selected_pointwise_v2_pointwise_v2_s11/efficiency.csv
SafetyPointButton1-v0,pointwise_v2,12,300000.0,33.29870768112793,32.743729219775794,24.308860100333888,nan,nan,755.2019666666666,226560590.0,40,results/star_v2_final/resume_300k/SafetyPointButton1-v0/pointwise_v2/starv2_core_100k_SafetyPointButton1_v0_selected_pointwise_v2_pointwise_v2_s12/efficiency.csv
SafetyPointButton1-v0,pointwise_v2,13,300000.0,23.07356726140244,22.689007807045734,34.62451665128271,nan,nan,755.2019666666666,226560590.0,59,results/star_v2_final/resume_300k/SafetyPointButton1-v0/pointwise_v2/starv2_resume_300k_SafetyPointButton1_v0_selected_pointwise_v2_pointwise_v2_s13/efficiency.csv
SafetyPointButton1-v0,pointwise_v2,14,300000.0,22.67161304831722,22.293752830845264,35.300431715709465,nan,nan,755.2019666666666,226560590.0,59,results/star_v2_final/resume_300k/SafetyPointButton1-v0/pointwise_v2/starv2_resume_300k_SafetyPointButton1_v0_selected_pointwise_v2_pointwise_v2_s14/efficiency.csv
SafetyPointButton1-v0,sac_lag,10,300000.0,35.215022665273686,34.62810562085246,22.833587872001033,nan,nan,755.2019666666666,226560590.0,40,results/star_v2_final/resume_300k/SafetyPointButton1-v0/sac_lag/starv2_core_100k_SafetyPointButton1_v0_selected_sac_lag_sac_lag_s10/efficiency.csv
SafetyPointButton1-v0,sac_lag,11,300000.0,34.251055543928864,33.68020461819671,23.5659953079621,nan,nan,755.2019666666666,226560590.0,40,results/star_v2_final/resume_300k/SafetyPointButton1-v0/sac_lag/starv2_core_100k_SafetyPointButton1_v0_selected_sac_lag_sac_lag_s11/efficiency.csv
SafetyPointButton1-v0,sac_lag,12,300000.0,35.53229205348264,34.9400871859246,22.5456666570281,nan,nan,755.2019666666666,226560590.0,40,results/star_v2_final/resume_300k/SafetyPointButton1-v0/sac_lag/starv2_core_100k_SafetyPointButton1_v0_selected_sac_lag_sac_lag_s12/efficiency.csv
SafetyPointButton1-v0,sac_lag,13,300000.0,24.28060277189244,23.875926059027567,32.63083993652214,nan,nan,755.2019666666666,226560590.0,59,results/star_v2_final/resume_300k/SafetyPointButton1-v0/sac_lag/starv2_resume_300k_SafetyPointButton1_v0_selected_sac_lag_sac_lag_s13/efficiency.csv
SafetyPointButton1-v0,sac_lag,14,300000.0,24.563771355824237,24.1543751665605,32.26175637222826,nan,nan,755.2019666666666,226560590.0,59,results/star_v2_final/resume_300k/SafetyPointButton1-v0/sac_lag/starv2_resume_300k_SafetyPointButton1_v0_selected_sac_lag_sac_lag_s14/efficiency.csv
SafetyPointButton1-v0,star_v2,10,300000.0,28.321949173924512,27.84991668769244,29.73327855584522,nan,nan,5034.668633333334,1510400590.0,40,results/star_v2_final/resume_300k/SafetyPointButton1-v0/star_v2/starv2_core_100k_SafetyPointButton1_v0_selected_star_v2_star_v2_s10/efficiency.csv
SafetyPointButton1-v0,star_v2,11,300000.0,30.09862971780793,29.596985889177798,27.75398832021902,nan,nan,5034.668633333334,1510400590.0,40,results/star_v2_final/resume_300k/SafetyPointButton1-v0/star_v2/starv2_core_100k_SafetyPointButton1_v0_selected_star_v2_star_v2_s11/efficiency.csv
SafetyPointButton1-v0,star_v2,12,300000.0,27.846848019257692,27.382733885603397,30.192685717257362,nan,nan,5034.668633333334,1510400590.0,40,results/star_v2_final/resume_300k/SafetyPointButton1-v0/star_v2/starv2_core_100k_SafetyPointButton1_v0_selected_star_v2_star_v2_s12/efficiency.csv
SafetyPointButton1-v0,star_v2,13,300000.0,21.001738180089717,20.651709210421554,39.52331290693333,nan,nan,5034.668633333334,1510400590.0,59,results/star_v2_final/resume_300k/SafetyPointButton1-v0/star_v2/starv2_resume_300k_SafetyPointButton1_v0_selected_star_v2_star_v2_s13/efficiency.csv
SafetyPointButton1-v0,star_v2,14,300000.0,19.613675637733046,19.28678104377083,42.42590353693813,nan,nan,5034.668633333334,1510400590.0,59,results/star_v2_final/resume_300k/SafetyPointButton1-v0/star_v2/starv2_resume_300k_SafetyPointButton1_v0_selected_star_v2_star_v2_s14/efficiency.csv
SafetyPointGoal1-v0,current_only_v2,10,300000.0,28.808488757255407,28.328347277967815,30.305836687299113,nan,nan,5034.668633333334,1510400590.0,40,results/star_v2_final/resume_300k/SafetyPointGoal1-v0/current_only_v2/starv2_core_100k_SafetyPointGoal1_v0_selected_current_only_v2_current_only_v2_s10/efficiency.csv
SafetyPointGoal1-v0,current_only_v2,11,300000.0,29.55300324257158,29.060453188528722,29.477854844244817,nan,nan,5034.668633333334,1510400590.0,40,results/star_v2_final/resume_300k/SafetyPointGoal1-v0/current_only_v2/starv2_core_100k_SafetyPointGoal1_v0_selected_current_only_v2_current_only_v2_s11/efficiency.csv
SafetyPointGoal1-v0,current_only_v2,12,300000.0,28.8023680591174,28.322328591465443,30.30259062393258,nan,nan,5034.668633333334,1510400590.0,40,results/star_v2_final/resume_300k/SafetyPointGoal1-v0/current_only_v2/starv2_core_100k_SafetyPointGoal1_v0_selected_current_only_v2_current_only_v2_s12/efficiency.csv
SafetyPointGoal1-v0,current_only_v2,13,300000.0,20.0830520800537,19.74833454538614,43.16213303140054,nan,nan,5034.668633333334,1510400590.0,59,results/star_v2_final/resume_300k/SafetyPointGoal1-v0/current_only_v2/starv2_resume_300k_SafetyPointGoal1_v0_selected_current_only_v2_current_only_v2_s13/efficiency.csv
SafetyPointGoal1-v0,current_only_v2,14,300000.0,19.831399834890973,19.500876504309456,43.74264657191932,nan,nan,5034.668633333334,1510400590.0,59,results/star_v2_final/resume_300k/SafetyPointGoal1-v0/current_only_v2/starv2_resume_300k_SafetyPointGoal1_v0_selected_current_only_v2_current_only_v2_s14/efficiency.csv
SafetyPointGoal1-v0,pointwise_v2,10,300000.0,34.96346073413709,34.38073638856814,24.257503893909355,nan,nan,755.2019666666666,226560590.0,40,results/star_v2_final/resume_300k/SafetyPointGoal1-v0/pointwise_v2/starv2_core_100k_SafetyPointGoal1_v0_selected_pointwise_v2_pointwise_v2_s10/efficiency.csv
SafetyPointGoal1-v0,pointwise_v2,11,300000.0,33.582702309384864,33.02299060422845,25.295273961077132,nan,nan,755.2019666666666,226560590.0,40,results/star_v2_final/resume_300k/SafetyPointGoal1-v0/pointwise_v2/starv2_core_100k_SafetyPointGoal1_v0_selected_pointwise_v2_pointwise_v2_s11/efficiency.csv
SafetyPointGoal1-v0,pointwise_v2,12,300000.0,33.797727179354766,33.23443172636552,25.137055905908348,nan,nan,755.2019666666666,226560590.0,40,results/star_v2_final/resume_300k/SafetyPointGoal1-v0/pointwise_v2/starv2_core_100k_SafetyPointGoal1_v0_selected_pointwise_v2_pointwise_v2_s12/efficiency.csv
SafetyPointGoal1-v0,pointwise_v2,13,300000.0,23.206831330540535,22.820050808364858,36.15127214624236,nan,nan,755.2019666666666,226560590.0,59,results/star_v2_final/resume_300k/SafetyPointGoal1-v0/pointwise_v2/starv2_resume_300k_SafetyPointGoal1_v0_selected_pointwise_v2_pointwise_v2_s13/efficiency.csv
SafetyPointGoal1-v0,pointwise_v2,14,300000.0,23.36736946596274,22.977913308196694,35.98948500983417,nan,nan,755.2019666666666,226560590.0,59,results/star_v2_final/resume_300k/SafetyPointGoal1-v0/pointwise_v2/starv2_resume_300k_SafetyPointGoal1_v0_selected_pointwise_v2_pointwise_v2_s14/efficiency.csv
SafetyPointGoal1-v0,sac_lag,10,300000.0,36.499587409346454,35.89126095252401,23.07752501939734,nan,nan,755.2019666666666,226560590.0,40,results/star_v2_final/resume_300k/SafetyPointGoal1-v0/sac_lag/starv2_core_100k_SafetyPointGoal1_v0_selected_sac_lag_sac_lag_s10/efficiency.csv
SafetyPointGoal1-v0,sac_lag,11,300000.0,35.029042802206504,34.44522542216973,24.047345471717417,nan,nan,755.2019666666666,226560590.0,40,results/star_v2_final/resume_300k/SafetyPointGoal1-v0/sac_lag/starv2_core_100k_SafetyPointGoal1_v0_selected_sac_lag_sac_lag_s11/efficiency.csv
SafetyPointGoal1-v0,sac_lag,12,300000.0,36.56823431008167,35.95876373824698,23.01059416009734,nan,nan,755.2019666666666,226560590.0,40,results/star_v2_final/resume_300k/SafetyPointGoal1-v0/sac_lag/starv2_core_100k_SafetyPointGoal1_v0_selected_sac_lag_sac_lag_s12/efficiency.csv
SafetyPointGoal1-v0,sac_lag,13,300000.0,24.669475759982735,24.25831783064969,33.81354931405435,nan,nan,755.2019666666666,226560590.0,59,results/star_v2_final/resume_300k/SafetyPointGoal1-v0/sac_lag/starv2_resume_300k_SafetyPointGoal1_v0_selected_sac_lag_sac_lag_s13/efficiency.csv
SafetyPointGoal1-v0,sac_lag,14,300000.0,24.39264526545735,23.98610117769973,34.18146440194299,nan,nan,755.2019666666666,226560590.0,59,results/star_v2_final/resume_300k/SafetyPointGoal1-v0/sac_lag/starv2_resume_300k_SafetyPointGoal1_v0_selected_sac_lag_sac_lag_s14/efficiency.csv
SafetyPointGoal1-v0,star_v2,10,300000.0,28.457986032223207,27.983686265019486,30.73867520995438,nan,nan,5034.668633333334,1510400590.0,74,results/star_v2_final/resume_300k/SafetyPointGoal1-v0/star_v2/starv2_core_100k_SafetyPointGoal1_v0_selected_star_v2_star_v2_s10/efficiency.csv
SafetyPointGoal1-v0,star_v2,11,300000.0,29.276148271814808,28.788212467284563,29.790552562053005,nan,nan,5034.668633333334,1510400590.0,73,results/star_v2_final/resume_300k/SafetyPointGoal1-v0/star_v2/starv2_core_100k_SafetyPointGoal1_v0_selected_star_v2_star_v2_s11/efficiency.csv
SafetyPointGoal1-v0,star_v2,12,300000.0,27.77006924827278,27.307234760801567,31.450810709372163,nan,nan,5034.668633333334,1510400590.0,72,results/star_v2_final/resume_300k/SafetyPointGoal1-v0/star_v2/starv2_core_100k_SafetyPointGoal1_v0_selected_star_v2_star_v2_s12/efficiency.csv
SafetyPointGoal1-v0,star_v2,13,300000.0,20.20196971574223,19.865270220479857,42.90758950276921,nan,nan,5034.668633333334,1510400590.0,59,results/star_v2_final/resume_300k/SafetyPointGoal1-v0/star_v2/starv2_resume_300k_SafetyPointGoal1_v0_selected_star_v2_star_v2_s13/efficiency.csv
SafetyPointGoal1-v0,star_v2,14,300000.0,19.157995285916467,18.838695364484526,45.341111942032974,nan,nan,5034.668633333334,1510400590.0,59,results/star_v2_final/resume_300k/SafetyPointGoal1-v0/star_v2/starv2_resume_300k_SafetyPointGoal1_v0_selected_star_v2_star_v2_s14/efficiency.csv
