method_label,method,mode,train_seed,run_name,checkpoint_path,eval_seed,episode_rng_seed,episode_return,episode_cost,episode_length,success,violation_rate,min_clearance,path_length,start_pos,goal_pos,obstacle_pos,obstacle_radius,safe_margin,action_scale
STAR,star_v2,raw,30,panda_showcase_refcorridor_star_v2_s30,/root/autodl-tmp/star_v2_storage/results/star_arm_panda/showcase_mechanism/SafetyPandaReachObstacle-v0/star_v2/panda_showcase_refcorridor_star_v2_s30/checkpoint/final.torch,900000,294060065,-2.714734281525016,17.0,23,1.0,0.7391304347826086,-0.05997147142887116,0.4999649543315172,"[0.43073809146881104, -0.18966475129127502, 0.2572365999221802]","[0.5557264685630798, 0.16417177021503448, 0.25235769152641296]","[0.4932847023010254, 0.005052776075899601, 0.25844502449035645]",0.07,0.13,0.03
STAR,star_v2,raw,30,panda_showcase_refcorridor_star_v2_s30,/root/autodl-tmp/star_v2_storage/results/star_arm_panda/showcase_mechanism/SafetyPandaReachObstacle-v0/star_v2/panda_showcase_refcorridor_star_v2_s30/checkpoint/final.torch,900001,1719677111,-8.965817440065857,15.0,100,0.0,0.15,-0.0404355201125145,0.5325648247010122,"[0.4611939787864685, -0.19853197038173676, 0.2507459819316864]","[0.5445019006729126, 0.20643821358680725, 0.268474280834198]","[0.4984901249408722, 0.020339511334896088, 0.22690992057323456]",0.07,0.13,0.03
STAR,star_v2,raw,30,panda_showcase_refcorridor_star_v2_s30,/root/autodl-tmp/star_v2_storage/results/star_arm_panda/showcase_mechanism/SafetyPandaReachObstacle-v0/star_v2/panda_showcase_refcorridor_star_v2_s30/checkpoint/final.torch,900002,2139709709,-9.159360618286819,14.0,100,0.0,0.14,-0.05888489365577698,0.5109625442214565,"[0.4405879080295563, -0.1634778082370758, 0.24919317662715912]","[0.5556132793426514, 0.15711615979671478, 0.2833625376224518]","[0.5026077628135681, 0.0077415769919753075, 0.2710750102996826]",0.07,0.13,0.03
STAR,star_v2,raw,30,panda_showcase_refcorridor_star_v2_s30,/root/autodl-tmp/star_v2_storage/results/star_arm_panda/showcase_mechanism/SafetyPandaReachObstacle-v0/star_v2/panda_showcase_refcorridor_star_v2_s30/checkpoint/final.torch,900003,143544731,-11.728139354167505,13.0,100,0.0,0.13,-0.041039657890796666,0.6183065498526048,"[0.44053149223327637, -0.1997004896402359, 0.23405081033706665]","[0.5186174511909485, 0.19023233652114868, 0.2856312692165375]","[0.4813850224018097, -0.025749007239937782, 0.2595568299293518]",0.07,0.13,0.03
STAR,star_v2,raw,30,panda_showcase_refcorridor_star_v2_s30,/root/autodl-tmp/star_v2_storage/results/star_arm_panda/showcase_mechanism/SafetyPandaReachObstacle-v0/star_v2/panda_showcase_refcorridor_star_v2_s30/checkpoint/final.torch,900004,384484408,-4.952550823185591,17.0,42,1.0,0.40476190476190477,-0.009825778305530553,0.5924140308052301,"[0.4627062976360321, -0.1834259331226349, 0.25978100299835205]","[0.5871801972389221, 0.21930302679538727, 0.22338664531707764]","[0.4843182861804962, 0.005941754672676325, 0.2788171172142029]",0.07,0.13,0.03
STAR,star_v2,raw,30,panda_showcase_refcorridor_star_v2_s30,/root/autodl-tmp/star_v2_storage/results/star_arm_panda/showcase_mechanism/SafetyPandaReachObstacle-v0/star_v2/panda_showcase_refcorridor_star_v2_s30/checkpoint/final.torch,900005,1642984622,-8.63990559991641,13.0,100,0.0,0.13,-0.05150942981243134,0.5365910882528624,"[0.4666169285774231, -0.16915364563465118, 0.23424309492111206]","[0.5454341173171997, 0.1654834747314453, 0.2643525004386902]","[0.49086740612983704, -0.022256212309002876, 0.25323501229286194]",0.07,0.13,0.03
STAR,star_v2,raw,30,panda_showcase_refcorridor_star_v2_s30,/root/autodl-tmp/star_v2_storage/results/star_arm_panda/showcase_mechanism/SafetyPandaReachObstacle-v0/star_v2/panda_showcase_refcorridor_star_v2_s30/checkpoint/final.torch,900006,2028250388,-3.761084136366843,18.0,29,1.0,0.6206896551724138,-0.03680432319641114,0.5167921772226691,"[0.4625246524810791, -0.16383236646652222, 0.23265135288238525]","[0.5173138976097107, 0.18253003060817719, 0.23135070502758026]","[0.4767945110797882, 0.00012060648441547528, 0.23526480793952942]",0.07,0.13,0.03
STAR,star_v2,raw,30,panda_showcase_refcorridor_star_v2_s30,/root/autodl-tmp/star_v2_storage/results/star_arm_panda/showcase_mechanism/SafetyPandaReachObstacle-v0/star_v2/panda_showcase_refcorridor_star_v2_s30/checkpoint/final.torch,900007,266573186,-4.224048127643764,14.0,34,1.0,0.4117647058823529,-0.0628930526971817,0.5240784399211407,"[0.4598448574542999, -0.18000081181526184, 0.24656695127487183]","[0.5791138410568237, 0.2098006010055542, 0.21415193378925323]","[0.5004143714904785, -0.029090505093336105, 0.25196337699890137]",0.07,0.13,0.03
STAR,star_v2,raw,30,panda_showcase_refcorridor_star_v2_s30,/root/autodl-tmp/star_v2_storage/results/star_arm_panda/showcase_mechanism/SafetyPandaReachObstacle-v0/star_v2/panda_showcase_refcorridor_star_v2_s30/checkpoint/final.torch,900008,526157843,-2.3827583512850103,13.0,24,1.0,0.5416666666666666,-0.0768788504600525,0.45526333153247833,"[0.44934120774269104, -0.19040639698505402, 0.267891526222229]","[0.5826524496078491, 0.15357206761837006, 0.25281885266304016]","[0.5153650641441345, -0.02471964806318283, 0.2713319957256317]",0.07,0.13,0.03
STAR,star_v2,raw,30,panda_showcase_refcorridor_star_v2_s30,/root/autodl-tmp/star_v2_storage/results/star_arm_panda/showcase_mechanism/SafetyPandaReachObstacle-v0/star_v2/panda_showcase_refcorridor_star_v2_s30/checkpoint/final.torch,900009,1750841477,-2.5389765578508374,12.0,19,1.0,0.631578947368421,-0.07518333300948143,0.4626908926293254,"[0.43244269490242004, -0.18411096930503845, 0.26083654165267944]","[0.5414175987243652, 0.21200694143772125, 0.26719215512275696]","[0.512531042098999, -0.006713756360113621, 0.2464129775762558]",0.07,0.13,0.03
STAR,star_v2,raw,30,panda_showcase_refcorridor_star_v2_s30,/root/autodl-tmp/star_v2_storage/results/star_arm_panda/showcase_mechanism/SafetyPandaReachObstacle-v0/star_v2/panda_showcase_refcorridor_star_v2_s30/checkpoint/final.torch,900010,144453984,-2.5817699203640228,15.0,22,1.0,0.6818181818181818,-0.05884917557239533,0.49497926514595747,"[0.44305548071861267, -0.1621117740869522, 0.26578497886657715]","[0.564133882522583, 0.1819722056388855, 0.258395791053772]","[0.4906444251537323, 0.00568708311766386, 0.26536062359809875]",0.07,0.13,0.03
STAR,star_v2,raw,30,panda_showcase_refcorridor_star_v2_s30,/root/autodl-tmp/star_v2_storage/results/star_arm_panda/showcase_mechanism/SafetyPandaReachObstacle-v0/star_v2/panda_showcase_refcorridor_star_v2_s30/checkpoint/final.torch,900011,2140865014,-8.513773726333666,11.0,100,0.0,0.11,-0.07490588828921318,0.5291214412327463,"[0.44759729504585266, -0.193611279129982, 0.2644473910331726]","[0.5730770826339722, 0.19170594215393066, 0.2763669490814209]","[0.519985020160675, -0.021458089351654053, 0.2686065435409546]",0.07,0.13,0.03
STAR,star_v2,raw,30,panda_showcase_refcorridor_star_v2_s30,/root/autodl-tmp/star_v2_storage/results/star_arm_panda/showcase_mechanism/SafetyPandaReachObstacle-v0/star_v2/panda_showcase_refcorridor_star_v2_s30/checkpoint/final.torch,900012,1720864844,-13.380811911467461,24.0,100,0.0,0.24,-0.05059848457574845,0.4665521041279135,"[0.4602873921394348, -0.17324061691761017, 0.2316725254058838]","[0.5632899403572083, 0.20568367838859558, 0.22101524472236633]","[0.5063165426254272, 0.02455081418156624, 0.23415596783161163]",0.07,0.13,0.03
STAR,star_v2,raw,30,panda_showcase_refcorridor_star_v2_s30,/root/autodl-tmp/star_v2_storage/results/star_arm_panda/showcase_mechanism/SafetyPandaReachObstacle-v0/star_v2/panda_showcase_refcorridor_star_v2_s30/checkpoint/final.torch,900013,295002330,-2.1928937810286873,14.0,24,1.0,0.5833333333333334,-0.07547662138938904,0.41888544289395213,"[0.4690372049808502, -0.16106590628623962, 0.24014097452163696]","[0.5666220784187317, 0.1509249359369278, 0.2551553249359131]","[0.5252056121826172, -0.0033355322666466236, 0.25449493527412415]",0.07,0.13,0.03
STAR,star_v2,raw,30,panda_showcase_refcorridor_star_v2_s30,/root/autodl-tmp/star_v2_storage/results/star_arm_panda/showcase_mechanism/SafetyPandaReachObstacle-v0/star_v2/panda_showcase_refcorridor_star_v2_s30/checkpoint/final.torch,900014,267515257,-2.0207231107354167,13.0,16,1.0,0.8125,-0.061567139923572545,0.38581831008195877,"[0.43686747550964355, -0.17698362469673157, 0.2695944607257843]","[0.5342177748680115, 0.18281224370002747, 0.2310149073600769]","[0.5055287480354309, -0.02730569988489151, 0.22370213270187378]",0.07,0.13,0.03
STAR,star_v2,raw,30,panda_showcase_refcorridor_star_v2_s30,/root/autodl-tmp/star_v2_storage/results/star_arm_panda/showcase_mechanism/SafetyPandaReachObstacle-v0/star_v2/panda_showcase_refcorridor_star_v2_s30/checkpoint/final.torch,900015,2029438447,-10.321960980451275,13.0,100,0.0,0.13,-0.04357033699750901,0.5747192038361391,"[0.46253690123558044, -0.18912631273269653, 0.23077392578125]","[0.5357789397239685, 0.19784969091415405, 0.2740747332572937]","[0.518858790397644, 0.021519877016544342, 0.26469796895980835]",0.07,0.13,0.03
STAR,star_v2,raw,30,panda_showcase_refcorridor_star_v2_s30,/root/autodl-tmp/star_v2_storage/results/star_arm_panda/showcase_mechanism/SafetyPandaReachObstacle-v0/star_v2/panda_showcase_refcorridor_star_v2_s30/checkpoint/final.torch,900016,1644139605,-4.2417707973718635,26.0,34,1.0,0.7647058823529411,-0.04149827837944031,0.5055213216692209,"[0.46856990456581116, -0.1711566001176834, 0.24106110632419586]","[0.5236479043960571, 0.16289491951465607, 0.2221040278673172]","[0.4903397858142853, 0.008306964300572872, 0.2515389323234558]",0.07,0.13,0.03
STAR,star_v2,raw,30,panda_showcase_refcorridor_star_v2_s30,/root/autodl-tmp/star_v2_storage/results/star_arm_panda/showcase_mechanism/SafetyPandaReachObstacle-v0/star_v2/panda_showcase_refcorridor_star_v2_s30/checkpoint/final.torch,900017,385393859,-8.1381016988016,14.0,100,0.0,0.14,-0.05715421319007874,0.4341428376901604,"[0.46750468015670776, -0.16103439033031464, 0.24736909568309784]","[0.5379263758659363, 0.20367109775543213, 0.285271018743515]","[0.5113949179649353, 0.010787185281515121, 0.2302391082048416]",0.07,0.13,0.03
STAR,star_v2,raw,30,panda_showcase_refcorridor_star_v2_s30,/root/autodl-tmp/star_v2_storage/results/star_arm_panda/showcase_mechanism/SafetyPandaReachObstacle-v0/star_v2/panda_showcase_refcorridor_star_v2_s30/checkpoint/final.torch,900018,105363794,-2.835833036601544,19.0,27,1.0,0.7037037037037037,-0.04988512128591538,0.4774546129629016,"[0.444232314825058, -0.19143539667129517, 0.2409132868051529]","[0.5884564518928528, 0.1547444611787796, 0.2795521020889282]","[0.4948193430900574, -0.0007682557334192097, 0.24552178382873535]",0.07,0.13,0.03
STAR,star_v2,raw,30,panda_showcase_refcorridor_star_v2_s30,/root/autodl-tmp/star_v2_storage/results/star_arm_panda/showcase_mechanism/SafetyPandaReachObstacle-v0/star_v2/panda_showcase_refcorridor_star_v2_s30/checkpoint/final.torch,900019,1900054980,-3.743848840221764,22.0,28,1.0,0.7857142857142857,-0.047656280100345616,0.5332357715815306,"[0.43614235520362854, -0.1812722384929657, 0.2464747130870819]","[0.537674069404602, 0.18149100244045258, 0.23443721234798431]","[0.48480117321014404, 0.01067807525396347, 0.25568610429763794]",0.07,0.13,0.03
STAR,star_v2,raw,30,panda_showcase_refcorridor_star_v2_s30,/root/autodl-tmp/star_v2_storage/results/star_arm_panda/showcase_mechanism/SafetyPandaReachObstacle-v0/star_v2/panda_showcase_refcorridor_star_v2_s30/checkpoint/final.torch,900020,598827683,-11.547472540945751,17.0,100,0.0,0.17,-0.018282626867294316,0.4658394852804122,"[0.46247538924217224, -0.18723388016223907, 0.24911755323410034]","[0.5879696011543274, 0.172653928399086, 0.2876209616661072]","[0.5135095119476318, 0.02973897196352482, 0.279028058052063]",0.07,0.13,0.03
STAR,star_v2,raw,30,panda_showcase_refcorridor_star_v2_s30,/root/autodl-tmp/star_v2_storage/results/star_arm_panda/showcase_mechanism/SafetyPandaReachObstacle-v0/star_v2/panda_showcase_refcorridor_star_v2_s30/checkpoint/final.torch,900021,1421234741,-9.873529759724628,11.0,100,0.0,0.11,-0.05729089409112931,0.38697500977036725,"[0.4695611596107483, -0.16655953228473663, 0.2671250104904175]","[0.5787121057510376, 0.16632570326328278, 0.2424091100692749]","[0.5236983895301819, -0.025522926822304726, 0.22132137417793274]",0.07,0.13,0.03
STAR,star_v2,raw,30,panda_showcase_refcorridor_star_v2_s30,/root/autodl-tmp/star_v2_storage/results/star_arm_panda/showcase_mechanism/SafetyPandaReachObstacle-v0/star_v2/panda_showcase_refcorridor_star_v2_s30/checkpoint/final.torch,900022,1304363919,-2.866585480682552,15.0,25,1.0,0.6,-0.08232315734028817,0.45536591997370124,"[0.44683119654655457, -0.1604251116514206, 0.24690936505794525]","[0.5401898622512817, 0.2045670449733734, 0.22028972208499908]","[0.5213019847869873, 0.021793343126773834, 0.2369672805070877]",0.07,0.13,0.03
STAR,star_v2,raw,30,panda_showcase_refcorridor_star_v2_s30,/root/autodl-tmp/star_v2_storage/results/star_arm_panda/showcase_mechanism/SafetyPandaReachObstacle-v0/star_v2/panda_showcase_refcorridor_star_v2_s30/checkpoint/final.torch,900023,985150233,-8.255336824740436,10.0,100,0.0,0.1,-0.03615673363208771,0.4672339046098841,"[0.45460665225982666, -0.16184404492378235, 0.2543744444847107]","[0.520872175693512, 0.21343518793582916, 0.27601906657218933]","[0.4823909401893616, 0.008160191588103771, 0.2280718833208084]",0.07,0.13,0.03
STAR,star_v2,raw,30,panda_showcase_refcorridor_star_v2_s30,/root/autodl-tmp/star_v2_storage/results/star_arm_panda/showcase_mechanism/SafetyPandaReachObstacle-v0/star_v2/panda_showcase_refcorridor_star_v2_s30/checkpoint/final.torch,900024,618440378,-2.0185476699098936,11.0,21,1.0,0.5238095238095238,-0.10408734261989594,0.4626755495555699,"[0.4305607080459595, -0.16082800924777985, 0.26208990812301636]","[0.5597785711288452, 0.17131899297237396, 0.24839188158512115]","[0.5274180769920349, -0.011799790896475315, 0.27660906314849854]",0.07,0.13,0.03
STAR,star_v2,raw,30,panda_showcase_refcorridor_star_v2_s30,/root/autodl-tmp/star_v2_storage/results/star_arm_panda/showcase_mechanism/SafetyPandaReachObstacle-v0/star_v2/panda_showcase_refcorridor_star_v2_s30/checkpoint/final.torch,900025,1406899756,-8.354944562315938,9.0,100,0.0,0.09,-0.08338842272758484,0.49729239057955965,"[0.45662984251976013, -0.1665136218070984, 0.26594313979148865]","[0.5259184837341309, 0.2138124406337738, 0.2804993987083435]","[0.5172567367553711, -0.0206606462597847, 0.2700408399105072]",0.07,0.13,0.03
STAR,star_v2,raw,30,panda_showcase_refcorridor_star_v2_s30,/root/autodl-tmp/star_v2_storage/results/star_arm_panda/showcase_mechanism/SafetyPandaReachObstacle-v0/star_v2/panda_showcase_refcorridor_star_v2_s30/checkpoint/final.torch,900026,1255327638,-3.368851861581206,14.0,26,1.0,0.5384615384615384,-0.06714199960231781,0.5137375248596072,"[0.45333701372146606, -0.19194842875003815, 0.23256729543209076]","[0.5514136552810669, 0.20277737081050873, 0.25089171528816223]","[0.5195711255073547, 0.01191038079559803, 0.24722278118133545]",0.07,0.13,0.03
STAR,star_v2,raw,30,panda_showcase_refcorridor_star_v2_s30,/root/autodl-tmp/star_v2_storage/results/star_arm_panda/showcase_mechanism/SafetyPandaReachObstacle-v0/star_v2/panda_showcase_refcorridor_star_v2_s30/checkpoint/final.torch,900027,1037432576,-1.8943788543343547,16.0,17,1.0,0.9411764705882353,-0.057635364234447484,0.40111005026847124,"[0.4550098180770874, -0.17748959362506866, 0.25122928619384766]","[0.521673321723938, 0.1837957352399826, 0.278251975774765]","[0.5069983005523682, 0.006867865566164255, 0.22848884761333466]",0.07,0.13,0.03
STAR,star_v2,raw,30,panda_showcase_refcorridor_star_v2_s30,/root/autodl-tmp/star_v2_storage/results/star_arm_panda/showcase_mechanism/SafetyPandaReachObstacle-v0/star_v2/panda_showcase_refcorridor_star_v2_s30/checkpoint/final.torch,900028,761981585,-2.3180458901077508,15.0,21,1.0,0.7142857142857143,-0.07078819826245308,0.438814383931458,"[0.44650357961654663, -0.1709640622138977, 0.25685155391693115]","[0.5887688398361206, 0.16971638798713684, 0.24029065668582916]","[0.5042981505393982, -0.012818343937397003, 0.25946488976478577]",0.07,0.13,0.03
STAR,star_v2,raw,30,panda_showcase_refcorridor_star_v2_s30,/root/autodl-tmp/star_v2_storage/results/star_arm_panda/showcase_mechanism/SafetyPandaReachObstacle-v0/star_v2/panda_showcase_refcorridor_star_v2_s30/checkpoint/final.torch,900029,1517148679,-8.229934646786177,15.0,100,0.0,0.15,-0.07077197834849358,0.5158536846322477,"[0.43766671419143677, -0.16334813833236694, 0.23400919139385223]","[0.54459547996521, 0.14491145312786102, 0.2628594934940338]","[0.48247644305229187, -0.00923106912523508, 0.2649533748626709]",0.07,0.13,0.03
STAR,star_v2,raw,30,panda_showcase_refcorridor_star_v2_s30,/root/autodl-tmp/star_v2_storage/results/star_arm_panda/showcase_mechanism/SafetyPandaReachObstacle-v0/star_v2/panda_showcase_refcorridor_star_v2_s30/checkpoint/final.torch,900030,984241122,-2.9425273378565913,15.0,29,1.0,0.5172413793103449,-0.05429596930742264,0.48436762345954776,"[0.46160009503364563, -0.18894122540950775, 0.2621757686138153]","[0.563180148601532, 0.15069879591464996, 0.25791773200035095]","[0.523825466632843, -0.005072151310741901, 0.2760964334011078]",0.07,0.13,0.03
STAR,star_v2,raw,30,panda_showcase_refcorridor_star_v2_s30,/root/autodl-tmp/star_v2_storage/results/star_arm_panda/showcase_mechanism/SafetyPandaReachObstacle-v0/star_v2/panda_showcase_refcorridor_star_v2_s30/checkpoint/final.torch,900031,1303208820,-8.488755461182661,13.0,100,0.0,0.13,-0.03499898046255112,0.5273421180650075,"[0.4532417953014374, -0.19949780404567719, 0.24744641780853271]","[0.5532424449920654, 0.2085336148738861, 0.2762001156806946]","[0.49210187792778015, -0.02596331387758255, 0.23024193942546844]",0.07,0.13,0.03
STAR,star_v2,raw,30,panda_showcase_refcorridor_star_v2_s30,/root/autodl-tmp/star_v2_storage/results/star_arm_panda/showcase_mechanism/SafetyPandaReachObstacle-v0/star_v2/panda_showcase_refcorridor_star_v2_s30/checkpoint/final.torch,900032,1420047054,-13.563656499907376,26.0,100,0.0,0.26,-0.047872160673141484,0.547245237743482,"[0.44899800419807434, -0.16584214568138123, 0.2529883086681366]","[0.5691049695014954, 0.2086142748594284, 0.2110767811536789]","[0.4993896782398224, 0.02656044438481331, 0.2669576108455658]",0.07,0.13,0.03
STAR,star_v2,raw,30,panda_showcase_refcorridor_star_v2_s30,/root/autodl-tmp/star_v2_storage/results/star_arm_panda/showcase_mechanism/SafetyPandaReachObstacle-v0/star_v2/panda_showcase_refcorridor_star_v2_s30/checkpoint/final.torch,900033,597885528,-3.224518192037941,15.0,25,1.0,0.6,-0.04481910645961762,0.5258423238992691,"[0.44564828276634216, -0.19862514734268188, 0.24260322749614716]","[0.5600535869598389, 0.18601593375205994, 0.2435818463563919]","[0.5120728015899658, 0.004766565747559071, 0.2749100923538208]",0.07,0.13,0.03
STAR,star_v2,raw,30,panda_showcase_refcorridor_star_v2_s30,/root/autodl-tmp/star_v2_storage/results/star_arm_panda/showcase_mechanism/SafetyPandaReachObstacle-v0/star_v2/panda_showcase_refcorridor_star_v2_s30/checkpoint/final.torch,900034,1036490747,-2.7667301716655492,14.0,22,1.0,0.6363636363636364,-0.06904463201761246,0.48061864636838436,"[0.4516523480415344, -0.1633717268705368, 0.24310772120952606]","[0.5198423862457275, 0.19987674057483673, 0.23450681567192078]","[0.49413084983825684, 0.0009706689161248505, 0.2484043687582016]",0.07,0.13,0.03
STAR,star_v2,raw,30,panda_showcase_refcorridor_star_v2_s30,/root/autodl-tmp/star_v2_storage/results/star_arm_panda/showcase_mechanism/SafetyPandaReachObstacle-v0/star_v2/panda_showcase_refcorridor_star_v2_s30/checkpoint/final.torch,900035,1254139757,-3.057179291835055,14.0,28,1.0,0.5,-0.05980542033910752,0.4646602449938655,"[0.4681157171726227, -0.18923433125019073, 0.248170405626297]","[0.5857557058334351, 0.1723518818616867, 0.26556944847106934]","[0.5280324816703796, -0.007051398977637291, 0.2605624794960022]",0.07,0.13,0.03
STAR,star_v2,raw,30,panda_showcase_refcorridor_star_v2_s30,/root/autodl-tmp/star_v2_storage/results/star_arm_panda/showcase_mechanism/SafetyPandaReachObstacle-v0/star_v2/panda_showcase_refcorridor_star_v2_s30/checkpoint/final.torch,900036,1405744855,-3.535382838845253,20.0,25,1.0,0.8,-0.020554882586002354,0.5369165670126677,"[0.4431432783603668, -0.19875389337539673, 0.2360970377922058]","[0.5612400770187378, 0.1856488585472107, 0.2241716831922531]","[0.4725925922393799, -0.004952024668455124, 0.2709388732910156]",0.07,0.13,0.03
STAR,star_v2,raw,30,panda_showcase_refcorridor_star_v2_s30,/root/autodl-tmp/star_v2_storage/results/star_arm_panda/showcase_mechanism/SafetyPandaReachObstacle-v0/star_v2/panda_showcase_refcorridor_star_v2_s30/checkpoint/final.torch,900037,617530945,-2.7481178897485368,31.0,31,1.0,1.0,-0.06416360020637513,0.4222027943469584,"[0.4405911862850189, -0.16794072091579437, 0.2532293498516083]","[0.5836762189865112, 0.1428126096725464, 0.23946939408779144]","[0.4900459349155426, -0.004206666257232428, 0.2549271881580353]",0.07,0.13,0.03
STAR,star_v2,raw,30,panda_showcase_refcorridor_star_v2_s30,/root/autodl-tmp/star_v2_storage/results/star_arm_panda/showcase_mechanism/SafetyPandaReachObstacle-v0/star_v2/panda_showcase_refcorridor_star_v2_s30/checkpoint/final.torch,900038,879877072,-3.068709599697031,13.0,31,1.0,0.41935483870967744,-0.057214682102203374,0.43400694662705064,"[0.46436986327171326, -0.18440581858158112, 0.26264488697052]","[0.5894829034805298, 0.1738928258419037, 0.28637078404426575]","[0.5262222290039062, -0.012704242952167988, 0.2497410625219345]",0.07,0.13,0.03
STAR,star_v2,raw,30,panda_showcase_refcorridor_star_v2_s30,/root/autodl-tmp/star_v2_storage/results/star_arm_panda/showcase_mechanism/SafetyPandaReachObstacle-v0/star_v2/panda_showcase_refcorridor_star_v2_s30/checkpoint/final.torch,900039,1131866950,-2.393715845197439,13.0,18,1.0,0.7222222222222222,-0.07669929891824723,0.43431047908961773,"[0.449035108089447, -0.19282080233097076, 0.2551344037055969]","[0.5150504112243652, 0.19266599416732788, 0.22970899939537048]","[0.5172652006149292, -0.01976006291806698, 0.23789379000663757]",0.07,0.13,0.03
STAR,star_v2,raw,30,panda_showcase_refcorridor_star_v2_s30,/root/autodl-tmp/star_v2_storage/results/star_arm_panda/showcase_mechanism/SafetyPandaReachObstacle-v0/star_v2/panda_showcase_refcorridor_star_v2_s30/checkpoint/final.torch,900040,1978385701,-4.339743345156311,17.0,32,1.0,0.53125,-0.04314121335744858,0.5287314406596124,"[0.44969773292541504, -0.19164827466011047, 0.23539793491363525]","[0.5376123189926147, 0.2085079550743103, 0.2394132912158966]","[0.5061758160591125, 0.01245913002640009, 0.2299237698316574]",0.07,0.13,0.03
STAR,star_v2,raw,30,panda_showcase_refcorridor_star_v2_s30,/root/autodl-tmp/star_v2_storage/results/star_arm_panda/showcase_mechanism/SafetyPandaReachObstacle-v0/star_v2/panda_showcase_refcorridor_star_v2_s30/checkpoint/final.torch,900041,49083827,-10.415410939902069,100.0,100,0.0,1.0,-0.03870420634746552,0.3765269155992428,"[0.4567265808582306, -0.17418606579303741, 0.2687877118587494]","[0.5780755281448364, 0.15250661969184875, 0.2747728228569031]","[0.5014868974685669, 0.016542980447411537, 0.2297324240207672]",0.07,0.13,0.03
STAR,star_v2,raw,30,panda_showcase_refcorridor_star_v2_s30,/root/autodl-tmp/star_v2_storage/results/star_arm_panda/showcase_mechanism/SafetyPandaReachObstacle-v0/star_v2/panda_showcase_refcorridor_star_v2_s30/checkpoint/final.torch,900042,468034569,-8.107410967946056,12.0,100,0.0,0.12,-0.0727424818277359,0.47913629691197457,"[0.4331534802913666, -0.1615828275680542, 0.2673349380493164]","[0.5396711230278015, 0.21797627210617065, 0.2868484854698181]","[0.5153703093528748, -0.014605716802179813, 0.24294498562812805]",0.07,0.13,0.03
STAR,star_v2,raw,30,panda_showcase_refcorridor_star_v2_s30,/root/autodl-tmp/star_v2_storage/results/star_arm_panda/showcase_mechanism/SafetyPandaReachObstacle-v0/star_v2/panda_showcase_refcorridor_star_v2_s30/checkpoint/final.torch,900043,1826788511,-4.325760884657503,19.0,29,1.0,0.6551724137931034,-0.039766420722007756,0.5575099661946297,"[0.4342705011367798, -0.18132081627845764, 0.25972792506217957]","[0.5208353996276855, 0.2137223482131958, 0.21177145838737488]","[0.47010156512260437, -0.0069998824037611485, 0.24674279987812042]",0.07,0.13,0.03
STAR,star_v2,raw,30,panda_showcase_refcorridor_star_v2_s30,/root/autodl-tmp/star_v2_storage/results/star_arm_panda/showcase_mechanism/SafetyPandaReachObstacle-v0/star_v2/panda_showcase_refcorridor_star_v2_s30/checkpoint/final.torch,900044,1921384764,-1.6493129527568824,11.0,18,1.0,0.6111111111111112,-0.09563154458999634,0.4037905288860202,"[0.4586542844772339, -0.16800835728645325, 0.23635725677013397]","[0.5673225522041321, 0.15309813618659973, 0.24792245030403137]","[0.5238440632820129, -0.027180470526218414, 0.25444653630256653]",0.07,0.13,0.03
STAR,star_v2,raw,30,panda_showcase_refcorridor_star_v2_s30,/root/autodl-tmp/star_v2_storage/results/star_arm_panda/showcase_mechanism/SafetyPandaReachObstacle-v0/star_v2/panda_showcase_refcorridor_star_v2_s30/checkpoint/final.torch,900045,92352938,-8.799876091024371,14.0,100,0.0,0.14,-0.0634089681506157,0.531830095696705,"[0.45617562532424927, -0.17751570045948029, 0.2504582107067108]","[0.5315322875976562, 0.18594224750995636, 0.2739143967628479]","[0.5119107961654663, 0.011294448748230934, 0.25983574986457825]",0.07,0.13,0.03
STAR,star_v2,raw,30,panda_showcase_refcorridor_star_v2_s30,/root/autodl-tmp/star_v2_storage/results/star_arm_panda/showcase_mechanism/SafetyPandaReachObstacle-v0/star_v2/panda_showcase_refcorridor_star_v2_s30/checkpoint/final.torch,900046,478699536,-2.03612058147788,14.0,17,1.0,0.8235294117647058,-0.08048332214355469,0.42278436943888664,"[0.4353664517402649, -0.1830514669418335, 0.24021123349666595]","[0.5443172454833984, 0.18498025834560394, 0.24237461388111115]","[0.5280365943908691, 0.00422896770760417, 0.23962871730327606]",0.07,0.13,0.03
STAR,star_v2,raw,30,panda_showcase_refcorridor_star_v2_s30,/root/autodl-tmp/star_v2_storage/results/star_arm_panda/showcase_mechanism/SafetyPandaReachObstacle-v0/star_v2/panda_showcase_refcorridor_star_v2_s30/checkpoint/final.torch,900047,1804554374,-2.632043079338037,29.0,32,1.0,0.90625,-0.041114089190959935,0.39563573338091373,"[0.45549309253692627, -0.16582977771759033, 0.23166966438293457]","[0.571587085723877, 0.15048687160015106, 0.28575074672698975]","[0.5078376531600952, 0.02104712277650833, 0.22119936347007751]",0.07,0.13,0.03
STAR,star_v2,raw,30,panda_showcase_refcorridor_star_v2_s30,/root/autodl-tmp/star_v2_storage/results/star_arm_panda/showcase_mechanism/SafetyPandaReachObstacle-v0/star_v2/panda_showcase_refcorridor_star_v2_s30/checkpoint/final.torch,900048,2066763031,-2.5549111904948947,12.0,19,1.0,0.631578947368421,-0.040517685115337376,0.42463766783475876,"[0.45483851432800293, -0.18851356208324432, 0.23551571369171143]","[0.5478750467300415, 0.19335155189037323, 0.2539668679237366]","[0.5105583667755127, -0.0007114119944162667, 0.22107425332069397]",0.07,0.13,0.03
STAR,star_v2,raw,30,panda_showcase_refcorridor_star_v2_s30,/root/autodl-tmp/star_v2_storage/results/star_arm_panda/showcase_mechanism/SafetyPandaReachObstacle-v0/star_v2/panda_showcase_refcorridor_star_v2_s30/checkpoint/final.torch,900049,204963201,-11.09354305328336,99.0,100,0.0,0.99,-0.0007614541053772017,0.4688043988207937,"[0.4470098316669464, -0.1824541538953781, 0.25168728828430176]","[0.579931378364563, 0.15533070266246796, 0.25733354687690735]","[0.47067558765411377, 0.024549903348088264, 0.2223469763994217]",0.07,0.13,0.03
STAR,star_v2,raw,30,panda_showcase_refcorridor_star_v2_s30,/root/autodl-tmp/star_v2_storage/results/star_arm_panda/showcase_mechanism/SafetyPandaReachObstacle-v0/star_v2/panda_showcase_refcorridor_star_v2_s30/checkpoint/final.torch,900050,1827730532,-2.0398567660897964,17.0,17,1.0,1.0,-0.049025257229805,0.3979898961260915,"[0.4472291171550751, -0.19589753448963165, 0.24574977159500122]","[0.5156514644622803, 0.16595427691936493, 0.23350678384304047]","[0.5009002089500427, -0.004785929806530476, 0.22180111706256866]",0.07,0.13,0.03
STAR,star_v2,raw,30,panda_showcase_refcorridor_star_v2_s30,/root/autodl-tmp/star_v2_storage/results/star_arm_panda/showcase_mechanism/SafetyPandaReachObstacle-v0/star_v2/panda_showcase_refcorridor_star_v2_s30/checkpoint/final.torch,900051,469222642,-2.5301372431963673,16.0,23,1.0,0.6956521739130435,-0.03958456695079804,0.460928522516042,"[0.4618098735809326, -0.1662813425064087, 0.25501102209091187]","[0.5377649664878845, 0.18376600742340088, 0.2593165636062622]","[0.48595526814460754, 0.02144593372941017, 0.2327461987733841]",0.07,0.13,0.03
STAR,star_v2,raw,30,panda_showcase_refcorridor_star_v2_s30,/root/autodl-tmp/star_v2_storage/results/star_arm_panda/showcase_mechanism/SafetyPandaReachObstacle-v0/star_v2/panda_showcase_refcorridor_star_v2_s30/checkpoint/final.torch,900052,50238792,-2.0761765274405475,14.0,19,1.0,0.7368421052631579,-0.051206466853618626,0.4240980064496398,"[0.45033586025238037, -0.1910007894039154, 0.2607804238796234]","[0.5318236351013184, 0.16193556785583496, 0.2424573302268982]","[0.49493250250816345, 0.011723714880645275, 0.2367120087146759]",0.07,0.13,0.03
STAR,star_v2,raw,30,panda_showcase_refcorridor_star_v2_s30,/root/autodl-tmp/star_v2_storage/results/star_arm_panda/showcase_mechanism/SafetyPandaReachObstacle-v0/star_v2/panda_showcase_refcorridor_star_v2_s30/checkpoint/final.torch,900053,1979295198,-3.109195069391281,19.0,27,1.0,0.7037037037037037,-0.05214891314506531,0.432066666893661,"[0.4629347622394562, -0.173211008310318, 0.2526741325855255]","[0.5705649852752686, 0.17051078379154205, 0.21550671756267548]","[0.5006954073905945, -0.010050076059997082, 0.2368459403514862]",0.07,0.13,0.03
STAR,star_v2,raw,30,panda_showcase_refcorridor_star_v2_s30,/root/autodl-tmp/star_v2_storage/results/star_arm_panda/showcase_mechanism/SafetyPandaReachObstacle-v0/star_v2/panda_showcase_refcorridor_star_v2_s30/checkpoint/final.torch,900054,1805463677,-3.071993280574679,14.0,26,1.0,0.5384615384615384,-0.042514775991439824,0.5049098157323897,"[0.45776137709617615, -0.19961237907409668, 0.2457733452320099]","[0.5782529711723328, 0.16824185848236084, 0.2631976008415222]","[0.5121150612831116, -0.01312320213764906, 0.27284476161003113]",0.07,0.13,0.03
STAR,star_v2,raw,30,panda_showcase_refcorridor_star_v2_s30,/root/autodl-tmp/star_v2_storage/results/star_arm_panda/showcase_mechanism/SafetyPandaReachObstacle-v0/star_v2/panda_showcase_refcorridor_star_v2_s30/checkpoint/final.torch,900055,479854827,-2.828590947240591,18.0,22,1.0,0.8181818181818182,-0.05868070304393769,0.48026962019503117,"[0.4305941164493561, -0.18959031999111176, 0.2547076940536499]","[0.5753859877586365, 0.17823027074337006, 0.23535719513893127]","[0.49430692195892334, -0.005872756242752075, 0.256413072347641]",0.07,0.13,0.03
STAR,star_v2,raw,30,panda_showcase_refcorridor_star_v2_s30,/root/autodl-tmp/star_v2_storage/results/star_arm_panda/showcase_mechanism/SafetyPandaReachObstacle-v0/star_v2/panda_showcase_refcorridor_star_v2_s30/checkpoint/final.torch,900056,93540689,-8.97252781507326,15.0,100,0.0,0.15,-0.07144858419895173,0.6091306112207349,"[0.4345399737358093, -0.1858295053243637, 0.239640474319458]","[0.5805417895317078, 0.20197567343711853, 0.21648083627223969]","[0.4967470169067383, -0.02244616113603115, 0.27856725454330444]",0.07,0.13,0.03
STAR,star_v2,raw,30,panda_showcase_refcorridor_star_v2_s30,/root/autodl-tmp/star_v2_storage/results/star_arm_panda/showcase_mechanism/SafetyPandaReachObstacle-v0/star_v2/panda_showcase_refcorridor_star_v2_s30/checkpoint/final.torch,900057,1922326983,-9.38196118457243,14.0,100,0.0,0.14,-0.048498106300830846,0.5571268571520704,"[0.4474819600582123, -0.1807573139667511, 0.24655279517173767]","[0.5204674601554871, 0.20454132556915283, 0.2807859480381012]","[0.48006299138069153, -0.008252851665019989, 0.24644437432289124]",0.07,0.13,0.03
STAR,star_v2,raw,30,panda_showcase_refcorridor_star_v2_s30,/root/autodl-tmp/star_v2_storage/results/star_arm_panda/showcase_mechanism/SafetyPandaReachObstacle-v0/star_v2/panda_showcase_refcorridor_star_v2_s30/checkpoint/final.torch,900058,1647017046,-2.9504131005704397,17.0,23,1.0,0.7391304347826086,-0.016633709073066716,0.5030068466439843,"[0.4594775438308716, -0.19838523864746094, 0.23752380907535553]","[0.5774844884872437, 0.17816847562789917, 0.2320932298898697]","[0.4980936348438263, 0.00896543264389038, 0.2773452401161194]",0.07,0.13,0.03
STAR,star_v2,raw,30,panda_showcase_refcorridor_star_v2_s30,/root/autodl-tmp/star_v2_storage/results/star_arm_panda/showcase_mechanism/SafetyPandaReachObstacle-v0/star_v2/panda_showcase_refcorridor_star_v2_s30/checkpoint/final.torch,900059,355224768,-4.450344916349277,20.0,36,1.0,0.5555555555555556,-0.031201300323009495,0.5404607942327857,"[0.46045881509780884, -0.162709578871727, 0.2371809184551239]","[0.5872582197189331, 0.20692050457000732, 0.2167542278766632]","[0.4790983200073242, -0.004700423683971167, 0.2613859474658966]",0.07,0.13,0.03
STAR,star_v2,raw,30,panda_showcase_refcorridor_star_v2_s30,/root/autodl-tmp/star_v2_storage/results/star_arm_panda/showcase_mechanism/SafetyPandaReachObstacle-v0/star_v2/panda_showcase_refcorridor_star_v2_s30/checkpoint/final.torch,900060,1205708711,-8.252241133054557,15.0,100,0.0,0.15,-0.04727875173091889,0.5382451127381955,"[0.44822078943252563, -0.19352467358112335, 0.2551233470439911]","[0.560427725315094, 0.18000848591327667, 0.2748303711414337]","[0.4867066740989685, -0.020578602328896523, 0.24879981577396393]",0.07,0.13,0.03
STAR,star_v2,raw,30,panda_showcase_refcorridor_star_v2_s30,/root/autodl-tmp/star_v2_storage/results/star_arm_panda/showcase_mechanism/SafetyPandaReachObstacle-v0/star_v2/panda_showcase_refcorridor_star_v2_s30/checkpoint/final.torch,900061,819631921,-8.500674222111702,10.0,100,0.0,0.1,-0.09193310990929604,0.5222899338723437,"[0.43962499499320984, -0.1828187108039856, 0.24264474213123322]","[0.5170091986656189, 0.2126070261001587, 0.2807893753051758]","[0.5168071985244751, -0.02334889955818653, 0.2772974371910095]",0.07,0.13,0.03
STAR,star_v2,raw,30,panda_showcase_refcorridor_star_v2_s30,/root/autodl-tmp/star_v2_storage/results/star_arm_panda/showcase_mechanism/SafetyPandaReachObstacle-v0/star_v2/panda_showcase_refcorridor_star_v2_s30/checkpoint/final.torch,900062,701744779,-2.492110217795708,12.0,25,1.0,0.48,-0.07372128322720528,0.4887859250884503,"[0.4515160024166107, -0.18604812026023865, 0.23835489153862]","[0.5537936091423035, 0.15619505941867828, 0.2810704708099365]","[0.5207139253616333, -0.017915232107043266, 0.2788306772708893]",0.07,0.13,0.03
STAR,star_v2,raw,30,panda_showcase_refcorridor_star_v2_s30,/root/autodl-tmp/star_v2_storage/results/star_arm_panda/showcase_mechanism/SafetyPandaReachObstacle-v0/star_v2/panda_showcase_refcorridor_star_v2_s30/checkpoint/final.torch,900063,1591014941,-2.135001970157026,14.0,20,1.0,0.7,-0.07329044222831727,0.4800065252929926,"[0.4437107741832733, -0.17715410888195038, 0.2323048710823059]","[0.5722714066505432, 0.16631868481636047, 0.25194329023361206]","[0.4966038167476654, -0.022500423714518547, 0.2710503935813904]",0.07,0.13,0.03
STAR,star_v2,raw,30,panda_showcase_refcorridor_star_v2_s30,/root/autodl-tmp/star_v2_storage/results/star_arm_panda/showcase_mechanism/SafetyPandaReachObstacle-v0/star_v2/panda_showcase_refcorridor_star_v2_s30/checkpoint/final.torch,900064,1085301694,-8.428351588994262,14.0,100,0.0,0.14,-0.053997081816196446,0.5601572803001318,"[0.4678160846233368, -0.18702802062034607, 0.24818216264247894]","[0.528221845626831, 0.21844890713691711, 0.254675030708313]","[0.5129660367965698, 0.014245516620576382, 0.2587006688117981]",0.07,0.13,0.03
STAR,star_v2,raw,30,panda_showcase_refcorridor_star_v2_s30,/root/autodl-tmp/star_v2_storage/results/star_arm_panda/showcase_mechanism/SafetyPandaReachObstacle-v0/star_v2/panda_showcase_refcorridor_star_v2_s30/checkpoint/final.torch,900065,934761256,-4.359521897193044,26.0,32,1.0,0.8125,-0.05022614181041718,0.5581936598755419,"[0.43882158398628235, -0.1871444433927536, 0.2312755435705185]","[0.5145354270935059, 0.1916736215353012, 0.21069012582302094]","[0.5163106918334961, 0.023261791095137596, 0.27562105655670166]",0.07,0.13,0.03
STAR,star_v2,raw,30,panda_showcase_refcorridor_star_v2_s30,/root/autodl-tmp/star_v2_storage/results/star_arm_panda/showcase_mechanism/SafetyPandaReachObstacle-v0/star_v2/panda_showcase_refcorridor_star_v2_s30/checkpoint/final.torch,900066,784204434,-2.6834265082329507,26.0,27,1.0,0.9629629629629629,-0.06565558642148972,0.45872738398611546,"[0.4652649760246277, -0.17133769392967224, 0.23875266313552856]","[0.5512958765029907, 0.15188537538051605, 0.21876773238182068]","[0.5255670547485352, -0.006216301582753658, 0.2723707854747772]",0.07,0.13,0.03
STAR,star_v2,raw,30,panda_showcase_refcorridor_star_v2_s30,/root/autodl-tmp/star_v2_storage/results/star_arm_panda/showcase_mechanism/SafetyPandaReachObstacle-v0/star_v2/panda_showcase_refcorridor_star_v2_s30/checkpoint/final.torch,900067,1505309188,-9.009953681053593,16.0,100,0.0,0.16,-0.050551359653472905,0.5611724657780996,"[0.46236833930015564, -0.1601705402135849, 0.23370380699634552]","[0.5160618424415588, 0.20241177082061768, 0.2674410939216614]","[0.48947715759277344, 0.002343944041058421, 0.26205188035964966]",0.07,0.13,0.03
STAR,star_v2,raw,30,panda_showcase_refcorridor_star_v2_s30,/root/autodl-tmp/star_v2_storage/results/star_arm_panda/showcase_mechanism/SafetyPandaReachObstacle-v0/star_v2/panda_showcase_refcorridor_star_v2_s30/checkpoint/final.torch,900068,1225142165,-1.402121230959892,14.0,14,1.0,1.0,-0.05428388446569443,0.35320894233882427,"[0.44804564118385315, -0.1776905506849289, 0.26236462593078613]","[0.5550588369369507, 0.15132516622543335, 0.284529447555542]","[0.5059732794761658, -0.013817420229315758, 0.23396404087543488]",0.07,0.13,0.03
STAR,star_v2,raw,30,panda_showcase_refcorridor_star_v2_s30,/root/autodl-tmp/star_v2_storage/results/star_arm_panda/showcase_mechanism/SafetyPandaReachObstacle-v0/star_v2/panda_showcase_refcorridor_star_v2_s30/checkpoint/final.torch,900069,1040260867,-12.314926785267888,99.0,100,0.0,0.99,-0.061519888341426854,0.45095384767409996,"[0.44568872451782227, -0.1874353438615799, 0.2387656718492508]","[0.5560109615325928, 0.18644705414772034, 0.21829473972320557]","[0.5184717774391174, 0.017126906663179398, 0.24508340656757355]",0.07,0.13,0.03
STAR,star_v2,raw,30,panda_showcase_refcorridor_star_v2_s30,/root/autodl-tmp/star_v2_storage/results/star_arm_panda/showcase_mechanism/SafetyPandaReachObstacle-v0/star_v2/panda_showcase_refcorridor_star_v2_s30/checkpoint/final.torch,900070,1590073062,-2.94095790758729,16.0,21,1.0,0.7619047619047619,-0.05398622632026673,0.46212554816156626,"[0.4357897639274597, -0.17831872403621674, 0.25829291343688965]","[0.5304291844367981, 0.20439308881759644, 0.22001831233501434]","[0.49040886759757996, -0.00624861242249608, 0.24523746967315674]",0.07,0.13,0.03
STAR,star_v2,raw,30,panda_showcase_refcorridor_star_v2_s30,/root/autodl-tmp/star_v2_storage/results/star_arm_panda/showcase_mechanism/SafetyPandaReachObstacle-v0/star_v2/panda_showcase_refcorridor_star_v2_s30/checkpoint/final.torch,900071,700556912,-4.841682597491891,30.0,33,1.0,0.9090909090909091,-0.015887190699577336,0.5414290488697588,"[0.45787182450294495, -0.16393224895000458, 0.23547041416168213]","[0.5660957098007202, 0.20901572704315186, 0.24194347858428955]","[0.4709867537021637, 0.011254510842263699, 0.24462729692459106]",0.07,0.13,0.03
STAR,star_v2,raw,30,panda_showcase_refcorridor_star_v2_s30,/root/autodl-tmp/star_v2_storage/results/star_arm_panda/showcase_mechanism/SafetyPandaReachObstacle-v0/star_v2/panda_showcase_refcorridor_star_v2_s30/checkpoint/final.torch,900072,818477002,-2.187559203356504,12.0,17,1.0,0.7058823529411765,-0.060114842951297764,0.4104340588673949,"[0.46353593468666077, -0.16346246004104614, 0.26463499665260315]","[0.5410247445106506, 0.21245278418064117, 0.2673240005970001]","[0.5217951536178589, -0.021530207246541977, 0.24161548912525177]",0.07,0.13,0.03
STAR,star_v2,raw,30,panda_showcase_refcorridor_star_v2_s30,/root/autodl-tmp/star_v2_storage/results/star_arm_panda/showcase_mechanism/SafetyPandaReachObstacle-v0/star_v2/panda_showcase_refcorridor_star_v2_s30/checkpoint/final.torch,900073,1204799324,-8.381884387045986,22.0,100,0.0,0.22,-0.023826536834239964,0.5803158972526035,"[0.4532538056373596, -0.18763186037540436, 0.242832750082016]","[0.5138345956802368, 0.17316319048404694, 0.262383371591568]","[0.4764636754989624, 0.021991167217493057, 0.26004332304000854]",0.07,0.13,0.03
STAR,star_v2,raw,30,panda_showcase_refcorridor_star_v2_s30,/root/autodl-tmp/star_v2_storage/results/star_arm_panda/showcase_mechanism/SafetyPandaReachObstacle-v0/star_v2/panda_showcase_refcorridor_star_v2_s30/checkpoint/final.torch,900074,1504400127,-4.520398626141249,18.0,31,1.0,0.5806451612903226,-0.03934398770332337,0.5854580339509994,"[0.45616552233695984, -0.19543300569057465, 0.23219002783298492]","[0.522944986820221, 0.2187114804983139, 0.2503149211406708]","[0.4976438581943512, 0.0014394723111763597, 0.2525618076324463]",0.07,0.13,0.03
STAR,star_v2,raw,30,panda_showcase_refcorridor_star_v2_s30,/root/autodl-tmp/star_v2_storage/results/star_arm_panda/showcase_mechanism/SafetyPandaReachObstacle-v0/star_v2/panda_showcase_refcorridor_star_v2_s30/checkpoint/final.torch,900075,783049321,-8.247733418274855,14.0,100,0.0,0.14,-0.07139287248253823,0.5268069402854962,"[0.45092642307281494, -0.17780433595180511, 0.25786280632019043]","[0.5424513816833496, 0.18804970383644104, 0.2850326597690582]","[0.5158604979515076, 0.002361128805205226, 0.2677171230316162]",0.07,0.13,0.03
STAR,star_v2,raw,30,panda_showcase_refcorridor_star_v2_s30,/root/autodl-tmp/star_v2_storage/results/star_arm_panda/showcase_mechanism/SafetyPandaReachObstacle-v0/star_v2/panda_showcase_refcorridor_star_v2_s30/checkpoint/final.torch,900076,933573587,-2.395097050704061,19.0,22,1.0,0.8636363636363636,-0.03678962320089341,0.4498455193825066,"[0.45638301968574524, -0.190945103764534, 0.24487324059009552]","[0.5588583946228027, 0.1495782881975174, 0.26219770312309265]","[0.48280441761016846, -0.01981239952147007, 0.23168174922466278]",0.07,0.13,0.03
STAR,star_v2,raw,30,panda_showcase_refcorridor_star_v2_s30,/root/autodl-tmp/star_v2_storage/results/star_arm_panda/showcase_mechanism/SafetyPandaReachObstacle-v0/star_v2/panda_showcase_refcorridor_star_v2_s30/checkpoint/final.torch,900077,1084359493,-9.282230427730825,16.0,100,0.0,0.16,-0.037001145184040074,0.587170774292872,"[0.4576917588710785, -0.193048357963562, 0.24685198068618774]","[0.5397484302520752, 0.21542082726955414, 0.2788696587085724]","[0.476786345243454, -0.024396460503339767, 0.2703821361064911]",0.07,0.13,0.03
STAR,star_v2,raw,30,panda_showcase_refcorridor_star_v2_s30,/root/autodl-tmp/star_v2_storage/results/star_arm_panda/showcase_mechanism/SafetyPandaReachObstacle-v0/star_v2/panda_showcase_refcorridor_star_v2_s30/checkpoint/final.torch,900078,1344085716,-2.3759489375352865,12.0,18,1.0,0.6666666666666666,-0.07020644202828408,0.42861973494291306,"[0.44981759786605835, -0.1642124503850937, 0.2574579119682312]","[0.5354727506637573, 0.21935629844665527, 0.2566889226436615]","[0.5185362696647644, -0.014137590304017067, 0.23638781905174255]",0.07,0.13,0.03
STAR,star_v2,raw,30,panda_showcase_refcorridor_star_v2_s30,/root/autodl-tmp/star_v2_storage/results/star_arm_panda/showcase_mechanism/SafetyPandaReachObstacle-v0/star_v2/panda_showcase_refcorridor_star_v2_s30/checkpoint/final.torch,900079,656027202,-11.618629883788527,25.0,100,0.0,0.25,-0.06272345513105393,0.47047546640351356,"[0.4422498941421509, -0.17390428483486176, 0.24589471518993378]","[0.56826251745224, 0.20201817154884338, 0.21244245767593384]","[0.5195353031158447, 0.013410743325948715, 0.2388710081577301]",0.07,0.13,0.03
STAR,star_v2,raw,30,panda_showcase_refcorridor_star_v2_s30,/root/autodl-tmp/star_v2_storage/results/star_arm_panda/showcase_mechanism/SafetyPandaReachObstacle-v0/star_v2/panda_showcase_refcorridor_star_v2_s30/checkpoint/final.torch,900080,1499367977,-4.477408968806268,20.0,31,1.0,0.6451612903225806,-0.028139610886573796,0.5560147743672132,"[0.4335404336452484, -0.18886680901050568, 0.24723172187805176]","[0.5492956638336182, 0.21548773348331451, 0.25244709849357605]","[0.4824739396572113, -0.009548494592308998, 0.23472023010253906]",0.07,0.13,0.03
STAR,star_v2,raw,30,panda_showcase_refcorridor_star_v2_s30,/root/autodl-tmp/star_v2_storage/results/star_arm_panda/showcase_mechanism/SafetyPandaReachObstacle-v0/star_v2/panda_showcase_refcorridor_star_v2_s30/checkpoint/final.torch,900081,777632447,-1.4960083155333994,9.0,14,1.0,0.6428571428571429,-0.05525972425937653,0.35628252290189266,"[0.44002485275268555, -0.1614380180835724, 0.25600600242614746]","[0.557868242263794, 0.17088419198989868, 0.2636769711971283]","[0.4921516478061676, -0.019450223073363304, 0.23839665949344635]",0.07,0.13,0.03
STAR,star_v2,raw,30,panda_showcase_refcorridor_star_v2_s30,/root/autodl-tmp/star_v2_storage/results/star_arm_panda/showcase_mechanism/SafetyPandaReachObstacle-v0/star_v2/panda_showcase_refcorridor_star_v2_s30/checkpoint/final.torch,900082,928049925,-5.686317469258502,39.0,43,1.0,0.9069767441860465,-0.019550492167472844,0.5286208849865943,"[0.4688190817832947, -0.16064870357513428, 0.2346157729625702]","[0.5332322716712952, 0.2009461522102356, 0.24240612983703613]","[0.4814680516719818, 0.025847522541880608, 0.24124406278133392]",0.07,0.13,0.03
STAR,star_v2,raw,30,panda_showcase_refcorridor_star_v2_s30,/root/autodl-tmp/star_v2_storage/results/star_arm_panda/showcase_mechanism/SafetyPandaReachObstacle-v0/star_v2/panda_showcase_refcorridor_star_v2_s30/checkpoint/final.torch,900083,1079499667,-9.917529420256614,99.0,100,0.0,0.99,-0.04142842918634415,0.39331136208420503,"[0.4483892321586609, -0.19373244047164917, 0.24660195410251617]","[0.5857009887695312, 0.15372198820114136, 0.23620553314685822]","[0.5213162302970886, 0.012671261094510555, 0.22199662029743195]",0.07,0.13,0.03
STAR,star_v2,raw,30,panda_showcase_refcorridor_star_v2_s30,/root/autodl-tmp/star_v2_storage/results/star_arm_panda/showcase_mechanism/SafetyPandaReachObstacle-v0/star_v2/panda_showcase_refcorridor_star_v2_s30/checkpoint/final.torch,900084,1580420656,-9.930159590467817,99.0,100,0.0,0.99,-0.05356929928064347,0.41934025548107456,"[0.4364936351776123, -0.18693579733371735, 0.2591893970966339]","[0.5831224918365479, 0.16864155232906342, 0.23447467386722565]","[0.5155304074287415, 0.02043059840798378, 0.23728711903095245]",0.07,0.13,0.03
STAR,star_v2,raw,30,panda_showcase_refcorridor_star_v2_s30,/root/autodl-tmp/star_v2_storage/results/star_arm_panda/showcase_mechanism/SafetyPandaReachObstacle-v0/star_v2/panda_showcase_refcorridor_star_v2_s30/checkpoint/final.torch,900085,691306150,-2.8069814588129525,15.0,23,1.0,0.6521739130434783,-0.06770376220345498,0.4990444555878639,"[0.4481537938117981, -0.16746491193771362, 0.2368210256099701]","[0.5649104118347168, 0.19934502243995667, 0.2744758427143097]","[0.5117812752723694, 0.004379466641694307, 0.26297271251678467]",0.07,0.13,0.03
STAR,star_v2,raw,30,panda_showcase_refcorridor_star_v2_s30,/root/autodl-tmp/star_v2_storage/results/star_arm_panda/showcase_mechanism/SafetyPandaReachObstacle-v0/star_v2/panda_showcase_refcorridor_star_v2_s30/checkpoint/final.torch,900086,809316124,-3.964223409139087,17.0,33,1.0,0.5151515151515151,-0.03018919855356217,0.5285254812333733,"[0.4629957377910614, -0.18474413454532623, 0.2541821300983429]","[0.557693362236023, 0.2112780213356018, 0.2785639762878418]","[0.4965934753417969, -0.0029130009934306145, 0.23590807616710663]",0.07,0.13,0.03
STAR,star_v2,raw,30,panda_showcase_refcorridor_star_v2_s30,/root/autodl-tmp/star_v2_storage/results/star_arm_panda/showcase_mechanism/SafetyPandaReachObstacle-v0/star_v2/panda_showcase_refcorridor_star_v2_s30/checkpoint/final.torch,900087,1194991498,-7.006327375763861,70.0,72,1.0,0.9722222222222222,-0.023617346882820134,0.49449361500592204,"[0.4305584132671356, -0.18835599720478058, 0.2515206038951874]","[0.5708926916122437, 0.1410597562789917, 0.2824353277683258]","[0.4747723340988159, 0.009348858147859573, 0.22368177771568298]",0.07,0.13,0.03
STAR,star_v2,raw,30,panda_showcase_refcorridor_star_v2_s30,/root/autodl-tmp/star_v2_storage/results/star_arm_panda/showcase_mechanism/SafetyPandaReachObstacle-v0/star_v2/panda_showcase_refcorridor_star_v2_s30/checkpoint/final.torch,900088,1468334619,-1.6247298544645306,16.0,16,1.0,1.0,-0.03584348142147065,0.36281500570476055,"[0.45888903737068176, -0.17115414142608643, 0.2530774474143982]","[0.561838686466217, 0.1592857837677002, 0.27990442514419556]","[0.5078164935112, 0.014320902526378632, 0.22097864747047424]",0.07,0.13,0.03
STAR,star_v2,raw,30,panda_showcase_refcorridor_star_v2_s30,/root/autodl-tmp/star_v2_storage/results/star_arm_panda/showcase_mechanism/SafetyPandaReachObstacle-v0/star_v2/panda_showcase_refcorridor_star_v2_s30/checkpoint/final.torch,900089,545403533,-4.250726522803306,19.0,32,1.0,0.59375,-0.020886463224887852,0.535904495511204,"[0.4615268111228943, -0.19680353999137878, 0.235075905919075]","[0.5754786729812622, 0.19721834361553192, 0.2823878526687622]","[0.49041229486465454, -0.01288680825382471, 0.23028093576431274]",0.07,0.13,0.03
STAR,star_v2,raw,30,panda_showcase_refcorridor_star_v2_s30,/root/autodl-tmp/star_v2_storage/results/star_arm_panda/showcase_mechanism/SafetyPandaReachObstacle-v0/star_v2/panda_showcase_refcorridor_star_v2_s30/checkpoint/final.torch,900090,1078311784,-9.431800685809533,17.0,100,0.0,0.17,-0.03806832909584046,0.5533060217028378,"[0.46372315287590027, -0.1797468513250351, 0.2639615833759308]","[0.5467708706855774, 0.18164385855197906, 0.27972692251205444]","[0.4825339913368225, -0.00202198070473969, 0.272638738155365]",0.07,0.13,0.03
STAR,star_v2,raw,30,panda_showcase_refcorridor_star_v2_s30,/root/autodl-tmp/star_v2_storage/results/star_arm_panda/showcase_mechanism/SafetyPandaReachObstacle-v0/star_v2/panda_showcase_refcorridor_star_v2_s30/checkpoint/final.torch,900091,927108094,-10.749222741173577,18.0,100,0.0,0.18,-0.039256294369697575,0.5437336061633573,"[0.45996540784835815, -0.19847460091114044, 0.25924521684646606]","[0.5876471996307373, 0.2155587077140808, 0.2273007333278656]","[0.5074880719184875, -0.023287270218133926, 0.24788163602352142]",0.07,0.13,0.03
STAR,star_v2,raw,30,panda_showcase_refcorridor_star_v2_s30,/root/autodl-tmp/star_v2_storage/results/star_arm_panda/showcase_mechanism/SafetyPandaReachObstacle-v0/star_v2/panda_showcase_refcorridor_star_v2_s30/checkpoint/final.torch,900092,776723012,-1.6172781896591188,14.0,15,1.0,0.9333333333333333,-0.06766064941883088,0.3790288055315614,"[0.4474928677082062, -0.16411574184894562, 0.24397100508213043]","[0.5258826017379761, 0.178428053855896, 0.2558121085166931]","[0.5123545527458191, -0.005973390303552151, 0.23444396257400513]",0.07,0.13,0.03
STAR,star_v2,raw,30,panda_showcase_refcorridor_star_v2_s30,/root/autodl-tmp/star_v2_storage/results/star_arm_panda/showcase_mechanism/SafetyPandaReachObstacle-v0/star_v2/panda_showcase_refcorridor_star_v2_s30/checkpoint/final.torch,900093,1498213074,-1.3867468939721586,12.0,14,1.0,0.8571428571428571,-0.03727053582668305,0.3522166609764099,"[0.44572463631629944, -0.1823747307062149, 0.24892446398735046]","[0.5592263340950012, 0.1424083113670349, 0.2858852446079254]","[0.478861004114151, -0.013793588615953922, 0.22902268171310425]",0.07,0.13,0.03
STAR,star_v2,raw,30,panda_showcase_refcorridor_star_v2_s30,/root/autodl-tmp/star_v2_storage/results/star_arm_panda/showcase_mechanism/SafetyPandaReachObstacle-v0/star_v2/panda_showcase_refcorridor_star_v2_s30/checkpoint/final.torch,900094,1193836401,-2.3958145929872994,19.0,22,1.0,0.8636363636363636,-0.04467762738466263,0.45514776837080717,"[0.4517911672592163, -0.17966651916503906, 0.2307739406824112]","[0.554783284664154, 0.14889176189899445, 0.23584911227226257]","[0.47163572907447815, -0.029116502031683922, 0.2343880534172058]",0.07,0.13,0.03
STAR,star_v2,raw,30,panda_showcase_refcorridor_star_v2_s30,/root/autodl-tmp/star_v2_storage/results/star_arm_panda/showcase_mechanism/SafetyPandaReachObstacle-v0/star_v2/panda_showcase_refcorridor_star_v2_s30/checkpoint/final.torch,900095,808407015,-2.7249477282166485,13.0,19,1.0,0.6842105263157895,-0.05203772068023682,0.4332079170271754,"[0.44642582535743713, -0.1904354989528656, 0.26435425877571106]","[0.5318938493728638, 0.19296756386756897, 0.22844718396663666]","[0.509907603263855, -0.019517162814736366, 0.22830075025558472]",0.07,0.13,0.03
STAR,star_v2,raw,30,panda_showcase_refcorridor_star_v2_s30,/root/autodl-tmp/star_v2_storage/results/star_arm_panda/showcase_mechanism/SafetyPandaReachObstacle-v0/star_v2/panda_showcase_refcorridor_star_v2_s30/checkpoint/final.torch,900096,690363997,-1.4350091776251794,11.0,15,1.0,0.7333333333333333,-0.04715900599956513,0.33945292700082064,"[0.45530804991722107, -0.16508562862873077, 0.24378898739814758]","[0.5568145513534546, 0.14770109951496124, 0.23717078566551208]","[0.49197918176651, -0.016009999439120293, 0.22352834045886993]",0.07,0.13,0.03
STAR,star_v2,raw,30,panda_showcase_refcorridor_star_v2_s30,/root/autodl-tmp/star_v2_storage/results/star_arm_panda/showcase_mechanism/SafetyPandaReachObstacle-v0/star_v2/panda_showcase_refcorridor_star_v2_s30/checkpoint/final.torch,900097,1579232971,-2.954987701345236,25.0,26,1.0,0.9615384615384616,-0.023499396741390233,0.5177735178731382,"[0.44834667444229126, -0.1805916726589203, 0.25355908274650574]","[0.5710611343383789, 0.17458073794841766, 0.2658870816230774]","[0.4722551107406616, 0.02215798757970333, 0.27194100618362427]",0.07,0.13,0.03
STAR,star_v2,raw,30,panda_showcase_refcorridor_star_v2_s30,/root/autodl-tmp/star_v2_storage/results/star_arm_panda/showcase_mechanism/SafetyPandaReachObstacle-v0/star_v2/panda_showcase_refcorridor_star_v2_s30/checkpoint/final.torch,900098,1318990682,-2.8359204290807254,21.0,22,1.0,0.9545454545454546,-0.03601442009210587,0.5142310038208961,"[0.44219785928726196, -0.17556165158748627, 0.26145440340042114]","[0.5803982615470886, 0.18907597661018372, 0.2628333866596222]","[0.4720441699028015, 0.004072153475135565, 0.2633977234363556]",0.07,0.13,0.03
STAR,star_v2,raw,30,panda_showcase_refcorridor_star_v2_s30,/root/autodl-tmp/star_v2_storage/results/star_arm_panda/showcase_mechanism/SafetyPandaReachObstacle-v0/star_v2/panda_showcase_refcorridor_star_v2_s30/checkpoint/final.torch,900099,966329292,-3.2103324115148277,32.0,32,1.0,1.0,-0.03229000896215439,0.4420876486110501,"[0.45883893966674805, -0.1744724065065384, 0.2663797438144684]","[0.5847299695014954, 0.16492654383182526, 0.24168743193149567]","[0.4848249554634094, 0.005189570598304272, 0.2387108951807022]",0.07,0.13,0.03
