method,seed,episode,step,p_ee_x,p_ee_y,p_ee_z,p_goal_x,p_goal_y,p_goal_z,p_obs_x,p_obs_y,p_obs_z,obstacle_radius,safe_margin,clearance,distance_to_goal,distance_to_obstacle,cost,violation,collision,success,action_x,action_y,action_z,selected_action_x,selected_action_y,selected_action_z,is_selected_episode,train_seed,mode,run_name,checkpoint_path,episode_rng_seed,action_scale
SAC-Lag,900078,0,0,0.4498244524002075,-0.1642152369022369,0.2574626803398132,0.5354727506637573,0.21935629844665527,0.2566889226436615,0.5185362696647644,-0.014137590304017067,0.23638781905174255,0.07,0.13,0.0363994099105205,0.3930182456970215,0.1663994099105205,1.0,True,False,True,0.6518768668174744,0.984066128730774,-0.2342142611742019,0.6518768668174744,0.984066128730774,-0.2342142611742019,True,11,raw,panda_final_star_cfg2_sac_lag_s11,/root/autodl-tmp/star_v2_storage/results/star_arm_panda/final/SafetyPandaReachObstacle-v0/sac_lag/panda_final_star_cfg2_sac_lag_s11/checkpoint/final.torch,613723922,0.03
SAC-Lag,900078,0,1,0.4693107903003692,-0.1347058266401291,0.2504705190658569,0.5354727506637573,0.21935629844665527,0.2566889226436615,0.5185362696647644,-0.014137590304017067,0.23638781905174255,0.07,0.13,0.0009891975375931,0.3602444529533386,0.1309891975375931,1.0,True,True,True,-0.5273169875144958,0.9902360439300536,-0.5101491808891296,-0.5273169875144958,0.9902360439300536,-0.5101491808891296,True,11,raw,panda_final_star_cfg2_sac_lag_s11,/root/autodl-tmp/star_v2_storage/results/star_arm_panda/final/SafetyPandaReachObstacle-v0/sac_lag/panda_final_star_cfg2_sac_lag_s11/checkpoint/final.torch,613723922,0.03
SAC-Lag,900078,0,2,0.4535603523254394,-0.1050173640251159,0.2352180480957031,0.5354727506637573,0.21935629844665527,0.2566889226436615,0.5185362696647644,-0.014137590304017067,0.23638781905174255,0.07,0.13,-0.0182754661241564,0.3352445662021637,0.1117245338758435,1.0,True,True,True,0.5109881162643433,0.9789336919784546,-0.4588415026664734,0.5109881162643433,0.9789336919784546,-0.4588415026664734,True,11,raw,panda_final_star_cfg2_sac_lag_s11,/root/autodl-tmp/star_v2_storage/results/star_arm_panda/final/SafetyPandaReachObstacle-v0/sac_lag/panda_final_star_cfg2_sac_lag_s11/checkpoint/final.torch,613723922,0.03
SAC-Lag,900078,0,3,0.4688455164432525,-0.0756601095199585,0.2215211391448974,0.5354727506637573,0.21935629844665527,0.2566889226436615,0.5185362696647644,-0.014137590304017067,0.23638781905174255,0.07,0.13,-0.0495313135570757,0.3044842183589935,0.0804686864429242,1.0,True,True,True,0.5819909572601318,0.9868549704551696,0.7456910610198975,0.5819909572601318,0.9868549704551696,0.7456910610198975,True,11,raw,panda_final_star_cfg2_sac_lag_s11,/root/autodl-tmp/star_v2_storage/results/star_arm_panda/final/SafetyPandaReachObstacle-v0/sac_lag/panda_final_star_cfg2_sac_lag_s11/checkpoint/final.torch,613723922,0.03
SAC-Lag,900078,0,4,0.486228883266449,-0.0460470952093601,0.2438468039035797,0.5354727506637573,0.21935629844665527,0.2566889226436615,0.5185362696647644,-0.014137590304017067,0.23638781905174255,0.07,0.13,-0.0839823927804356,0.2702384889125824,0.0460176072195643,1.0,True,True,True,-0.9467508792877196,0.9458261728286744,-0.9538296461105348,-0.9467508792877196,0.9458261728286744,-0.9538296461105348,True,11,raw,panda_final_star_cfg2_sac_lag_s11,/root/autodl-tmp/star_v2_storage/results/star_arm_panda/final/SafetyPandaReachObstacle-v0/sac_lag/panda_final_star_cfg2_sac_lag_s11/checkpoint/final.torch,613723922,0.03
SAC-Lag,900078,0,5,0.4578939080238342,-0.0176755022257566,0.2152851223945617,0.5354727506637573,0.21935629844665527,0.2566889226436615,0.5185362696647644,-0.014137590304017067,0.23638781905174255,0.07,0.13,-0.0656934167261209,0.2528177797794342,0.064306583273879,1.0,True,True,True,0.6058543920516968,0.9733775854110718,-0.0435236319899559,0.6058543920516968,0.9733775854110718,-0.0435236319899559,True,11,raw,panda_final_star_cfg2_sac_lag_s11,/root/autodl-tmp/star_v2_storage/results/star_arm_panda/final/SafetyPandaReachObstacle-v0/sac_lag/panda_final_star_cfg2_sac_lag_s11/checkpoint/final.torch,613723922,0.03
SAC-Lag,900078,0,6,0.4759898483753204,0.011522626504302,0.2139442861080169,0.5354727506637573,0.21935629844665527,0.2566889226436615,0.5185362696647644,-0.014137590304017067,0.23638781905174255,0.07,0.13,-0.0754806744155351,0.2203636914491653,0.0545193255844648,1.0,True,True,True,0.6330584287643433,0.9912729859352112,0.5865554809570312,0.6330584287643433,0.9912729859352112,0.5865554809570312,True,11,raw,panda_final_star_cfg2_sac_lag_s11,/root/autodl-tmp/star_v2_storage/results/star_arm_panda/final/SafetyPandaReachObstacle-v0/sac_lag/panda_final_star_cfg2_sac_lag_s11/checkpoint/final.torch,613723922,0.03
SAC-Lag,900078,0,7,0.4949021637439728,0.0412518754601478,0.2315057516098022,0.5354727506637573,0.21935629844665527,0.2566889226436615,0.5185362696647644,-0.014137590304017067,0.23638781905174255,0.07,0.13,-0.0695814725202405,0.1843945682048797,0.0604185274797594,1.0,True,True,True,0.7976741790771484,0.9945228099822998,0.3348943293094635,0.7976741790771484,0.9945228099822998,0.3348943293094635,True,11,raw,panda_final_star_cfg2_sac_lag_s11,/root/autodl-tmp/star_v2_storage/results/star_arm_panda/final/SafetyPandaReachObstacle-v0/sac_lag/panda_final_star_cfg2_sac_lag_s11/checkpoint/final.torch,613723922,0.03
SAC-Lag,900078,0,8,0.5187503695487976,0.0710735544562339,0.2415274381637573,0.5354727506637573,0.21935629844665527,0.2566889226436615,0.5185362696647644,-0.014137590304017067,0.23638781905174255,0.07,0.13,-0.0446337261283509,0.1499909311532974,0.085366273871649,1.0,True,True,True,-0.1729682981967926,0.9879283905029296,0.1405886262655258,-0.1729682981967926,0.9879283905029296,0.1405886262655258,True,11,raw,panda_final_star_cfg2_sac_lag_s11,/root/autodl-tmp/star_v2_storage/results/star_arm_panda/final/SafetyPandaReachObstacle-v0/sac_lag/panda_final_star_cfg2_sac_lag_s11/checkpoint/final.torch,613723922,0.03
SAC-Lag,900078,0,9,0.5135136246681213,0.1006657853722572,0.245689183473587,0.5354727506637573,0.21935629844665527,0.2566889226436615,0.5185362696647644,-0.014137590304017067,0.23638781905174255,0.07,0.13,-0.0147109831356948,0.1212049275636673,0.1152890168643051,1.0,True,True,True,0.6191333532333374,0.9918421506881714,-0.132829412817955,0.6191333532333374,0.9918421506881714,-0.132829412817955,True,11,raw,panda_final_star_cfg2_sac_lag_s11,/root/autodl-tmp/star_v2_storage/results/star_arm_panda/final/SafetyPandaReachObstacle-v0/sac_lag/panda_final_star_cfg2_sac_lag_s11/checkpoint/final.torch,613723922,0.03
SAC-Lag,900078,0,10,0.5320027470588684,0.1303979605436325,0.2416851818561554,0.5354727506637573,0.21935629844665527,0.2566889226436615,0.5185362696647644,-0.014137590304017067,0.23638781905174255,0.07,0.13,0.0152581616465009,0.0902814418077468,0.1452581616465009,0.0,False,True,True,0.8542022705078125,0.9970621466636658,-0.2932880520820617,0.8542022705078125,0.9970621466636658,-0.2932880520820617,True,11,raw,panda_final_star_cfg2_sac_lag_s11,/root/autodl-tmp/star_v2_storage/results/star_arm_panda/final/SafetyPandaReachObstacle-v0/sac_lag/panda_final_star_cfg2_sac_lag_s11/checkpoint/final.torch,613723922,0.03
SAC-Lag,900078,0,11,0.5575482845306396,0.1602851003408432,0.2328751981258392,0.5354727506637573,0.21935629844665527,0.2566889226436615,0.5185362696647644,-0.014137590304017067,0.23638781905174255,0.07,0.13,0.0487667497647618,0.0674079284071922,0.1787667497647618,0.0,False,False,True,0.5413429737091064,0.9898385405540466,0.4086320400238037,0.5413429737091064,0.9898385405540466,0.4086320400238037,True,11,raw,panda_final_star_cfg2_sac_lag_s11,/root/autodl-tmp/star_v2_storage/results/star_arm_panda/final/SafetyPandaReachObstacle-v0/sac_lag/panda_final_star_cfg2_sac_lag_s11/checkpoint/final.torch,613723922,0.03
Current-only-N,900078,0,0,0.4498244524002075,-0.1642152369022369,0.2574626803398132,0.5354727506637573,0.21935629844665527,0.2566889226436615,0.5185362696647644,-0.014137590304017067,0.23638781905174255,0.07,0.13,0.0363994099105205,0.3930182456970215,0.1663994099105205,1.0,True,False,True,0.3714492321014404,0.9694465398788452,0.1090811938047409,0.3714492321014404,0.9694465398788452,0.1090811938047409,True,11,raw,panda_final_star_cfg2_current_only_v2_s11,/root/autodl-tmp/star_v2_storage/results/star_arm_panda/final/SafetyPandaReachObstacle-v0/current_only_v2/panda_final_star_cfg2_current_only_v2_s11/checkpoint/final.torch,1460226829,0.03
Current-only-N,900078,0,1,0.4609850943088531,-0.1351998150348663,0.2607319056987762,0.5354727506637573,0.21935629844665527,0.2566889226436615,0.5185362696647644,-0.014137590304017067,0.23638781905174255,0.07,0.13,0.0062381539668964,0.3623186647891998,0.1362381539668964,1.0,True,True,True,0.3472455739974975,0.9854260683059692,-0.1283008307218551,0.3472455739974975,0.9854260683059692,-0.1283008307218551,True,11,raw,panda_final_star_cfg2_current_only_v2_s11,/root/autodl-tmp/star_v2_storage/results/star_arm_panda/final/SafetyPandaReachObstacle-v0/current_only_v2/panda_final_star_cfg2_current_only_v2_s11/checkpoint/final.torch,1460226829,0.03
Current-only-N,900078,0,2,0.4714075326919555,-0.1056859493255615,0.2569412589073181,0.5354727506637573,0.21935629844665527,0.2566889226436615,0.5185362696647644,-0.014137590304017067,0.23638781905174255,0.07,0.13,-0.0250016010689374,0.331295758485794,0.1049983989310625,1.0,True,True,True,0.5951844453811646,0.9836934804916382,-0.1432108879089355,0.5951844453811646,0.9836934804916382,-0.1432108879089355,True,11,raw,panda_final_star_cfg2_current_only_v2_s11,/root/autodl-tmp/star_v2_storage/results/star_arm_panda/final/SafetyPandaReachObstacle-v0/current_only_v2/panda_final_star_cfg2_current_only_v2_s11/checkpoint/final.torch,1460226829,0.03
Current-only-N,900078,0,3,0.4891851842403412,-0.0761645808815956,0.2526201009750366,0.5354727506637573,0.21935629844665527,0.2566889226436615,0.5185362696647644,-0.014137590304017067,0.23638781905174255,0.07,0.13,-0.0594853153439646,0.299151599407196,0.0705146846560353,1.0,True,True,True,0.5945944786071777,0.98381108045578,-0.0575244799256324,0.5945944786071777,0.98381108045578,-0.0575244799256324,True,11,raw,panda_final_star_cfg2_current_only_v2_s11,/root/autodl-tmp/star_v2_storage/results/star_arm_panda/final/SafetyPandaReachObstacle-v0/current_only_v2/panda_final_star_cfg2_current_only_v2_s11/checkpoint/final.torch,1460226829,0.03
Current-only-N,900078,0,4,0.5069421529769897,-0.0466429367661476,0.2508697509765625,0.5354727506637573,0.21935629844665527,0.2566889226436615,0.5185362696647644,-0.014137590304017067,0.23638781905174255,0.07,0.13,-0.0925734393422532,0.267588198184967,0.0374265606577467,1.0,True,True,True,0.4696434736251831,0.9869056940078736,0.0921494886279106,0.4696434736251831,0.9869056940078736,0.0921494886279106,True,11,raw,panda_final_star_cfg2_current_only_v2_s11,/root/autodl-tmp/star_v2_storage/results/star_arm_panda/final/SafetyPandaReachObstacle-v0/current_only_v2/panda_final_star_cfg2_current_only_v2_s11/checkpoint/final.torch,1460226829,0.03
Current-only-N,900078,0,5,0.520950436592102,-0.0170333012938499,0.2536117434501648,0.5354727506637573,0.21935629844665527,0.2566889226436615,0.5185362696647644,-0.014137590304017067,0.23638781905174255,0.07,0.13,-0.1123682979899201,0.2368552535772323,0.0176317020100798,1.0,True,True,True,-0.1302038431167602,0.991320252418518,0.0873765051364898,-0.1302038431167602,0.991320252418518,0.0873765051364898,True,11,raw,panda_final_star_cfg2_current_only_v2_s11,/root/autodl-tmp/star_v2_storage/results/star_arm_panda/final/SafetyPandaReachObstacle-v0/current_only_v2/panda_final_star_cfg2_current_only_v2_s11/checkpoint/final.torch,1460226829,0.03
Current-only-N,900078,0,6,0.5171319842338562,0.0127062415704131,0.2562488615512848,0.5354727506637573,0.21935629844665527,0.2566889226436615,0.5185362696647644,-0.014137590304017067,0.23638781905174255,0.07,0.13,-0.0965780859847501,0.2074628174304962,0.0334219140152499,1.0,True,True,True,-0.3461685478687286,0.9709570407867432,-0.5295354723930359,-0.3461685478687286,0.9709570407867432,-0.5295354723930359,True,11,raw,panda_final_star_cfg2_current_only_v2_s11,/root/autodl-tmp/star_v2_storage/results/star_arm_panda/final/SafetyPandaReachObstacle-v0/current_only_v2/panda_final_star_cfg2_current_only_v2_s11/checkpoint/final.torch,1460226829,0.03
Current-only-N,900078,0,7,0.5068248510360718,0.0418415330350399,0.2403993010520935,0.5354727506637573,0.21935629844665527,0.2566889226436615,0.5185362696647644,-0.014137590304017067,0.23638781905174255,0.07,0.13,-0.072668406929992,0.1805478930473327,0.0573315930700079,1.0,True,True,True,0.2331578135490417,0.9753549098968506,0.2354444116353988,0.2331578135490417,0.9753549098968506,0.2354444116353988,True,11,raw,panda_final_star_cfg2_current_only_v2_s11,/root/autodl-tmp/star_v2_storage/results/star_arm_panda/final/SafetyPandaReachObstacle-v0/current_only_v2/panda_final_star_cfg2_current_only_v2_s11/checkpoint/final.torch,1460226829,0.03
Current-only-N,900078,0,8,0.513739287853241,0.0710895210504531,0.2474358081817627,0.5354727506637573,0.21935629844665527,0.2566889226436615,0.5185362696647644,-0.014137590304017067,0.23638781905174255,0.07,0.13,-0.0439260224682023,0.1501366049051284,0.0860739775317976,1.0,True,True,True,-0.0731354504823684,0.943126916885376,0.480838418006897,-0.0731354504823684,0.943126916885376,0.480838418006897,True,11,raw,panda_final_star_cfg2_current_only_v2_s11,/root/autodl-tmp/star_v2_storage/results/star_arm_panda/final/SafetyPandaReachObstacle-v0/current_only_v2/panda_final_star_cfg2_current_only_v2_s11/checkpoint/final.torch,1460226829,0.03
Current-only-N,900078,0,9,0.5114664435386658,0.0993655174970626,0.2618252038955688,0.5354727506637573,0.21935629844665527,0.2566889226436615,0.5185362696647644,-0.014137590304017067,0.23638781905174255,0.07,0.13,-0.0134667495104949,0.1224764138460159,0.116533250489505,1.0,True,True,True,0.2542580962181091,0.9395512938499452,-0.1441311836242675,0.2542580962181091,0.9395512938499452,-0.1441311836242675,True,11,raw,panda_final_star_cfg2_current_only_v2_s11,/root/autodl-tmp/star_v2_storage/results/star_arm_panda/final/SafetyPandaReachObstacle-v0/current_only_v2/panda_final_star_cfg2_current_only_v2_s11/checkpoint/final.torch,1460226829,0.03
Current-only-N,900078,0,10,0.5190137624740601,0.1275310069322586,0.2574778795242309,0.5354727506637573,0.21935629844665527,0.2566889226436615,0.5185362696647644,-0.014137590304017067,0.23638781905174255,0.07,0.13,0.0132306185597557,0.0932920426130294,0.1432306185597557,0.0,False,True,True,0.762376070022583,0.9587597250938416,-0.6291096210479736,0.762376070022583,0.9587597250938416,-0.6291096210479736,True,11,raw,panda_final_star_cfg2_current_only_v2_s11,/root/autodl-tmp/star_v2_storage/results/star_arm_panda/final/SafetyPandaReachObstacle-v0/current_only_v2/panda_final_star_cfg2_current_only_v2_s11/checkpoint/final.torch,1460226829,0.03
Current-only-N,900078,0,11,0.5417999625205994,0.15626822412014,0.2385893166065216,0.5354727506637573,0.21935629844665527,0.2566889226436615,0.5185362696647644,-0.014137590304017067,0.23638781905174255,0.07,0.13,0.0420005453082478,0.0659373551607132,0.1720005453082478,0.0,False,False,True,-0.6001288890838623,0.7332950234413147,-0.2877005040645599,-0.6001288890838623,0.7332950234413147,-0.2877005040645599,True,11,raw,panda_final_star_cfg2_current_only_v2_s11,/root/autodl-tmp/star_v2_storage/results/star_arm_panda/final/SafetyPandaReachObstacle-v0/current_only_v2/panda_final_star_cfg2_current_only_v2_s11/checkpoint/final.torch,1460226829,0.03
Current-only-N,900078,0,12,0.5238766074180603,0.1782958209514618,0.2299736142158508,0.5354727506637573,0.21935629844665527,0.2566889226436615,0.5185362696647644,-0.014137590304017067,0.23638781905174255,0.07,0.13,0.0626143270850232,0.0503402538597583,0.1926143270850232,0.0,False,False,True,-0.3369865715503692,0.2366181015968322,0.0918334051966667,-0.3369865715503692,0.2366181015968322,0.0918334051966667,True,11,raw,panda_final_star_cfg2_current_only_v2_s11,/root/autodl-tmp/star_v2_storage/results/star_arm_panda/final/SafetyPandaReachObstacle-v0/current_only_v2/panda_final_star_cfg2_current_only_v2_s11/checkpoint/final.torch,1460226829,0.03
STAR,900078,0,0,0.4498244524002075,-0.1642152369022369,0.2574626803398132,0.5354727506637573,0.21935629844665527,0.2566889226436615,0.5185362696647644,-0.014137590304017067,0.23638781905174255,0.07,0.13,0.0363994099105205,0.3930182456970215,0.1663994099105205,1.0,True,False,False,0.7632911801338196,0.933601975440979,0.315622478723526,0.7632911801338196,0.933601975440979,0.315622478723526,True,30,raw,panda_showcase_refcorridor_star_v2_s30,/root/autodl-tmp/star_v2_storage/results/star_arm_panda/showcase_mechanism/SafetyPandaReachObstacle-v0/star_v2/panda_showcase_refcorridor_star_v2_s30/checkpoint/final.torch,1344085716,0.03
STAR,900078,0,1,0.4726523756980896,-0.1361860930919647,0.2668896317481994,0.5354727506637573,0.21935629844665527,0.2566889226436615,0.5185362696647644,-0.014137590304017067,0.23638781905174255,0.07,0.13,0.0039086604222985,0.3611936271190643,0.1339086604222985,1.0,True,True,False,0.5939077734947205,0.8240267038345337,0.2105127722024917,0.5939077734947205,0.8240267038345337,0.2105127722024917,True,30,raw,panda_showcase_refcorridor_star_v2_s30,/root/autodl-tmp/star_v2_storage/results/star_arm_panda/showcase_mechanism/SafetyPandaReachObstacle-v0/star_v2/panda_showcase_refcorridor_star_v2_s30/checkpoint/final.torch,1344085716,0.03
STAR,900078,0,2,0.4903914034366607,-0.1114470586180687,0.2731667757034302,0.5354727506637573,0.21935629844665527,0.2566889226436615,0.5185362696647644,-0.014137590304017067,0.23638781905174255,0.07,0.13,-0.0222319260126266,0.3342674374580383,0.1077680739873733,1.0,True,True,False,0.5213066935539246,0.9128589034080504,0.0971001610159874,0.5213066935539246,0.9128589034080504,0.0971001610159874,True,30,raw,panda_showcase_refcorridor_star_v2_s30,/root/autodl-tmp/star_v2_storage/results/star_arm_panda/showcase_mechanism/SafetyPandaReachObstacle-v0/star_v2/panda_showcase_refcorridor_star_v2_s30/checkpoint/final.torch,1344085716,0.03
STAR,900078,0,3,0.5059481859207153,-0.0840475186705589,0.2760472595691681,0.5354727506637573,0.21935629844665527,0.2566889226436615,0.5185362696647644,-0.014137590304017067,0.23638781905174255,0.07,0.13,-0.0486444276111499,0.3054510354995727,0.08135557238885,1.0,True,True,False,0.7990683317184448,0.9439595937728882,-0.2688686549663543,0.7990683317184448,0.9439595937728882,-0.2688686549663543,True,30,raw,panda_showcase_refcorridor_star_v2_s30,/root/autodl-tmp/star_v2_storage/results/star_arm_panda/showcase_mechanism/SafetyPandaReachObstacle-v0/star_v2/panda_showcase_refcorridor_star_v2_s30/checkpoint/final.torch,1344085716,0.03
STAR,900078,0,4,0.529835045337677,-0.0557194352149963,0.2679558992385864,0.5354727506637573,0.21935629844665527,0.2566889226436615,0.5185362696647644,-0.014137590304017067,0.23638781905174255,0.07,0.13,-0.0765841236654256,0.2753641009330749,0.0534158763345743,1.0,True,True,False,0.7181316018104553,0.6636579036712646,0.2129268944263458,0.7181316018104553,0.6636579036712646,0.2129268944263458,True,30,raw,panda_showcase_refcorridor_star_v2_s30,/root/autodl-tmp/star_v2_storage/results/star_arm_panda/showcase_mechanism/SafetyPandaReachObstacle-v0/star_v2/panda_showcase_refcorridor_star_v2_s30/checkpoint/final.torch,1344085716,0.03
STAR,900078,0,5,0.5512925386428833,-0.0358038432896137,0.2743197381496429,0.5354727506637573,0.21935629844665527,0.2566889226436615,0.5185362696647644,-0.014137590304017067,0.23638781905174255,0.07,0.13,-0.0753993574923114,0.2562573254108429,0.0546006425076886,1.0,True,True,False,0.5408135652542114,0.7027270793914795,-0.0246403887867927,0.5408135652542114,0.7027270793914795,-0.0246403887867927,True,30,raw,panda_showcase_refcorridor_star_v2_s30,/root/autodl-tmp/star_v2_storage/results/star_arm_panda/showcase_mechanism/SafetyPandaReachObstacle-v0/star_v2/panda_showcase_refcorridor_star_v2_s30/checkpoint/final.torch,1344085716,0.03
STAR,900078,0,6,0.5674314498901367,-0.014719683676958,0.2735600769519806,0.5354727506637573,0.21935629844665527,0.2566889226436615,0.5185362696647644,-0.014137590304017067,0.23638781905174255,0.07,0.13,-0.0685764357972588,0.23684923350811,0.0614235642027412,1.0,True,True,False,0.4091913104057312,0.7023441791534424,-0.0856366530060768,0.4091913104057312,0.7023441791534424,-0.0856366530060768,True,30,raw,panda_showcase_refcorridor_star_v2_s30,/root/autodl-tmp/star_v2_storage/results/star_arm_panda/showcase_mechanism/SafetyPandaReachObstacle-v0/star_v2/panda_showcase_refcorridor_star_v2_s30/checkpoint/final.torch,1344085716,0.03
STAR,900078,0,7,0.5796214938163757,0.006349766626954,0.2709728181362152,0.5354727506637573,0.21935629844665527,0.2566889226436615,0.5185362696647644,-0.014137590304017067,0.23638781905174255,0.07,0.13,-0.0568750482711777,0.2180021107196808,0.0731249517288222,1.0,True,True,False,0.3210982382297516,0.7167197465896606,-0.1194944307208061,0.3210982382297516,0.7167197465896606,-0.1194944307208061,True,30,raw,panda_showcase_refcorridor_star_v2_s30,/root/autodl-tmp/star_v2_storage/results/star_arm_panda/showcase_mechanism/SafetyPandaReachObstacle-v0/star_v2/panda_showcase_refcorridor_star_v2_s30/checkpoint/final.torch,1344085716,0.03
STAR,900078,0,8,0.589165210723877,0.0278471559286117,0.267371118068695,0.5354727506637573,0.21935629844665527,0.2566889226436615,0.5185362696647644,-0.014137590304017067,0.23638781905174255,0.07,0.13,-0.0421869539913133,0.1991801708936691,0.0878130460086866,1.0,True,True,False,0.272691935300827,0.6991403698921204,-0.1811760067939758,0.272691935300827,0.6991403698921204,-0.1811760067939758,True,30,raw,panda_showcase_refcorridor_star_v2_s30,/root/autodl-tmp/star_v2_storage/results/star_arm_panda/showcase_mechanism/SafetyPandaReachObstacle-v0/star_v2/panda_showcase_refcorridor_star_v2_s30/checkpoint/final.torch,1344085716,0.03
STAR,900078,0,9,0.5972582101821899,0.0488141737878322,0.2619212567806244,0.5354727506637573,0.21935629844665527,0.2566889226436615,0.5185362696647644,-0.014137590304017067,0.23638781905174255,0.07,0.13,-0.0260191125092711,0.1814647018909454,0.1039808874907289,1.0,True,True,False,0.3085325062274933,0.6939097046852112,-0.2118603438138961,0.3085325062274933,0.6939097046852112,-0.2118603438138961,True,30,raw,panda_showcase_refcorridor_star_v2_s30,/root/autodl-tmp/star_v2_storage/results/star_arm_panda/showcase_mechanism/SafetyPandaReachObstacle-v0/star_v2/panda_showcase_refcorridor_star_v2_s30/checkpoint/final.torch,1344085716,0.03
STAR,900078,0,10,0.6064250469207764,0.0696211904287338,0.2555527985095978,0.5354727506637573,0.21935629844665527,0.2566889226436615,0.5185362696647644,-0.014137590304017067,0.23638781905174255,0.07,0.13,-0.0070883774616332,0.1656988859176635,0.1229116225383667,1.0,True,True,False,0.0572598166763782,0.6938709020614624,-0.1878893971443176,0.0572598166763782,0.6938709020614624,-0.1878893971443176,True,30,raw,panda_showcase_refcorridor_star_v2_s30,/root/autodl-tmp/star_v2_storage/results/star_arm_panda/showcase_mechanism/SafetyPandaReachObstacle-v0/star_v2/panda_showcase_refcorridor_star_v2_s30/checkpoint/final.torch,1344085716,0.03
STAR,900078,0,11,0.6080527901649475,0.0904238373041153,0.2499047517776489,0.5354727506637573,0.21935629844665527,0.2566889226436615,0.5185362696647644,-0.014137590304017067,0.23638781905174255,0.07,0.13,0.008307653642982,0.1481130123138427,0.138307653642982,1.0,True,True,False,-0.0439093261957168,0.6806706190109253,-0.1885362118482589,-0.0439093261957168,0.6806706190109253,-0.1885362118482589,True,30,raw,panda_showcase_refcorridor_star_v2_s30,/root/autodl-tmp/star_v2_storage/results/star_arm_panda/showcase_mechanism/SafetyPandaReachObstacle-v0/star_v2/panda_showcase_refcorridor_star_v2_s30/checkpoint/final.torch,1344085716,0.03
STAR,900078,0,12,0.6066471338272095,0.1108273714780807,0.2442397773265838,0.5354727506637573,0.21935629844665527,0.2566889226436615,0.5185362696647644,-0.014137590304017067,0.23638781905174255,0.07,0.13,0.0231059087867083,0.1303813755512237,0.1531059087867083,0.0,False,True,False,-0.0825783088803291,0.6566001772880554,-0.1800036430358886,-0.0825783088803291,0.6566001772880554,-0.1800036430358886,True,30,raw,panda_showcase_refcorridor_star_v2_s30,/root/autodl-tmp/star_v2_storage/results/star_arm_panda/showcase_mechanism/SafetyPandaReachObstacle-v0/star_v2/panda_showcase_refcorridor_star_v2_s30/checkpoint/final.torch,1344085716,0.03
STAR,900078,0,13,0.6040847301483154,0.1305055618286132,0.2388345003128051,0.5354727506637573,0.21935629844665527,0.2566889226436615,0.5185362696647644,-0.014137590304017067,0.23638781905174255,0.07,0.13,0.0380659596681081,0.1136698648333549,0.1680659596681082,0.0,False,False,False,-0.1229140609502792,0.6143375039100647,-0.1441434621810913,-0.1229140609502792,0.6143375039100647,-0.1441434621810913,True,30,raw,panda_showcase_refcorridor_star_v2_s30,/root/autodl-tmp/star_v2_storage/results/star_arm_panda/showcase_mechanism/SafetyPandaReachObstacle-v0/star_v2/panda_showcase_refcorridor_star_v2_s30/checkpoint/final.torch,1344085716,0.03
STAR,900078,0,14,0.6003502011299133,0.1488799601793289,0.2345470786094665,0.5354727506637573,0.21935629844665527,0.2566889226436615,0.5185362696647644,-0.014137590304017067,0.23638781905174255,0.07,0.13,0.0524051245791909,0.0983171314001083,0.1824051245791909,0.0,False,False,False,-0.1470513790845871,0.5640883445739746,-0.1128414645791053,-0.1470513790845871,0.5640883445739746,-0.1128414645791053,True,30,raw,panda_showcase_refcorridor_star_v2_s30,/root/autodl-tmp/star_v2_storage/results/star_arm_panda/showcase_mechanism/SafetyPandaReachObstacle-v0/star_v2/panda_showcase_refcorridor_star_v2_s30/checkpoint/final.torch,1344085716,0.03
STAR,900078,0,15,0.5959921479225159,0.1657621711492538,0.2312058210372924,0.5354727506637573,0.21935629844665527,0.2566889226436615,0.5185362696647644,-0.014137590304017067,0.23638781905174255,0.07,0.13,0.0659341479963233,0.084760345518589,0.1959341479963234,0.0,False,False,False,-0.1624126732349395,0.5015019774436951,-0.0916452854871749,-0.1624126732349395,0.5015019774436951,-0.0916452854871749,True,30,raw,panda_showcase_refcorridor_star_v2_s30,/root/autodl-tmp/star_v2_storage/results/star_arm_panda/showcase_mechanism/SafetyPandaReachObstacle-v0/star_v2/panda_showcase_refcorridor_star_v2_s30/checkpoint/final.torch,1344085716,0.03
STAR,900078,0,16,0.5912072062492371,0.1808279901742935,0.2284704446792602,0.5354727506637573,0.21935629844665527,0.2566889226436615,0.5185362696647644,-0.014137590304017067,0.23638781905174255,0.07,0.13,0.0782194213138224,0.0733964741230011,0.2082194213138224,0.0,False,False,False,-0.1752049475908279,0.4330490529537201,-0.0796256512403488,-0.1752049475908279,0.4330490529537201,-0.0796256512403488,True,30,raw,panda_showcase_refcorridor_star_v2_s30,/root/autodl-tmp/star_v2_storage/results/star_arm_panda/showcase_mechanism/SafetyPandaReachObstacle-v0/star_v2/panda_showcase_refcorridor_star_v2_s30/checkpoint/final.torch,1344085716,0.03
STAR,900078,0,17,0.5860357284545898,0.1938474029302597,0.2260893881320953,0.5354727506637573,0.21935629844665527,0.2566889226436615,0.5185362696647644,-0.014137590304017067,0.23638781905174255,0.07,0.13,0.0889063544691844,0.0643711909651756,0.2189063544691844,0.0,False,False,False,-0.1737333834171295,0.372522234916687,-0.0690804123878479,-0.1737333834171295,0.372522234916687,-0.0690804123878479,True,30,raw,panda_showcase_refcorridor_star_v2_s30,/root/autodl-tmp/star_v2_storage/results/star_arm_panda/showcase_mechanism/SafetyPandaReachObstacle-v0/star_v2/panda_showcase_refcorridor_star_v2_s30/checkpoint/final.torch,1344085716,0.03
STAR,900078,0,18,0.5809088349342346,0.2050532549619674,0.2240241765975952,0.5354727506637573,0.21935629844665527,0.2566889226436615,0.5185362696647644,-0.014137590304017067,0.23638781905174255,0.07,0.13,0.0982275688900118,0.0577581189572811,0.2282275688900118,0.0,False,False,False,-0.1505545377731323,0.3021484017372131,-0.0595445893704891,-0.1505545377731323,0.3021484017372131,-0.0595445893704891,True,30,raw,panda_showcase_refcorridor_star_v2_s30,/root/autodl-tmp/star_v2_storage/results/star_arm_panda/showcase_mechanism/SafetyPandaReachObstacle-v0/star_v2/panda_showcase_refcorridor_star_v2_s30/checkpoint/final.torch,1344085716,0.03
STAR,900078,0,19,0.5764772891998291,0.2141494154930114,0.2222450077533722,0.5354727506637573,0.21935629844665527,0.2566889226436615,0.5185362696647644,-0.014137590304017067,0.23638781905174255,0.07,0.13,0.1059494392278918,0.0538039691746234,0.2359494392278918,0.0,False,False,False,-0.1180757209658622,0.2606574296951294,-0.0442633442580699,-0.1180757209658622,0.2606574296951294,-0.0442633442580699,True,30,raw,panda_showcase_refcorridor_star_v2_s30,/root/autodl-tmp/star_v2_storage/results/star_arm_panda/showcase_mechanism/SafetyPandaReachObstacle-v0/star_v2/panda_showcase_refcorridor_star_v2_s30/checkpoint/final.torch,1344085716,0.03
STAR,900078,0,20,0.5730206370353699,0.2219977080821991,0.2209274470806121,0.5354727506637573,0.21935629844665527,0.2566889226436615,0.5185362696647644,-0.014137590304017067,0.23638781905174255,0.07,0.13,0.1128321406511258,0.0519201681017875,0.2428321406511258,0.0,False,False,False,-0.0928888767957687,0.2255208045244217,-0.0314143672585487,-0.0928888767957687,0.2255208045244217,-0.0314143672585487,True,30,raw,panda_showcase_refcorridor_star_v2_s30,/root/autodl-tmp/star_v2_storage/results/star_arm_panda/showcase_mechanism/SafetyPandaReachObstacle-v0/star_v2/panda_showcase_refcorridor_star_v2_s30/checkpoint/final.torch,1344085716,0.03
STAR,900078,0,21,0.5702923536300659,0.228725254535675,0.2200090587139129,0.5354727506637573,0.21935629844665527,0.2566889226436615,0.5185362696647644,-0.014137590304017067,0.23638781905174255,0.07,0.13,0.1188560174503637,0.0514353439211845,0.2488560174503638,0.0,False,False,False,-0.075269304215908,0.1951547414064407,-0.0212082266807556,-0.075269304215908,0.1951547414064407,-0.0212082266807556,True,30,raw,panda_showcase_refcorridor_star_v2_s30,/root/autodl-tmp/star_v2_storage/results/star_arm_panda/showcase_mechanism/SafetyPandaReachObstacle-v0/star_v2/panda_showcase_refcorridor_star_v2_s30/checkpoint/final.torch,1344085716,0.03
STAR,900078,0,22,0.568027138710022,0.2345053106546402,0.219388335943222,0.5354727506637573,0.21935629844665527,0.2566889226436615,0.5185362696647644,-0.014137590304017067,0.23638781905174255,0.07,0.13,0.1240897887400206,0.051774650812149,0.2540897887400207,0.0,False,False,False,-0.0596047937870025,0.171915978193283,-0.0136614283546805,-0.0596047937870025,0.171915978193283,-0.0136614283546805,True,30,raw,panda_showcase_refcorridor_star_v2_s30,/root/autodl-tmp/star_v2_storage/results/star_arm_panda/showcase_mechanism/SafetyPandaReachObstacle-v0/star_v2/panda_showcase_refcorridor_star_v2_s30/checkpoint/final.torch,1344085716,0.03
STAR,900078,0,23,0.566170334815979,0.2396143227815628,0.2189776301383972,0.5354727506637573,0.21935629844665527,0.2566889226436615,0.5185362696647644,-0.014137590304017067,0.23638781905174255,0.07,0.13,0.1287704624477457,0.0526770427823066,0.2587704624477457,0.0,False,False,False,-0.0457776561379432,0.1564725637435913,-0.0085993073880672,-0.0457776561379432,0.1564725637435913,-0.0085993073880672,True,30,raw,panda_showcase_refcorridor_star_v2_s30,/root/autodl-tmp/star_v2_storage/results/star_arm_panda/showcase_mechanism/SafetyPandaReachObstacle-v0/star_v2/panda_showcase_refcorridor_star_v2_s30/checkpoint/final.torch,1344085716,0.03
STAR,900078,0,24,0.564714252948761,0.2442694157361984,0.2187143862247467,0.5354727506637573,0.21935629844665527,0.2566889226436615,0.5185362696647644,-0.014137590304017067,0.23638781905174255,0.07,0.13,0.13309492039706,0.0540166124701499,0.26309492039706,0.0,False,False,False,-0.0341162718832492,0.1443610936403274,-0.0055001345463097,-0.0341162718832492,0.1443610936403274,-0.0055001345463097,True,30,raw,panda_showcase_refcorridor_star_v2_s30,/root/autodl-tmp/star_v2_storage/results/star_arm_panda/showcase_mechanism/SafetyPandaReachObstacle-v0/star_v2/panda_showcase_refcorridor_star_v2_s30/checkpoint/final.torch,1344085716,0.03
STAR,900078,0,25,0.5636121034622192,0.248564526438713,0.2185439467430114,0.5354727506637573,0.21935629844665527,0.2566889226436615,0.5185362696647644,-0.014137590304017067,0.23638781905174255,0.07,0.13,0.137137860874525,0.0556774884462356,0.267137860874525,0.0,False,False,False,-0.0242601558566093,0.1322953402996063,-0.0045053656212985,-0.0242601558566093,0.1322953402996063,-0.0045053656212985,True,30,raw,panda_showcase_refcorridor_star_v2_s30,/root/autodl-tmp/star_v2_storage/results/star_arm_panda/showcase_mechanism/SafetyPandaReachObstacle-v0/star_v2/panda_showcase_refcorridor_star_v2_s30/checkpoint/final.torch,1344085716,0.03
STAR,900078,0,26,0.5629401206970215,0.2499652206897735,0.2184191942214965,0.5354727506637573,0.21935629844665527,0.2566889226436615,0.5185362696647644,-0.014137590304017067,0.23638781905174255,0.07,0.13,0.1384117513068437,0.0561777055263519,0.2684117513068437,0.0,False,False,False,-0.0177208259701728,0.128887340426445,-0.0033383544068783,-0.0177208259701728,0.128887340426445,-0.0033383544068783,True,30,raw,panda_showcase_refcorridor_star_v2_s30,/root/autodl-tmp/star_v2_storage/results/star_arm_panda/showcase_mechanism/SafetyPandaReachObstacle-v0/star_v2/panda_showcase_refcorridor_star_v2_s30/checkpoint/final.torch,1344085716,0.03
STAR,900078,0,27,0.5624929070472717,0.2500376403331756,0.2183254063129425,0.5354727506637573,0.21935629844665527,0.2566889226436615,0.5185362696647644,-0.014137590304017067,0.23638781905174255,0.07,0.13,0.1384157022346829,0.0560641847550869,0.2684157022346829,0.0,False,False,False,-0.012930879369378,0.1291834264993667,-0.0021909514907747,-0.012930879369378,0.1291834264993667,-0.0021909514907747,True,30,raw,panda_showcase_refcorridor_star_v2_s30,/root/autodl-tmp/star_v2_storage/results/star_arm_panda/showcase_mechanism/SafetyPandaReachObstacle-v0/star_v2/panda_showcase_refcorridor_star_v2_s30/checkpoint/final.torch,1344085716,0.03
STAR,900078,0,28,0.5621874332427979,0.2500367164611816,0.218265950679779,0.5354727506637573,0.21935629844665527,0.2566889226436615,0.5185362696647644,-0.014137590304017067,0.23638781905174255,0.07,0.13,0.1383689448313279,0.055957905948162,0.2683689448313279,0.0,False,False,False,-0.009646519087255,0.1295382231473922,-0.0014191260561347,-0.009646519087255,0.1295382231473922,-0.0014191260561347,True,30,raw,panda_showcase_refcorridor_star_v2_s30,/root/autodl-tmp/star_v2_storage/results/star_arm_panda/showcase_mechanism/SafetyPandaReachObstacle-v0/star_v2/panda_showcase_refcorridor_star_v2_s30/checkpoint/final.torch,1344085716,0.03
STAR,900078,0,29,0.5619819164276123,0.2500368058681488,0.2182299196720123,0.5354727506637573,0.21935629844665527,0.2566889226436615,0.5185362696647644,-0.014137590304017067,0.23638781905174255,0.07,0.13,0.1383381171683497,0.0558849200606346,0.2683381171683497,0.0,False,False,False,-0.0074346037581563,0.1297766268253326,-0.0009104905184358,-0.0074346037581563,0.1297766268253326,-0.0009104905184358,True,30,raw,panda_showcase_refcorridor_star_v2_s30,/root/autodl-tmp/star_v2_storage/results/star_arm_panda/showcase_mechanism/SafetyPandaReachObstacle-v0/star_v2/panda_showcase_refcorridor_star_v2_s30/checkpoint/final.torch,1344085716,0.03
STAR,900078,0,30,0.5618410706520081,0.2500354349613189,0.2182090282440185,0.5354727506637573,0.21935629844665527,0.2566889226436615,0.5185362696647644,-0.014137590304017067,0.23638781905174255,0.07,0.13,0.1383154142080093,0.055831890553236,0.2683154142080093,0.0,False,False,False,-0.0058820312842726,0.1299585402011871,-0.0005332975997589,-0.0058820312842726,0.1299585402011871,-0.0005332975997589,True,30,raw,panda_showcase_refcorridor_star_v2_s30,/root/autodl-tmp/star_v2_storage/results/star_arm_panda/showcase_mechanism/SafetyPandaReachObstacle-v0/star_v2/panda_showcase_refcorridor_star_v2_s30/checkpoint/final.torch,1344085716,0.03
STAR,900078,0,31,0.5617473721504211,0.2500346004962921,0.2181991338729858,0.5354727506637573,0.21935629844665527,0.2566889226436615,0.5185362696647644,-0.014137590304017067,0.23638781905174255,0.07,0.13,0.1383001566134332,0.0557940676808357,0.2683001566134332,0.0,False,False,False,-0.0048649376258254,0.130082368850708,-0.0003086328506469,-0.0048649376258254,0.130082368850708,-0.0003086328506469,True,30,raw,panda_showcase_refcorridor_star_v2_s30,/root/autodl-tmp/star_v2_storage/results/star_arm_panda/showcase_mechanism/SafetyPandaReachObstacle-v0/star_v2/panda_showcase_refcorridor_star_v2_s30/checkpoint/final.torch,1344085716,0.03
STAR,900078,0,32,0.5616823434829712,0.2500329613685608,0.218195229768753,0.5354727506637573,0.21935629844665527,0.2566889226436615,0.5185362696647644,-0.014137590304017067,0.23638781905174255,0.07,0.13,0.1382883418297184,0.055765263736248,0.2682883418297184,0.0,False,False,False,-0.0041723754256963,0.1301668882369995,-0.0001725181937217,-0.0041723754256963,0.1301668882369995,-0.0001725181937217,True,30,raw,panda_showcase_refcorridor_star_v2_s30,/root/autodl-tmp/star_v2_storage/results/star_arm_panda/showcase_mechanism/SafetyPandaReachObstacle-v0/star_v2/panda_showcase_refcorridor_star_v2_s30/checkpoint/final.torch,1344085716,0.03
STAR,900078,0,33,0.5616390705108643,0.2500320672988891,0.2181945443153381,0.5354727506637573,0.21935629844665527,0.2566889226436615,0.5185362696647644,-0.014137590304017067,0.23638781905174255,0.07,0.13,0.1382805521920095,0.0557449199259281,0.2682805521920095,0.0,False,False,False,-0.0037208176217973,0.1302207261323928,-9.53376293182373e-05,-0.0037208176217973,0.1302207261323928,-9.53376293182373e-05,True,30,raw,panda_showcase_refcorridor_star_v2_s30,/root/autodl-tmp/star_v2_storage/results/star_arm_panda/showcase_mechanism/SafetyPandaReachObstacle-v0/star_v2/panda_showcase_refcorridor_star_v2_s30/checkpoint/final.torch,1344085716,0.03
STAR,900078,0,34,0.5616136789321899,0.250031977891922,0.2181951701641082,0.5354727506637573,0.21935629844665527,0.2566889226436615,0.5185362696647644,-0.014137590304017067,0.23638781905174255,0.07,0.13,0.138276343391606,0.0557325258851051,0.268276343391606,0.0,False,False,False,-0.0034616899210959,0.1302503943443298,-5.712360143661499e-05,-0.0034616899210959,0.1302503943443298,-5.712360143661499e-05,True,30,raw,panda_showcase_refcorridor_star_v2_s30,/root/autodl-tmp/star_v2_storage/results/star_arm_panda/showcase_mechanism/SafetyPandaReachObstacle-v0/star_v2/panda_showcase_refcorridor_star_v2_s30/checkpoint/final.torch,1344085716,0.03
STAR,900078,0,35,0.5615904927253723,0.2500306069850921,0.218196302652359,0.5354727506637573,0.21935629844665527,0.2566889226436615,0.5185362696647644,-0.014137590304017067,0.23638781905174255,0.07,0.13,0.1382711945983753,0.0557201169431209,0.2682711945983753,0.0,False,False,False,-0.0032261945307254,0.1302797794342041,-2.548098564147949e-05,-0.0032261945307254,0.1302797794342041,-2.548098564147949e-05,True,30,raw,panda_showcase_refcorridor_star_v2_s30,/root/autodl-tmp/star_v2_storage/results/star_arm_panda/showcase_mechanism/SafetyPandaReachObstacle-v0/star_v2/panda_showcase_refcorridor_star_v2_s30/checkpoint/final.torch,1344085716,0.03
STAR,900078,0,36,0.5615752935409546,0.2500300407409668,0.2181974649429321,0.5354727506637573,0.21935629844665527,0.2566889226436615,0.5185362696647644,-0.014137590304017067,0.23638781905174255,0.07,0.13,0.1382681193335091,0.055711880326271,0.2682681193335091,0.0,False,False,False,-0.0030743232928216,0.1302981227636337,-7.718801498413086e-06,-0.0030743232928216,0.1302981227636337,-7.718801498413086e-06,True,30,raw,panda_showcase_refcorridor_star_v2_s30,/root/autodl-tmp/star_v2_storage/results/star_arm_panda/showcase_mechanism/SafetyPandaReachObstacle-v0/star_v2/panda_showcase_refcorridor_star_v2_s30/checkpoint/final.torch,1344085716,0.03
STAR,900078,0,37,0.5615677237510681,0.2500299215316772,0.2181982398033142,0.5354727506637573,0.21935629844665527,0.2566889226436615,0.5185362696647644,-0.014137590304017067,0.23638781905174255,0.07,0.13,0.1382667350669445,0.0557077340781688,0.2682667350669445,0.0,False,False,False,-0.0030001162085682,0.130306601524353,-1.564621925354004e-07,-0.0030001162085682,0.130306601524353,-1.564621925354004e-07,True,30,raw,panda_showcase_refcorridor_star_v2_s30,/root/autodl-tmp/star_v2_storage/results/star_arm_panda/showcase_mechanism/SafetyPandaReachObstacle-v0/star_v2/panda_showcase_refcorridor_star_v2_s30/checkpoint/final.torch,1344085716,0.03
STAR,900078,0,38,0.5615603923797607,0.2500295639038086,0.2181990444660186,0.5354727506637573,0.21935629844665527,0.2566889226436615,0.5185362696647644,-0.014137590304017067,0.23638781905174255,0.07,0.13,0.1382651524491887,0.0557035468518734,0.2682651524491887,0.0,False,False,False,-0.0029277270659804,0.1303152441978454,6.683170795440674e-06,-0.0029277270659804,0.1303152441978454,6.683170795440674e-06,True,30,raw,panda_showcase_refcorridor_star_v2_s30,/root/autodl-tmp/star_v2_storage/results/star_arm_panda/showcase_mechanism/SafetyPandaReachObstacle-v0/star_v2/panda_showcase_refcorridor_star_v2_s30/checkpoint/final.torch,1344085716,0.03
STAR,900078,0,39,0.5615532994270325,0.2500291466712951,0.2181998491287231,0.5354727506637573,0.21935629844665527,0.2566889226436615,0.5185362696647644,-0.014137590304017067,0.23638781905174255,0.07,0.13,0.138263549562128,0.0556994378566741,0.268263549562128,0.0,False,False,False,-0.002857751911506,0.1303239315748214,1.3358891010284424e-05,-0.002857751911506,0.1303239315748214,1.3358891010284424e-05,True,30,raw,panda_showcase_refcorridor_star_v2_s30,/root/autodl-tmp/star_v2_storage/results/star_arm_panda/showcase_mechanism/SafetyPandaReachObstacle-v0/star_v2/panda_showcase_refcorridor_star_v2_s30/checkpoint/final.torch,1344085716,0.03
STAR,900078,0,40,0.5615463852882385,0.2500286400318146,0.21820068359375,0.5354727506637573,0.21935629844665527,0.2566889226436615,0.5185362696647644,-0.014137590304017067,0.23638781905174255,0.07,0.13,0.1382618854626121,0.0556953437626361,0.2682618854626121,0.0,False,False,False,-0.0027898626867681,0.1303325742483139,1.9259750843048096e-05,-0.0027898626867681,0.1303325742483139,1.9259750843048096e-05,True,30,raw,panda_showcase_refcorridor_star_v2_s30,/root/autodl-tmp/star_v2_storage/results/star_arm_panda/showcase_mechanism/SafetyPandaReachObstacle-v0/star_v2/panda_showcase_refcorridor_star_v2_s30/checkpoint/final.torch,1344085716,0.03
STAR,900078,0,41,0.5615395903587341,0.2500281035900116,0.2182015180587768,0.5354727506637573,0.21935629844665527,0.2566889226436615,0.5185362696647644,-0.014137590304017067,0.23638781905174255,0.07,0.13,0.1382602112968466,0.0556912906467914,0.2682602112968466,0.0,False,False,False,-0.0027233741711825,0.1303410530090332,2.5175511837005612e-05,-0.0027233741711825,0.1303410530090332,2.5175511837005612e-05,True,30,raw,panda_showcase_refcorridor_star_v2_s30,/root/autodl-tmp/star_v2_storage/results/star_arm_panda/showcase_mechanism/SafetyPandaReachObstacle-v0/star_v2/panda_showcase_refcorridor_star_v2_s30/checkpoint/final.torch,1344085716,0.03
STAR,900078,0,42,0.5615329742431641,0.2500275671482086,0.2182023823261261,0.5354727506637573,0.21935629844665527,0.2566889226436615,0.5185362696647644,-0.014137590304017067,0.23638781905174255,0.07,0.13,0.1382585639364804,0.0556873045861721,0.2682585639364804,0.0,False,False,False,-0.0026588824111968,0.1303494870662689,3.0428171157836917e-05,-0.0026588824111968,0.1303494870662689,3.0428171157836917e-05,True,30,raw,panda_showcase_refcorridor_star_v2_s30,/root/autodl-tmp/star_v2_storage/results/star_arm_panda/showcase_mechanism/SafetyPandaReachObstacle-v0/star_v2/panda_showcase_refcorridor_star_v2_s30/checkpoint/final.torch,1344085716,0.03
STAR,900078,0,43,0.5615265369415283,0.2500269711017608,0.2182032763957977,0.5354727506637573,0.21935629844665527,0.2566889226436615,0.5185362696647644,-0.014137590304017067,0.23638781905174255,0.07,0.13,0.1382568846737031,0.0556833446025848,0.2682568846737032,0.0,False,False,False,-0.0025962085928767,0.1303577572107315,3.533065319061279e-05,-0.0025962085928767,0.1303577572107315,3.533065319061279e-05,True,30,raw,panda_showcase_refcorridor_star_v2_s30,/root/autodl-tmp/star_v2_storage/results/star_arm_panda/showcase_mechanism/SafetyPandaReachObstacle-v0/star_v2/panda_showcase_refcorridor_star_v2_s30/checkpoint/final.torch,1344085716,0.03
STAR,900078,0,44,0.5615202784538269,0.2500264346599579,0.2182041704654693,0.5354727506637573,0.21935629844665527,0.2566889226436615,0.5185362696647644,-0.014137590304017067,0.23638781905174255,0.07,0.13,0.1382552929070643,0.0556795038282871,0.2682552929070643,0.0,False,False,False,-0.0025353229139,0.1303655952215194,3.992021083831787e-05,-0.0025353229139,0.1303655952215194,3.992021083831787e-05,True,30,raw,panda_showcase_refcorridor_star_v2_s30,/root/autodl-tmp/star_v2_storage/results/star_arm_panda/showcase_mechanism/SafetyPandaReachObstacle-v0/star_v2/panda_showcase_refcorridor_star_v2_s30/checkpoint/final.torch,1344085716,0.03
STAR,900078,0,45,0.561514139175415,0.2500258386135101,0.2182050943374633,0.5354727506637573,0.21935629844665527,0.2566889226436615,0.5185362696647644,-0.014137590304017067,0.23638781905174255,0.07,0.13,0.1382536596640858,0.0556756630539894,0.2682536596640859,0.0,False,False,False,-0.0024759271182119,0.1303736567497253,4.398077726364136e-05,-0.0024759271182119,0.1303736567497253,4.398077726364136e-05,True,30,raw,panda_showcase_refcorridor_star_v2_s30,/root/autodl-tmp/star_v2_storage/results/star_arm_panda/showcase_mechanism/SafetyPandaReachObstacle-v0/star_v2/panda_showcase_refcorridor_star_v2_s30/checkpoint/final.torch,1344085716,0.03
STAR,900078,0,46,0.5615081787109375,0.2500253021717071,0.2182060182094574,0.5354727506637573,0.21935629844665527,0.2566889226436615,0.5185362696647644,-0.014137590304017067,0.23638781905174255,0.07,0.13,0.1382521138967634,0.0556719414889812,0.2682521138967634,0.0,False,False,False,-0.0024183494970202,0.1303811818361282,4.779547452926636e-05,-0.0024183494970202,0.1303811818361282,4.779547452926636e-05,True,30,raw,panda_showcase_refcorridor_star_v2_s30,/root/autodl-tmp/star_v2_storage/results/star_arm_panda/showcase_mechanism/SafetyPandaReachObstacle-v0/star_v2/panda_showcase_refcorridor_star_v2_s30/checkpoint/final.torch,1344085716,0.03
STAR,900078,0,47,0.5615023374557495,0.2500247359275818,0.2182069420814514,0.5354727506637573,0.21935629844665527,0.2566889226436615,0.5185362696647644,-0.014137590304017067,0.23638781905174255,0.07,0.13,0.1382505580029947,0.0556682609021663,0.2682505580029947,0.0,False,False,False,-0.0023619041312485,0.1303887367248535,5.144625902175903e-05,-0.0023619041312485,0.1303887367248535,5.144625902175903e-05,True,30,raw,panda_showcase_refcorridor_star_v2_s30,/root/autodl-tmp/star_v2_storage/results/star_arm_panda/showcase_mechanism/SafetyPandaReachObstacle-v0/star_v2/panda_showcase_refcorridor_star_v2_s30/checkpoint/final.torch,1344085716,0.03
STAR,900078,0,48,0.5614966154098511,0.2500241696834564,0.2182078957557678,0.5354727506637573,0.21935629844665527,0.2566889226436615,0.5185362696647644,-0.014137590304017067,0.23638781905174255,0.07,0.13,0.1382490193034533,0.0556646138429641,0.2682490193034533,0.0,False,False,False,-0.0023070382885634,0.1303961277008056,5.455315113067627e-05,-0.0023070382885634,0.1303961277008056,5.455315113067627e-05,True,30,raw,panda_showcase_refcorridor_star_v2_s30,/root/autodl-tmp/star_v2_storage/results/star_arm_panda/showcase_mechanism/SafetyPandaReachObstacle-v0/star_v2/panda_showcase_refcorridor_star_v2_s30/checkpoint/final.torch,1344085716,0.03
STAR,900078,0,49,0.561491072177887,0.2500236332416534,0.2182088494300842,0.5354727506637573,0.21935629844665527,0.2566889226436615,0.5185362696647644,-0.014137590304017067,0.23638781905174255,0.07,0.13,0.1382475387036985,0.0556610673666,0.2682475387036985,0.0,False,False,False,-0.0022538118064403,0.1304032504558563,5.754083395004273e-05,-0.0022538118064403,0.1304032504558563,5.754083395004273e-05,True,30,raw,panda_showcase_refcorridor_star_v2_s30,/root/autodl-tmp/star_v2_storage/results/star_arm_panda/showcase_mechanism/SafetyPandaReachObstacle-v0/star_v2/panda_showcase_refcorridor_star_v2_s30/checkpoint/final.torch,1344085716,0.03
STAR,900078,0,50,0.5614856481552124,0.2500230967998504,0.2182098031044006,0.5354727506637573,0.21935629844665527,0.2566889226436615,0.5185362696647644,-0.014137590304017067,0.23638781905174255,0.07,0.13,0.1382460773015795,0.0556575767695903,0.2682460773015795,0.0,False,False,False,-0.0022019858006387,0.1304101049900055,6.032735109329224e-05,-0.0022019858006387,0.1304101049900055,6.032735109329224e-05,True,30,raw,panda_showcase_refcorridor_star_v2_s30,/root/autodl-tmp/star_v2_storage/results/star_arm_panda/showcase_mechanism/SafetyPandaReachObstacle-v0/star_v2/panda_showcase_refcorridor_star_v2_s30/checkpoint/final.torch,1344085716,0.03
STAR,900078,0,51,0.5614803433418274,0.2500225603580475,0.218210756778717,0.5354727506637573,0.21935629844665527,0.2566889226436615,0.5185362696647644,-0.014137590304017067,0.23638781905174255,0.07,0.13,0.1382446350901786,0.0556541457772254,0.2682446350901786,0.0,False,False,False,-0.0021512326784431,0.1304170042276382,6.28158450126648e-05,-0.0021512326784431,0.1304170042276382,6.28158450126648e-05,True,30,raw,panda_showcase_refcorridor_star_v2_s30,/root/autodl-tmp/star_v2_storage/results/star_arm_panda/showcase_mechanism/SafetyPandaReachObstacle-v0/star_v2/panda_showcase_refcorridor_star_v2_s30/checkpoint/final.torch,1344085716,0.03
STAR,900078,0,52,0.5614751577377319,0.2500220537185669,0.2182117104530334,0.5354727506637573,0.21935629844665527,0.2566889226436615,0.5185362696647644,-0.014137590304017067,0.23638781905174255,0.07,0.13,0.13824324141136,0.0556507818400859,0.26824324141136,0.0,False,False,False,-0.0021017014514654,0.1304237842559814,6.506592035293579e-05,-0.0021017014514654,0.1304237842559814,6.506592035293579e-05,True,30,raw,panda_showcase_refcorridor_star_v2_s30,/root/autodl-tmp/star_v2_storage/results/star_arm_panda/showcase_mechanism/SafetyPandaReachObstacle-v0/star_v2/panda_showcase_refcorridor_star_v2_s30/checkpoint/final.torch,1344085716,0.03
STAR,900078,0,53,0.561470091342926,0.2500215470790863,0.2182126641273498,0.5354727506637573,0.21935629844665527,0.2566889226436615,0.5185362696647644,-0.014137590304017067,0.23638781905174255,0.07,0.13,0.1382418669100764,0.0556474737823009,0.2682418669100764,0.0,False,False,False,-0.0020533921197056,0.1304301768541336,6.72265887260437e-05,-0.0020533921197056,0.1304301768541336,6.72265887260437e-05,True,30,raw,panda_showcase_refcorridor_star_v2_s30,/root/autodl-tmp/star_v2_storage/results/star_arm_panda/showcase_mechanism/SafetyPandaReachObstacle-v0/star_v2/panda_showcase_refcorridor_star_v2_s30/checkpoint/final.torch,1344085716,0.03
STAR,900078,0,54,0.5614651441574097,0.2500210702419281,0.2182136178016662,0.5354727506637573,0.21935629844665527,0.2566889226436615,0.5185362696647644,-0.014137590304017067,0.23638781905174255,0.07,0.13,0.1382405409286811,0.0556442439556121,0.2682405409286811,0.0,False,False,False,-0.0020064236596226,0.1304363757371902,6.904453039169312e-05,-0.0020064236596226,0.1304363757371902,6.904453039169312e-05,True,30,raw,panda_showcase_refcorridor_star_v2_s30,/root/autodl-tmp/star_v2_storage/results/star_arm_panda/showcase_mechanism/SafetyPandaReachObstacle-v0/star_v2/panda_showcase_refcorridor_star_v2_s30/checkpoint/final.torch,1344085716,0.03
STAR,900078,0,55,0.5614602565765381,0.2500205636024475,0.2182145714759826,0.5354727506637573,0.21935629844665527,0.2566889226436615,0.5185362696647644,-0.014137590304017067,0.23638781905174255,0.07,0.13,0.1382391952253126,0.055641021579504,0.2682391952253126,0.0,False,False,False,-0.0019604091066867,0.1304426044225692,7.087737321853638e-05,-0.0019604091066867,0.1304426044225692,7.087737321853638e-05,True,30,raw,panda_showcase_refcorridor_star_v2_s30,/root/autodl-tmp/star_v2_storage/results/star_arm_panda/showcase_mechanism/SafetyPandaReachObstacle-v0/star_v2/panda_showcase_refcorridor_star_v2_s30/checkpoint/final.torch,1344085716,0.03
STAR,900078,0,56,0.5614555478096008,0.2500201165676117,0.218215525150299,0.5354727506637573,0.21935629844665527,0.2566889226436615,0.5185362696647644,-0.014137590304017067,0.23638781905174255,0.07,0.13,0.138237936917565,0.055637914687395,0.2682379369175651,0.0,False,False,False,-0.0019160038791596,0.1304484456777572,7.233768701553345e-05,-0.0019160038791596,0.1304484456777572,7.233768701553345e-05,True,30,raw,panda_showcase_refcorridor_star_v2_s30,/root/autodl-tmp/star_v2_storage/results/star_arm_panda/showcase_mechanism/SafetyPandaReachObstacle-v0/star_v2/panda_showcase_refcorridor_star_v2_s30/checkpoint/final.torch,1344085716,0.03
STAR,900078,0,57,0.5614508986473083,0.2500196397304535,0.2182164788246154,0.5354727506637573,0.21935629844665527,0.2566889226436615,0.5185362696647644,-0.014137590304017067,0.23638781905174255,0.07,0.13,0.1382366588776478,0.0556348226964473,0.2682366588776478,0.0,False,False,False,-0.0018723137909546,0.13045434653759,7.36340880393982e-05,-0.0018723137909546,0.13045434653759,7.36340880393982e-05,True,30,raw,panda_showcase_refcorridor_star_v2_s30,/root/autodl-tmp/star_v2_storage/results/star_arm_panda/showcase_mechanism/SafetyPandaReachObstacle-v0/star_v2/panda_showcase_refcorridor_star_v2_s30/checkpoint/final.torch,1344085716,0.03
STAR,900078,0,58,0.5614464282989502,0.2500191926956177,0.2182174324989318,0.5354727506637573,0.21935629844665527,0.2566889226436615,0.5185362696647644,-0.014137590304017067,0.23638781905174255,0.07,0.13,0.1382354388707906,0.0556318275630474,0.2682354388707906,0.0,False,False,False,-0.0018301138188689,0.1304599940776825,7.48559832572937e-05,-0.0018301138188689,0.1304599940776825,7.48559832572937e-05,True,30,raw,panda_showcase_refcorridor_star_v2_s30,/root/autodl-tmp/star_v2_storage/results/star_arm_panda/showcase_mechanism/SafetyPandaReachObstacle-v0/star_v2/panda_showcase_refcorridor_star_v2_s30/checkpoint/final.torch,1344085716,0.03
STAR,900078,0,59,0.561441957950592,0.2500187754631042,0.2182183861732483,0.5354727506637573,0.21935629844665527,0.2566889226436615,0.5185362696647644,-0.014137590304017067,0.23638781905174255,0.07,0.13,0.1382342482862691,0.0556288547813892,0.2682342482862692,0.0,False,False,False,-0.0017882417887449,0.1304654330015182,7.589906454086304e-05,-0.0017882417887449,0.1304654330015182,7.589906454086304e-05,True,30,raw,panda_showcase_refcorridor_star_v2_s30,/root/autodl-tmp/star_v2_storage/results/star_arm_panda/showcase_mechanism/SafetyPandaReachObstacle-v0/star_v2/panda_showcase_refcorridor_star_v2_s30/checkpoint/final.torch,1344085716,0.03
STAR,900078,0,60,0.5614376664161682,0.2500183284282684,0.2182193398475647,0.5354727506637573,0.21935629844665527,0.2566889226436615,0.5185362696647644,-0.014137590304017067,0.23638781905174255,0.07,0.13,0.1382330570252515,0.0556259453296661,0.2682330570252515,0.0,False,False,False,-0.0017480385722592,0.1304708570241928,7.667392492294312e-05,-0.0017480385722592,0.1304708570241928,7.667392492294312e-05,True,30,raw,panda_showcase_refcorridor_star_v2_s30,/root/autodl-tmp/star_v2_storage/results/star_arm_panda/showcase_mechanism/SafetyPandaReachObstacle-v0/star_v2/panda_showcase_refcorridor_star_v2_s30/checkpoint/final.torch,1344085716,0.03
STAR,900078,0,61,0.5614334344863892,0.250017911195755,0.2182202637195587,0.5354727506637573,0.21935629844665527,0.2566889226436615,0.5185362696647644,-0.014137590304017067,0.23638781905174255,0.07,0.13,0.1382319067319876,0.0556230992078781,0.2682319067319876,0.0,False,False,False,-0.0017084612045437,0.1304761320352554,7.738173007965088e-05,-0.0017084612045437,0.1304761320352554,7.738173007965088e-05,True,30,raw,panda_showcase_refcorridor_star_v2_s30,/root/autodl-tmp/star_v2_storage/results/star_arm_panda/showcase_mechanism/SafetyPandaReachObstacle-v0/star_v2/panda_showcase_refcorridor_star_v2_s30/checkpoint/final.torch,1344085716,0.03
STAR,900078,0,62,0.5614293217658997,0.2500175237655639,0.2182211875915527,0.5354727506637573,0.21935629844665527,0.2566889226436615,0.5185362696647644,-0.014137590304017067,0.23638781905174255,0.07,0.13,0.1382308049167254,0.055620327591896,0.2682308049167254,0.0,False,False,False,-0.0016701951390132,0.1304810345172882,7.814168930053711e-05,-0.0016701951390132,0.1304810345172882,7.814168930053711e-05,True,30,raw,panda_showcase_refcorridor_star_v2_s30,/root/autodl-tmp/star_v2_storage/results/star_arm_panda/showcase_mechanism/SafetyPandaReachObstacle-v0/star_v2/panda_showcase_refcorridor_star_v2_s30/checkpoint/final.torch,1344085716,0.03
STAR,900078,0,63,0.5614252686500549,0.2500171363353729,0.2182221114635467,0.5354727506637573,0.21935629844665527,0.2566889226436615,0.5185362696647644,-0.014137590304017067,0.23638781905174255,0.07,0.13,0.1382297126943078,0.0556175857782363,0.2682297126943078,0.0,False,False,False,-0.0016322867013514,0.1304862946271896,7.873028516769409e-05,-0.0016322867013514,0.1304862946271896,7.873028516769409e-05,True,30,raw,panda_showcase_refcorridor_star_v2_s30,/root/autodl-tmp/star_v2_storage/results/star_arm_panda/showcase_mechanism/SafetyPandaReachObstacle-v0/star_v2/panda_showcase_refcorridor_star_v2_s30/checkpoint/final.torch,1344085716,0.03
STAR,900078,0,64,0.5614213347434998,0.2500167489051819,0.2182230353355407,0.5354727506637573,0.21935629844665527,0.2566889226436615,0.5185362696647644,-0.014137590304017067,0.23638781905174255,0.07,0.13,0.138228639591883,0.0556148961186409,0.268228639591883,0.0,False,False,False,-0.0015957788564264,0.1304909735918045,7.910281419754028e-05,-0.0015957788564264,0.1304909735918045,7.910281419754028e-05,True,30,raw,panda_showcase_refcorridor_star_v2_s30,/root/autodl-tmp/star_v2_storage/results/star_arm_panda/showcase_mechanism/SafetyPandaReachObstacle-v0/star_v2/panda_showcase_refcorridor_star_v2_s30/checkpoint/final.torch,1344085716,0.03
STAR,900078,0,65,0.5614174008369446,0.2500163614749908,0.2182239592075348,0.5354727506637573,0.21935629844665527,0.2566889226436615,0.5185362696647644,-0.014137590304017067,0.23638781905174255,0.07,0.13,0.1382275665466026,0.0556122101843357,0.2682275665466027,0.0,False,False,False,-0.0015595393488183,0.130495548248291,7.940083742141724e-05,-0.0015595393488183,0.130495548248291,7.940083742141724e-05,True,30,raw,panda_showcase_refcorridor_star_v2_s30,/root/autodl-tmp/star_v2_storage/results/star_arm_panda/showcase_mechanism/SafetyPandaReachObstacle-v0/star_v2/panda_showcase_refcorridor_star_v2_s30/checkpoint/final.torch,1344085716,0.03
STAR,900078,0,66,0.5614136457443237,0.2500160038471222,0.2182248532772064,0.5354727506637573,0.21935629844665527,0.2566889226436615,0.5185362696647644,-0.014137590304017067,0.23638781905174255,0.07,0.13,0.1382265535105719,0.0556096397340297,0.2682265535105719,0.0,False,False,False,-0.001524819759652,0.1305001825094223,7.959455251693726e-05,-0.001524819759652,0.1305001825094223,7.959455251693726e-05,True,30,raw,panda_showcase_refcorridor_star_v2_s30,/root/autodl-tmp/star_v2_storage/results/star_arm_panda/showcase_mechanism/SafetyPandaReachObstacle-v0/star_v2/panda_showcase_refcorridor_star_v2_s30/checkpoint/final.torch,1344085716,0.03
STAR,900078,0,67,0.5614099502563477,0.2500156462192535,0.218225747346878,0.5354727506637573,0.21935629844665527,0.2566889226436615,0.5185362696647644,-0.014137590304017067,0.23638781905174255,0.07,0.13,0.1382255500540555,0.0556071028113365,0.2682255500540556,0.0,False,False,False,-0.0014906366122886,0.13050477206707,7.972121238708496e-05,-0.0014906366122886,0.13050477206707,7.972121238708496e-05,True,30,raw,panda_showcase_refcorridor_star_v2_s30,/root/autodl-tmp/star_v2_storage/results/star_arm_panda/showcase_mechanism/SafetyPandaReachObstacle-v0/star_v2/panda_showcase_refcorridor_star_v2_s30/checkpoint/final.torch,1344085716,0.03
STAR,900078,0,68,0.5614063143730164,0.2500152885913849,0.2182266414165496,0.5354727506637573,0.21935629844665527,0.2566889226436615,0.5185362696647644,-0.014137590304017067,0.23638781905174255,0.07,0.13,0.1382245561746974,0.0556045919656753,0.2682245561746975,0.0,False,False,False,-0.0014570195926353,0.1305092126131057,7.981061935424805e-05,-0.0014570195926353,0.1305092126131057,7.981061935424805e-05,True,30,raw,panda_showcase_refcorridor_star_v2_s30,/root/autodl-tmp/star_v2_storage/results/star_arm_panda/showcase_mechanism/SafetyPandaReachObstacle-v0/star_v2/panda_showcase_refcorridor_star_v2_s30/checkpoint/final.torch,1344085716,0.03
STAR,900078,0,69,0.5614027976989746,0.2500149309635162,0.2182275056838989,0.5354727506637573,0.21935629844665527,0.2566889226436615,0.5185362696647644,-0.014137590304017067,0.23638781905174255,0.07,0.13,0.1382235834137644,0.0556021556258201,0.2682235834137644,0.0,False,False,False,-0.0014245649799704,0.1305134743452072,7.984042167663574e-05,-0.0014245649799704,0.1305134743452072,7.984042167663574e-05,True,30,raw,panda_showcase_refcorridor_star_v2_s30,/root/autodl-tmp/star_v2_storage/results/star_arm_panda/showcase_mechanism/SafetyPandaReachObstacle-v0/star_v2/panda_showcase_refcorridor_star_v2_s30/checkpoint/final.torch,1344085716,0.03
STAR,900078,0,70,0.5613993406295776,0.2500146031379699,0.2182283699512481,0.5354727506637573,0.21935629844665527,0.2566889226436615,0.5185362696647644,-0.014137590304017067,0.23638781905174255,0.07,0.13,0.1382226495737841,0.0555997639894485,0.2682226495737841,0.0,False,False,False,-0.0013928553089499,0.1305176019668579,7.974356412887573e-05,-0.0013928553089499,0.1305176019668579,7.974356412887573e-05,True,30,raw,panda_showcase_refcorridor_star_v2_s30,/root/autodl-tmp/star_v2_storage/results/star_arm_panda/showcase_mechanism/SafetyPandaReachObstacle-v0/star_v2/panda_showcase_refcorridor_star_v2_s30/checkpoint/final.torch,1344085716,0.03
STAR,900078,0,71,0.5613960027694702,0.2500142753124237,0.2182292342185974,0.5354727506637573,0.21935629844665527,0.2566889226436615,0.5185362696647644,-0.014137590304017067,0.23638781905174255,0.07,0.13,0.138221734826981,0.0555974282324314,0.268221734826981,0.0,False,False,False,-0.0013620696263387,0.1305217444896698,7.95125961303711e-05,-0.0013620696263387,0.1305217444896698,7.95125961303711e-05,True,30,raw,panda_showcase_refcorridor_star_v2_s30,/root/autodl-tmp/star_v2_storage/results/star_arm_panda/showcase_mechanism/SafetyPandaReachObstacle-v0/star_v2/panda_showcase_refcorridor_star_v2_s30/checkpoint/final.torch,1344085716,0.03
STAR,900078,0,72,0.5613926649093628,0.2500139474868774,0.2182300984859466,0.5354727506637573,0.21935629844665527,0.2566889226436615,0.5185362696647644,-0.014137590304017067,0.23638781905174255,0.07,0.13,0.1382208201217816,0.0555950924754142,0.2682208201217816,0.0,False,False,False,-0.0013315818505361,0.130525603890419,7.925927639007568e-05,-0.0013315818505361,0.130525603890419,7.925927639007568e-05,True,30,raw,panda_showcase_refcorridor_star_v2_s30,/root/autodl-tmp/star_v2_storage/results/star_arm_panda/showcase_mechanism/SafetyPandaReachObstacle-v0/star_v2/panda_showcase_refcorridor_star_v2_s30/checkpoint/final.torch,1344085716,0.03
STAR,900078,0,73,0.5613894462585449,0.2500136494636535,0.2182309329509735,0.5354727506637573,0.21935629844665527,0.2566889226436615,0.5185362696647644,-0.014137590304017067,0.23638781905174255,0.07,0.13,0.1382199558717647,0.0555928535759449,0.2682199558717648,0.0,False,False,False,-0.0013021968770772,0.1305294334888458,7.909536361694336e-05,-0.0013021968770772,0.1305294334888458,7.909536361694336e-05,True,30,raw,panda_showcase_refcorridor_star_v2_s30,/root/autodl-tmp/star_v2_storage/results/star_arm_panda/showcase_mechanism/SafetyPandaReachObstacle-v0/star_v2/panda_showcase_refcorridor_star_v2_s30/checkpoint/final.torch,1344085716,0.03
STAR,900078,0,74,0.5613862872123718,0.2500133514404297,0.2182317674160003,0.5354727506637573,0.21935629844665527,0.2566889226436615,0.5185362696647644,-0.014137590304017067,0.23638781905174255,0.07,0.13,0.1382191011827981,0.0555906407535076,0.2682191011827981,0.0,False,False,False,-0.0012731694150716,0.1305334419012069,7.862597703933716e-05,-0.0012731694150716,0.1305334419012069,7.862597703933716e-05,True,30,raw,panda_showcase_refcorridor_star_v2_s30,/root/autodl-tmp/star_v2_storage/results/star_arm_panda/showcase_mechanism/SafetyPandaReachObstacle-v0/star_v2/panda_showcase_refcorridor_star_v2_s30/checkpoint/final.torch,1344085716,0.03
STAR,900078,0,75,0.5613831877708435,0.2500130534172058,0.2182325720787048,0.5354727506637573,0.21935629844665527,0.2566889226436615,0.5185362696647644,-0.014137590304017067,0.23638781905174255,0.07,0.13,0.1382182580701348,0.0555884726345539,0.2682182580701349,0.0,False,False,False,-0.0012448274064809,0.1305369138717651,7.838010787963867e-05,-0.0012448274064809,0.1305369138717651,7.838010787963867e-05,True,30,raw,panda_showcase_refcorridor_star_v2_s30,/root/autodl-tmp/star_v2_storage/results/star_arm_panda/showcase_mechanism/SafetyPandaReachObstacle-v0/star_v2/panda_showcase_refcorridor_star_v2_s30/checkpoint/final.torch,1344085716,0.03
STAR,900078,0,76,0.5613802075386047,0.2500127553939819,0.2182333767414093,0.5354727506637573,0.21935629844665527,0.2566889226436615,0.5185362696647644,-0.014137590304017067,0.23638781905174255,0.07,0.13,0.1382174340353532,0.0555863603949546,0.2682174340353532,0.0,False,False,False,-0.0012176478048786,0.13054059445858,7.791072130203247e-05,-0.0012176478048786,0.13054059445858,7.791072130203247e-05,True,30,raw,panda_showcase_refcorridor_star_v2_s30,/root/autodl-tmp/star_v2_storage/results/star_arm_panda/showcase_mechanism/SafetyPandaReachObstacle-v0/star_v2/panda_showcase_refcorridor_star_v2_s30/checkpoint/final.torch,1344085716,0.03
STAR,900078,0,77,0.561377227306366,0.2500124871730804,0.2182341814041137,0.5354727506637573,0.21935629844665527,0.2566889226436615,0.5185362696647644,-0.014137590304017067,0.23638781905174255,0.07,0.13,0.1382166393843743,0.0555842705070972,0.2682166393843743,0.0,False,False,False,-0.0011905872961506,0.1305440664291381,7.74487853050232e-05,-0.0011905872961506,0.1305440664291381,7.74487853050232e-05,True,30,raw,panda_showcase_refcorridor_star_v2_s30,/root/autodl-tmp/star_v2_storage/results/star_arm_panda/showcase_mechanism/SafetyPandaReachObstacle-v0/star_v2/panda_showcase_refcorridor_star_v2_s30/checkpoint/final.torch,1344085716,0.03
STAR,900078,0,78,0.5613743662834167,0.2500121891498565,0.2182349860668182,0.5354727506637573,0.21935629844665527,0.2566889226436615,0.5185362696647644,-0.014137590304017067,0.23638781905174255,0.07,0.13,0.1382158344557935,0.0555822141468524,0.2682158344557935,0.0,False,False,False,-0.0011646294733509,0.1305474936962127,7.677078247070312e-05,-0.0011646294733509,0.1305474936962127,7.677078247070312e-05,True,30,raw,panda_showcase_refcorridor_star_v2_s30,/root/autodl-tmp/star_v2_storage/results/star_arm_panda/showcase_mechanism/SafetyPandaReachObstacle-v0/star_v2/panda_showcase_refcorridor_star_v2_s30/checkpoint/final.torch,1344085716,0.03
STAR,900078,0,79,0.5613715052604675,0.2500119209289551,0.2182357609272003,0.5354727506637573,0.21935629844665527,0.2566889226436615,0.5185362696647644,-0.014137590304017067,0.23638781905174255,0.07,0.13,0.138215060925583,0.055580198764801,0.268215060925583,0.0,False,False,False,-0.0011386121623218,0.1305509209632873,7.630139589309692e-05,-0.0011386121623218,0.1305509209632873,7.630139589309692e-05,True,30,raw,panda_showcase_refcorridor_star_v2_s30,/root/autodl-tmp/star_v2_storage/results/star_arm_panda/showcase_mechanism/SafetyPandaReachObstacle-v0/star_v2/panda_showcase_refcorridor_star_v2_s30/checkpoint/final.torch,1344085716,0.03
STAR,900078,0,80,0.5613687634468079,0.250011682510376,0.2182365357875824,0.5354727506637573,0.21935629844665527,0.2566889226436615,0.5185362696647644,-0.014137590304017067,0.23638781905174255,0.07,0.13,0.1382143358139106,0.0555782541632652,0.2682143358139106,0.0,False,False,False,-0.0011136378161609,0.1305542439222335,7.569044828414917e-05,-0.0011136378161609,0.1305542439222335,7.569044828414917e-05,True,30,raw,panda_showcase_refcorridor_star_v2_s30,/root/autodl-tmp/star_v2_storage/results/star_arm_panda/showcase_mechanism/SafetyPandaReachObstacle-v0/star_v2/panda_showcase_refcorridor_star_v2_s30/checkpoint/final.torch,1344085716,0.03
STAR,900078,0,81,0.561366081237793,0.2500114142894745,0.2182372808456421,0.5354727506637573,0.21935629844665527,0.2566889226436615,0.5185362696647644,-0.014137590304017067,0.23638781905174255,0.07,0.13,0.1382135929148347,0.0555763393640518,0.2682135929148347,0.0,False,False,False,-0.0010893191210925,0.1305572390556335,7.506459951400757e-05,-0.0010893191210925,0.1305572390556335,7.506459951400757e-05,True,30,raw,panda_showcase_refcorridor_star_v2_s30,/root/autodl-tmp/star_v2_storage/results/star_arm_panda/showcase_mechanism/SafetyPandaReachObstacle-v0/star_v2/panda_showcase_refcorridor_star_v2_s30/checkpoint/final.torch,1344085716,0.03
STAR,900078,0,82,0.5613633990287781,0.250011146068573,0.2182380259037017,0.5354727506637573,0.21935629844665527,0.2566889226436615,0.5185362696647644,-0.014137590304017067,0.23638781905174255,0.07,0.13,0.1382128500428618,0.0555744245648384,0.2682128500428619,0.0,False,False,False,-0.0010651495540514,0.130560502409935,7.445365190505981e-05,-0.0010651495540514,0.130560502409935,7.445365190505981e-05,True,30,raw,panda_showcase_refcorridor_star_v2_s30,/root/autodl-tmp/star_v2_storage/results/star_arm_panda/showcase_mechanism/SafetyPandaReachObstacle-v0/star_v2/panda_showcase_refcorridor_star_v2_s30/checkpoint/final.torch,1344085716,0.03
STAR,900078,0,83,0.5613608360290527,0.2500109076499939,0.2182387709617614,0.5354727506637573,0.21935629844665527,0.2566889226436615,0.5185362696647644,-0.014137590304017067,0.23638781905174255,0.07,0.13,0.1382121555825199,0.0555725842714309,0.26821215558252,0.0,False,False,False,-0.001041903742589,0.1305634975433349,7.370114326477051e-05,-0.001041903742589,0.1305634975433349,7.370114326477051e-05,True,30,raw,panda_showcase_refcorridor_star_v2_s30,/root/autodl-tmp/star_v2_storage/results/star_arm_panda/showcase_mechanism/SafetyPandaReachObstacle-v0/star_v2/panda_showcase_refcorridor_star_v2_s30/checkpoint/final.torch,1344085716,0.03
STAR,900078,0,84,0.5613583326339722,0.2500106692314148,0.2182394862174987,0.5354727506637573,0.21935629844665527,0.2566889226436615,0.5185362696647644,-0.014137590304017067,0.23638781905174255,0.07,0.13,0.1382114726800462,0.0555707924067974,0.2682114726800462,0.0,False,False,False,-0.0010191049659624,0.1305665671825409,7.30752944946289e-05,-0.0010191049659624,0.1305665671825409,7.30752944946289e-05,True,30,raw,panda_showcase_refcorridor_star_v2_s30,/root/autodl-tmp/star_v2_storage/results/star_arm_panda/showcase_mechanism/SafetyPandaReachObstacle-v0/star_v2/panda_showcase_refcorridor_star_v2_s30/checkpoint/final.torch,1344085716,0.03
STAR,900078,0,85,0.5613558292388916,0.2500104308128357,0.218240201473236,0.5354727506637573,0.21935629844665527,0.2566889226436615,0.5185362696647644,-0.014137590304017067,0.23638781905174255,0.07,0.13,0.1382107898013188,0.0555690005421638,0.2682107898013188,0.0,False,False,False,-0.0009966638172045,0.1305693984031677,7.243454456329346e-05,-0.0009966638172045,0.1305693984031677,7.243454456329346e-05,True,30,raw,panda_showcase_refcorridor_star_v2_s30,/root/autodl-tmp/star_v2_storage/results/star_arm_panda/showcase_mechanism/SafetyPandaReachObstacle-v0/star_v2/panda_showcase_refcorridor_star_v2_s30/checkpoint/final.torch,1344085716,0.03
STAR,900078,0,86,0.5613534450531006,0.250010222196579,0.2182409167289734,0.5354727506637573,0.21935629844665527,0.2566889226436615,0.5185362696647644,-0.014137590304017067,0.23638781905174255,0.07,0.13,0.1382101553278654,0.0555672794580459,0.2682101553278654,0.0,False,False,False,-0.0009751167963258,0.1305722147226333,7.156282663345337e-05,-0.0009751167963258,0.1305722147226333,7.156282663345337e-05,True,30,raw,panda_showcase_refcorridor_star_v2_s30,/root/autodl-tmp/star_v2_storage/results/star_arm_panda/showcase_mechanism/SafetyPandaReachObstacle-v0/star_v2/panda_showcase_refcorridor_star_v2_s30/checkpoint/final.torch,1344085716,0.03
STAR,900078,0,87,0.5613510608673096,0.2500099837779999,0.2182416021823883,0.5354727506637573,0.21935629844665527,0.2566889226436615,0.5185362696647644,-0.014137590304017067,0.23638781905174255,0.07,0.13,0.1382094935415258,0.0555655620992183,0.2682094935415258,0.0,False,False,False,-0.0009537485311739,0.130575031042099,7.083266973495483e-05,-0.0009537485311739,0.130575031042099,7.083266973495483e-05,True,30,raw,panda_showcase_refcorridor_star_v2_s30,/root/autodl-tmp/star_v2_storage/results/star_arm_panda/showcase_mechanism/SafetyPandaReachObstacle-v0/star_v2/panda_showcase_refcorridor_star_v2_s30/checkpoint/final.torch,1344085716,0.03
STAR,900078,0,88,0.5613487362861633,0.2500097751617431,0.2182422876358032,0.5354727506637573,0.21935629844665527,0.2566889226436615,0.5185362696647644,-0.014137590304017067,0.23638781905174255,0.07,0.13,0.1382088706420373,0.0555638894438743,0.2682088706420373,0.0,False,False,False,-0.0009328869055025,0.1305774450302124,7.018446922302246e-05,-0.0009328869055025,0.1305774450302124,7.018446922302246e-05,True,30,raw,panda_showcase_refcorridor_star_v2_s30,/root/autodl-tmp/star_v2_storage/results/star_arm_panda/showcase_mechanism/SafetyPandaReachObstacle-v0/star_v2/panda_showcase_refcorridor_star_v2_s30/checkpoint/final.torch,1344085716,0.03
STAR,900078,0,89,0.5613464713096619,0.2500095665454864,0.2182429432868957,0.5354727506637573,0.21935629844665527,0.2566889226436615,0.5185362696647644,-0.014137590304017067,0.23638781905174255,0.07,0.13,0.1382082592931744,0.0555622689425945,0.2682082592931745,0.0,False,False,False,-0.0009125319775193,0.1305801570415496,6.937980651855469e-05,-0.0009125319775193,0.1305801570415496,6.937980651855469e-05,True,30,raw,panda_showcase_refcorridor_star_v2_s30,/root/autodl-tmp/star_v2_storage/results/star_arm_panda/showcase_mechanism/SafetyPandaReachObstacle-v0/star_v2/panda_showcase_refcorridor_star_v2_s30/checkpoint/final.torch,1344085716,0.03
STAR,900078,0,90,0.5613442659378052,0.2500093579292297,0.2182435989379882,0.5354727506637573,0.21935629844665527,0.2566889226436615,0.5185362696647644,-0.014137590304017067,0.23638781905174255,0.07,0.13,0.1382076574771619,0.0555606745183467,0.2682076574771619,0.0,False,False,False,-0.0008925048168748,0.1305828988552093,6.868690252304077e-05,-0.0008925048168748,0.1305828988552093,6.868690252304077e-05,True,30,raw,panda_showcase_refcorridor_star_v2_s30,/root/autodl-tmp/star_v2_storage/results/star_arm_panda/showcase_mechanism/SafetyPandaReachObstacle-v0/star_v2/panda_showcase_refcorridor_star_v2_s30/checkpoint/final.torch,1344085716,0.03
STAR,900078,0,91,0.5613421201705933,0.250009149312973,0.2182442545890808,0.5354727506637573,0.21935629844665527,0.2566889226436615,0.5185362696647644,-0.014137590304017067,0.23638781905174255,0.07,0.13,0.1382070651925934,0.0555591061711311,0.2682070651925934,0.0,False,False,False,-0.0008734015282243,0.1305855214595794,6.780028343200684e-05,-0.0008734015282243,0.1305855214595794,6.780028343200684e-05,True,30,raw,panda_showcase_refcorridor_star_v2_s30,/root/autodl-tmp/star_v2_storage/results/star_arm_panda/showcase_mechanism/SafetyPandaReachObstacle-v0/star_v2/panda_showcase_refcorridor_star_v2_s30/checkpoint/final.torch,1344085716,0.03
STAR,900078,0,92,0.5613399744033813,0.2500089704990387,0.2182449102401733,0.5354727506637573,0.21935629844665527,0.2566889226436615,0.5185362696647644,-0.014137590304017067,0.23638781905174255,0.07,0.13,0.1382065022768427,0.0555575527250766,0.2682065022768427,0.0,False,False,False,-0.0008543876465409,0.1305875927209854,6.69434666633606e-05,-0.0008543876465409,0.1305875927209854,6.69434666633606e-05,True,30,raw,panda_showcase_refcorridor_star_v2_s30,/root/autodl-tmp/star_v2_storage/results/star_arm_panda/showcase_mechanism/SafetyPandaReachObstacle-v0/star_v2/panda_showcase_refcorridor_star_v2_s30/checkpoint/final.torch,1344085716,0.03
STAR,900078,0,93,0.5613378882408142,0.250008761882782,0.2182455360889434,0.5354727506637573,0.21935629844665527,0.2566889226436615,0.5185362696647644,-0.014137590304017067,0.23638781905174255,0.07,0.13,0.1382059215554801,0.0555560328066349,0.2682059215554802,0.0,False,False,False,-0.0008355526369996,0.1305902153253555,6.623566150665283e-05,-0.0008355526369996,0.1305902153253555,6.623566150665283e-05,True,30,raw,panda_showcase_refcorridor_star_v2_s30,/root/autodl-tmp/star_v2_storage/results/star_arm_panda/showcase_mechanism/SafetyPandaReachObstacle-v0/star_v2/panda_showcase_refcorridor_star_v2_s30/checkpoint/final.torch,1344085716,0.03
STAR,900078,0,94,0.5613358616828918,0.2500085830688476,0.2182461619377136,0.5354727506637573,0.21935629844665527,0.2566889226436615,0.5185362696647644,-0.014137590304017067,0.23638781905174255,0.07,0.13,0.1382053797135483,0.0555545575916767,0.2682053797135483,0.0,False,False,False,-0.0008174328249879,0.1305925101041793,6.538629531860352e-05,-0.0008174328249879,0.1305925101041793,6.538629531860352e-05,True,30,raw,panda_showcase_refcorridor_star_v2_s30,/root/autodl-tmp/star_v2_storage/results/star_arm_panda/showcase_mechanism/SafetyPandaReachObstacle-v0/star_v2/panda_showcase_refcorridor_star_v2_s30/checkpoint/final.torch,1344085716,0.03
STAR,900078,0,95,0.5613338947296143,0.2500084042549133,0.2182467579841613,0.5354727506637573,0.21935629844665527,0.2566889226436615,0.5185362696647644,-0.014137590304017067,0.23638781905174255,0.07,0.13,0.1382048494143528,0.0555531308054924,0.2682048494143528,0.0,False,False,False,-0.0007997898501344,0.1305948197841644,6.445497274398804e-05,-0.0007997898501344,0.1305948197841644,6.445497274398804e-05,True,30,raw,panda_showcase_refcorridor_star_v2_s30,/root/autodl-tmp/star_v2_storage/results/star_arm_panda/showcase_mechanism/SafetyPandaReachObstacle-v0/star_v2/panda_showcase_refcorridor_star_v2_s30/checkpoint/final.torch,1344085716,0.03
STAR,900078,0,96,0.5613319277763367,0.250008225440979,0.2182473540306091,0.5354727506637573,0.21935629844665527,0.2566889226436615,0.5185362696647644,-0.014137590304017067,0.23638781905174255,0.07,0.13,0.1382043191299777,0.055551704019308,0.2682043191299778,0.0,False,False,False,-0.0007823852938599,0.1305968165397644,6.370246410369873e-05,-0.0007823852938599,0.1305968165397644,6.370246410369873e-05,True,30,raw,panda_showcase_refcorridor_star_v2_s30,/root/autodl-tmp/star_v2_storage/results/star_arm_panda/showcase_mechanism/SafetyPandaReachObstacle-v0/star_v2/panda_showcase_refcorridor_star_v2_s30/checkpoint/final.torch,1344085716,0.03
STAR,900078,0,97,0.5613300204277039,0.2500080466270447,0.2182479500770568,0.5354727506637573,0.21935629844665527,0.2566889226436615,0.5185362696647644,-0.014137590304017067,0.23638781905174255,0.07,0.13,0.1382037983707457,0.0555503033101558,0.2682037983707457,0.0,False,False,False,-0.000765397970099,0.130599170923233,6.285309791564941e-05,-0.000765397970099,0.130599170923233,6.285309791564941e-05,True,30,raw,panda_showcase_refcorridor_star_v2_s30,/root/autodl-tmp/star_v2_storage/results/star_arm_panda/showcase_mechanism/SafetyPandaReachObstacle-v0/star_v2/panda_showcase_refcorridor_star_v2_s30/checkpoint/final.torch,1344085716,0.03
STAR,900078,0,98,0.5613281726837158,0.2500078678131103,0.2182485163211822,0.5354727506637573,0.21935629844665527,0.2566889226436615,0.5185362696647644,-0.014137590304017067,0.23638781905174255,0.07,0.13,0.1382032891510493,0.0555489547550678,0.2682032891510493,0.0,False,False,False,-0.0007486789254471,0.1306012123823166,6.21899962425232e-05,-0.0007486789254471,0.1306012123823166,6.21899962425232e-05,True,30,raw,panda_showcase_refcorridor_star_v2_s30,/root/autodl-tmp/star_v2_storage/results/star_arm_panda/showcase_mechanism/SafetyPandaReachObstacle-v0/star_v2/panda_showcase_refcorridor_star_v2_s30/checkpoint/final.torch,1344085716,0.03
STAR,900078,0,99,0.5613263845443726,0.250007688999176,0.2182490825653076,0.5354727506637573,0.21935629844665527,0.2566889226436615,0.5185362696647644,-0.014137590304017067,0.23638781905174255,0.07,0.13,0.1382027894539806,0.0555476322770118,0.2682027894539806,0.0,False,False,False,-0.0007327942876145,0.1306033730506897,6.127357482910156e-05,-0.0007327942876145,0.1306033730506897,6.127357482910156e-05,True,30,raw,panda_showcase_refcorridor_star_v2_s30,/root/autodl-tmp/star_v2_storage/results/star_arm_panda/showcase_mechanism/SafetyPandaReachObstacle-v0/star_v2/panda_showcase_refcorridor_star_v2_s30/checkpoint/final.torch,1344085716,0.03
STAR+Exec,900078,0,0,0.4498244524002075,-0.1642152369022369,0.2574626803398132,0.5354727506637573,0.21935629844665527,0.2566889226436615,0.5185362696647644,-0.014137590304017067,0.23638781905174255,0.07,0.13,0.0363994099105205,0.3930182456970215,0.1663994099105205,0.0,False,False,True,-0.9985787868499756,-0.4066579341888428,-0.6293988823890686,-0.9985787868499756,-0.4066579341888428,-0.6293988823890686,True,30,star_exec,panda_showcase_refcorridor_star_v2_s30,/root/autodl-tmp/star_v2_storage/results/star_arm_panda/showcase_mechanism/SafetyPandaReachObstacle-v0/star_v2/panda_showcase_refcorridor_star_v2_s30/checkpoint/final.torch,1881533092,0.03
STAR+Exec,900078,0,1,0.4199247062206268,-0.1764433532953262,0.2386367917060852,0.5354727506637573,0.21935629844665527,0.2566889226436615,0.5185362696647644,-0.014137590304017067,0.23638781905174255,0.07,0.13,0.0599275099165156,0.4127160906791687,0.1899275099165157,0.0,False,False,True,-0.9934202432632446,0.886319637298584,-0.7553737759590149,-0.9934202432632446,0.886319637298584,-0.7553737759590149,True,30,star_exec,panda_showcase_refcorridor_star_v2_s30,/root/autodl-tmp/star_v2_storage/results/star_arm_panda/showcase_mechanism/SafetyPandaReachObstacle-v0/star_v2/panda_showcase_refcorridor_star_v2_s30/checkpoint/final.torch,1881533092,0.03
STAR+Exec,900078,0,2,0.3901714086532593,-0.1498776525259018,0.216046392917633,0.5354727506637573,0.21935629844665527,0.2566889226436615,0.5185362696647644,-0.014137590304017067,0.23638781905174255,0.07,0.13,0.0579273148099381,0.3988709151744842,0.1879273148099381,0.0,False,False,True,-0.7654135227203369,0.21942138671875,-0.2062235623598098,-0.7654135227203369,0.21942138671875,-0.2062235623598098,True,30,star_exec,panda_showcase_refcorridor_star_v2_s30,/root/autodl-tmp/star_v2_storage/results/star_arm_panda/showcase_mechanism/SafetyPandaReachObstacle-v0/star_v2/panda_showcase_refcorridor_star_v2_s30/checkpoint/final.torch,1881533092,0.03
STAR+Exec,900078,0,3,0.3672538995742798,-0.143316850066185,0.2099349796772003,0.5354727506637573,0.21935629844665527,0.2566889226436615,0.5185362696647644,-0.014137590304017067,0.23638781905174255,0.07,0.13,0.0706823095438941,0.4025112986564636,0.2006823095438941,0.0,False,False,True,-0.9591277837753296,0.9949808716773988,-0.5193146467208862,-0.9591277837753296,0.9949808716773988,-0.5193146467208862,True,30,star_exec,panda_showcase_refcorridor_star_v2_s30,/root/autodl-tmp/star_v2_storage/results/star_arm_panda/showcase_mechanism/SafetyPandaReachObstacle-v0/star_v2/panda_showcase_refcorridor_star_v2_s30/checkpoint/final.torch,1881533092,0.03
STAR+Exec,900078,0,4,0.3500738143920898,-0.1134957075119018,0.1944767236709594,0.5354727506637573,0.21935629844665527,0.2566889226436615,0.5185362696647644,-0.014137590304017067,0.23638781905174255,0.07,0.13,0.0700204344751074,0.3860487043857574,0.2000204344751074,0.0,False,False,True,-0.9980810880661012,0.9792029857635498,0.9590288400650024,-0.9980810880661012,0.9792029857635498,0.9590288400650024,True,30,star_exec,panda_showcase_refcorridor_star_v2_s30,/root/autodl-tmp/star_v2_storage/results/star_arm_panda/showcase_mechanism/SafetyPandaReachObstacle-v0/star_v2/panda_showcase_refcorridor_star_v2_s30/checkpoint/final.torch,1881533092,0.03
STAR+Exec,900078,0,5,0.349927693605423,-0.0841012224555015,0.223098486661911,0.5354727506637573,0.21935629844665527,0.2566889226436615,0.5185362696647644,-0.014137590304017067,0.23638781905174255,0.07,0.13,0.0530310577469145,0.3572698533535003,0.1830310577469145,0.0,False,False,True,-0.9685808420181274,0.5341168642044067,0.0953917205333709,-0.9685808420181274,0.5341168642044067,0.0953917205333709,True,30,star_exec,panda_showcase_refcorridor_star_v2_s30,/root/autodl-tmp/star_v2_storage/results/star_arm_panda/showcase_mechanism/SafetyPandaReachObstacle-v0/star_v2/panda_showcase_refcorridor_star_v2_s30/checkpoint/final.torch,1881533092,0.03
STAR+Exec,900078,0,6,0.3499646186828613,-0.0681183487176895,0.2258921861648559,0.5354727506637573,0.21935629844665527,0.2566889226436615,0.5185362696647644,-0.014137590304017067,0.23638781905174255,0.07,0.13,0.0473146415369472,0.3435161709785461,0.1773146415369472,0.0,False,False,True,-0.8219451904296875,0.999020516872406,0.092263825237751,-0.8219451904296875,0.999020516872406,0.092263825237751,True,30,star_exec,panda_showcase_refcorridor_star_v2_s30,/root/autodl-tmp/star_v2_storage/results/star_arm_panda/showcase_mechanism/SafetyPandaReachObstacle-v0/star_v2/panda_showcase_refcorridor_star_v2_s30/checkpoint/final.torch,1881533092,0.03
STAR+Exec,900078,0,7,0.3499669730663299,-0.0381991378962993,0.2285986840724945,0.5354727506637573,0.21935629844665527,0.2566889226436615,0.5185362696647644,-0.014137590304017067,0.23638781905174255,0.07,0.13,0.040455966313742,0.3186475336551666,0.170455966313742,0.0,False,False,True,-0.5814782977104187,0.9569886326789856,0.8668255805969238,-0.5814782977104187,0.9569886326789856,0.8668255805969238,True,30,star_exec,panda_showcase_refcorridor_star_v2_s30,/root/autodl-tmp/star_v2_storage/results/star_arm_panda/showcase_mechanism/SafetyPandaReachObstacle-v0/star_v2/panda_showcase_refcorridor_star_v2_s30/checkpoint/final.torch,1881533092,0.03
STAR+Exec,900078,0,8,0.3499093949794769,-0.0095008956268429,0.2543490529060364,0.5354727506637573,0.21935629844665527,0.2566889226436615,0.5185362696647644,-0.014137590304017067,0.23638781905174255,0.07,0.13,0.0396441208094922,0.2946436107158661,0.1696441208094923,0.0,False,False,True,-0.993369996547699,0.9081132411956788,0.3708054721355438,-0.993369996547699,0.9081132411956788,0.3708054721355438,True,30,star_exec,panda_showcase_refcorridor_star_v2_s30,/root/autodl-tmp/star_v2_storage/results/star_arm_panda/showcase_mechanism/SafetyPandaReachObstacle-v0/star_v2/panda_showcase_refcorridor_star_v2_s30/checkpoint/final.torch,1881533092,0.03
STAR+Exec,900078,0,9,0.3499625623226166,0.017730463296175,0.2653514444828033,0.5354727506637573,0.21935629844665527,0.2566889226436615,0.5185362696647644,-0.014137590304017067,0.23638781905174255,0.07,0.13,0.043987238743109,0.2741205096244812,0.173987238743109,0.0,False,False,True,-0.9983322620391846,0.3287325203418731,0.6854873895645142,-0.9983322620391846,0.3287325203418731,0.6854873895645142,True,30,star_exec,panda_showcase_refcorridor_star_v2_s30,/root/autodl-tmp/star_v2_storage/results/star_arm_panda/showcase_mechanism/SafetyPandaReachObstacle-v0/star_v2/panda_showcase_refcorridor_star_v2_s30/checkpoint/final.torch,1881533092,0.03
STAR+Exec,900078,0,10,0.3499579727649688,0.0275744441896677,0.2857335805892944,0.5354727506637573,0.21935629844665527,0.2566889226436615,0.5185362696647644,-0.014137590304017067,0.23638781905174255,0.07,0.13,0.050536811174228,0.268401950597763,0.1805368111742281,0.0,False,False,True,-0.207628920674324,0.7635993957519531,0.8535860776901245,-0.207628920674324,0.7635993957519531,0.8535860776901245,True,30,star_exec,panda_showcase_refcorridor_star_v2_s30,/root/autodl-tmp/star_v2_storage/results/star_arm_panda/showcase_mechanism/SafetyPandaReachObstacle-v0/star_v2/panda_showcase_refcorridor_star_v2_s30/checkpoint/final.torch,1881533092,0.03
STAR+Exec,900078,0,11,0.3499734997749328,0.0504591725766658,0.311156153678894,0.5354727506637573,0.21935629844665527,0.2566889226436615,0.5185362696647644,-0.014137590304017067,0.23638781905174255,0.07,0.13,0.0653879551827931,0.2567155659198761,0.1953879551827931,0.0,False,False,True,0.0219869930297136,0.887547492980957,0.8058584928512573,0.0219869930297136,0.887547492980957,0.8058584928512573,True,30,star_exec,panda_showcase_refcorridor_star_v2_s30,/root/autodl-tmp/star_v2_storage/results/star_arm_panda/showcase_mechanism/SafetyPandaReachObstacle-v0/star_v2/panda_showcase_refcorridor_star_v2_s30/checkpoint/final.torch,1881533092,0.03
STAR+Exec,900078,0,12,0.3506237864494324,0.077068381011486,0.3352143764495849,0.5354727506637573,0.21935629844665527,0.2566889226436615,0.5185362696647644,-0.014137590304017067,0.23638781905174255,0.07,0.13,0.0851274498297522,0.2461325526237487,0.2151274498297522,0.0,False,False,True,-0.6837711334228516,0.8016332983970642,0.4968220591545105,-0.6837711334228516,0.8016332983970642,0.4968220591545105,True,30,star_exec,panda_showcase_refcorridor_star_v2_s30,/root/autodl-tmp/star_v2_storage/results/star_arm_panda/showcase_mechanism/SafetyPandaReachObstacle-v0/star_v2/panda_showcase_refcorridor_star_v2_s30/checkpoint/final.torch,1881533092,0.03
STAR+Exec,900078,0,13,0.3499959409236908,0.1011019349098205,0.3500319719314575,0.5354727506637573,0.21935629844665527,0.2566889226436615,0.5185362696647644,-0.014137590304017067,0.23638781905174255,0.07,0.13,0.1036685346113333,0.2389532774686813,0.2336685346113333,0.0,False,False,True,-0.3036339581012726,0.978907823562622,0.7817384600639343,-0.3036339581012726,0.978907823562622,0.7817384600639343,True,30,star_exec,panda_showcase_refcorridor_star_v2_s30,/root/autodl-tmp/star_v2_storage/results/star_arm_panda/showcase_mechanism/SafetyPandaReachObstacle-v0/star_v2/panda_showcase_refcorridor_star_v2_s30/checkpoint/final.torch,1881533092,0.03
STAR+Exec,900078,0,14,0.3499967157840729,0.1304534971714019,0.3734000325202942,0.5354727506637573,0.21935629844665527,0.2566889226436615,0.5185362696647644,-0.014137590304017067,0.23638781905174255,0.07,0.13,0.1309300872631953,0.2364879548549652,0.2609300872631954,0.0,False,False,True,-0.9842867851257324,0.9269725680351256,-0.5159067511558533,-0.9842867851257324,0.9269725680351256,-0.5159067511558533,True,30,star_exec,panda_showcase_refcorridor_star_v2_s30,/root/autodl-tmp/star_v2_storage/results/star_arm_panda/showcase_mechanism/SafetyPandaReachObstacle-v0/star_v2/panda_showcase_refcorridor_star_v2_s30/checkpoint/final.torch,1881533092,0.03
STAR+Exec,900078,0,15,0.3500129878520965,0.1582662314176559,0.3580096065998077,0.5354727506637573,0.21935629844665527,0.2566889226436615,0.5185362696647644,-0.014137590304017067,0.23638781905174255,0.07,0.13,0.140027838312158,0.219984546303749,0.270027838312158,0.0,False,False,True,0.992530345916748,0.9796483516693116,-0.8908635377883911,0.992530345916748,0.9796483516693116,-0.8908635377883911,True,30,star_exec,panda_showcase_refcorridor_star_v2_s30,/root/autodl-tmp/star_v2_storage/results/star_arm_panda/showcase_mechanism/SafetyPandaReachObstacle-v0/star_v2/panda_showcase_refcorridor_star_v2_s30/checkpoint/final.torch,1881533092,0.03
STAR+Exec,900078,0,16,0.3797924220561981,0.1876646429300308,0.3313684165477752,0.5354727506637573,0.21935629844665527,0.2566889226436615,0.5185362696647644,-0.014137590304017067,0.23638781905174255,0.07,0.13,0.1326695842464093,0.1755498647689819,0.2626695842464093,0.0,False,False,True,0.7176018357276917,0.9208680391311646,-0.751982569694519,0.7176018357276917,0.9208680391311646,-0.751982569694519,True,30,star_exec,panda_showcase_refcorridor_star_v2_s30,/root/autodl-tmp/star_v2_storage/results/star_arm_panda/showcase_mechanism/SafetyPandaReachObstacle-v0/star_v2/panda_showcase_refcorridor_star_v2_s30/checkpoint/final.torch,1881533092,0.03
STAR+Exec,900078,0,17,0.4012483656406402,0.2152498662471771,0.3088295459747314,0.5354727506637573,0.21935629844665527,0.2566889226436615,0.5185362696647644,-0.014137590304017067,0.23638781905174255,0.07,0.13,0.1376244784263633,0.1440544724464416,0.2676244784263634,0.0,False,False,True,0.9887071251869202,0.8454532623291016,-0.9030358791351318,0.9887071251869202,0.8454532623291016,-0.9030358791351318,True,30,star_exec,panda_showcase_refcorridor_star_v2_s30,/root/autodl-tmp/star_v2_storage/results/star_arm_panda/showcase_mechanism/SafetyPandaReachObstacle-v0/star_v2/panda_showcase_refcorridor_star_v2_s30/checkpoint/final.torch,1881533092,0.03
STAR+Exec,900078,0,18,0.4308412671089172,0.240572303533554,0.2817060947418213,0.5354727506637573,0.21935629844665527,0.2566889226436615,0.5185362696647644,-0.014137590304017067,0.23638781905174255,0.07,0.13,0.1431689762830669,0.1096527427434921,0.2731689762830669,0.0,False,False,True,0.99575275182724,0.1155935227870941,0.8703892230987549,0.99575275182724,0.1155935227870941,0.8703892230987549,True,30,star_exec,panda_showcase_refcorridor_star_v2_s30,/root/autodl-tmp/star_v2_storage/results/star_arm_panda/showcase_mechanism/SafetyPandaReachObstacle-v0/star_v2/panda_showcase_refcorridor_star_v2_s30/checkpoint/final.torch,1881533092,0.03
STAR+Exec,900078,0,19,0.4606471061706543,0.2440026551485061,0.3077829480171203,0.5354727506637573,0.21935629844665527,0.2566889226436615,0.5185362696647644,-0.014137590304017067,0.23638781905174255,0.07,0.13,0.1440160688943618,0.0938984528183937,0.2740160688943618,0.0,False,False,True,0.993074893951416,-0.364904522895813,-0.9052969217300416,0.993074893951416,-0.364904522895813,-0.9052969217300416,True,30,star_exec,panda_showcase_refcorridor_star_v2_s30,/root/autodl-tmp/star_v2_storage/results/star_arm_panda/showcase_mechanism/SafetyPandaReachObstacle-v0/star_v2/panda_showcase_refcorridor_star_v2_s30/checkpoint/final.torch,1881533092,0.03
STAR+Exec,900078,0,20,0.4903631508350372,0.2330178469419479,0.2806003987789154,0.5354727506637573,0.21935629844665527,0.2566889226436615,0.5185362696647644,-0.014137590304017067,0.23638781905174255,0.07,0.13,0.1226544814385244,0.0528514198958873,0.2526544814385244,0.0,False,False,True,0.9986801147460938,-0.4075431525707245,-0.4064280092716217,0.9986801147460938,-0.4075431525707245,-0.4064280092716217,True,30,star_exec,panda_showcase_refcorridor_star_v2_s30,/root/autodl-tmp/star_v2_storage/results/star_arm_panda/showcase_mechanism/SafetyPandaReachObstacle-v0/star_v2/panda_showcase_refcorridor_star_v2_s30/checkpoint/final.torch,1881533092,0.03
