run_name,task,method,seed,checkpoint_path,checkpoint_name,threshold,mean_action_unsafe_rate,pSVR,rho_active_rate,hidden_unsafe_rate,audit_gap_positive_rate
risk_correction_cg095_thr0p45_cg1_s10,SafetyCarGoal1-v0,star_actor,10,results/star_risk_scale_correction_faf90bc/SafetyCarGoal1-v0/star_actor/risk_correction_cg095_thr0p45_cg1_s10/checkpoint/final.torch,final,0.05,1.0,1.0,1.0,0.0,1.0
risk_correction_cg095_thr0p45_cg1_s10,SafetyCarGoal1-v0,star_actor,10,results/star_risk_scale_correction_faf90bc/SafetyCarGoal1-v0/star_actor/risk_correction_cg095_thr0p45_cg1_s10/checkpoint/final.torch,final,0.1,0.933,0.943,0.932,0.01,1.0
risk_correction_cg095_thr0p45_cg1_s10,SafetyCarGoal1-v0,star_actor,10,results/star_risk_scale_correction_faf90bc/SafetyCarGoal1-v0/star_actor/risk_correction_cg095_thr0p45_cg1_s10/checkpoint/final.torch,final,0.15,0.686,0.695,0.687,0.009,1.0
risk_correction_cg095_thr0p45_cg1_s10,SafetyCarGoal1-v0,star_actor,10,results/star_risk_scale_correction_faf90bc/SafetyCarGoal1-v0/star_actor/risk_correction_cg095_thr0p45_cg1_s10/checkpoint/final.torch,final,0.2,0.458,0.477,0.458,0.019,1.0
risk_correction_cg095_thr0p45_cg1_s10,SafetyCarGoal1-v0,star_actor,10,results/star_risk_scale_correction_faf90bc/SafetyCarGoal1-v0/star_actor/risk_correction_cg095_thr0p45_cg1_s10/checkpoint/final.torch,final,0.25,0.329,0.339,0.331,0.01,1.0
risk_correction_cg095_thr0p45_cg1_s10,SafetyCarGoal1-v0,star_actor,10,results/star_risk_scale_correction_faf90bc/SafetyCarGoal1-v0/star_actor/risk_correction_cg095_thr0p45_cg1_s10/checkpoint/final.torch,final,0.3,0.251,0.262,0.252,0.011,1.0
risk_correction_cg095_thr0p45_cg1_s10,SafetyCarGoal1-v0,star_actor,10,results/star_risk_scale_correction_faf90bc/SafetyCarGoal1-v0/star_actor/risk_correction_cg095_thr0p45_cg1_s10/checkpoint/final.torch,final,0.35,0.199,0.213,0.197,0.014,1.0
risk_correction_cg095_thr0p45_cg1_s10,SafetyCarGoal1-v0,star_actor,10,results/star_risk_scale_correction_faf90bc/SafetyCarGoal1-v0/star_actor/risk_correction_cg095_thr0p45_cg1_s10/checkpoint/final.torch,final,0.4,0.16,0.172,0.163,0.012,1.0
risk_correction_cg095_thr0p45_cg1_s10,SafetyCarGoal1-v0,star_actor,10,results/star_risk_scale_correction_faf90bc/SafetyCarGoal1-v0/star_actor/risk_correction_cg095_thr0p45_cg1_s10/checkpoint/final.torch,final,0.45,0.13,0.142,0.131,0.012,1.0
risk_correction_cg095_thr0p45_cg1_s10,SafetyCarGoal1-v0,star_actor,10,results/star_risk_scale_correction_faf90bc/SafetyCarGoal1-v0/star_actor/risk_correction_cg095_thr0p45_cg1_s10/checkpoint/final.torch,final,0.5,0.106,0.123,0.109,0.017,1.0
risk_correction_cg095_thr0p45_cg1_s10,SafetyCarGoal1-v0,star_actor,10,results/star_risk_scale_correction_faf90bc/SafetyCarGoal1-v0/star_actor/risk_correction_cg095_thr0p45_cg1_s10/checkpoint/final.torch,final,0.55,0.086,0.1,0.088,0.014,1.0
risk_correction_cg095_thr0p45_cg1_s10,SafetyCarGoal1-v0,star_actor,10,results/star_risk_scale_correction_faf90bc/SafetyCarGoal1-v0/star_actor/risk_correction_cg095_thr0p45_cg1_s10/checkpoint/final.torch,final,0.6,0.079,0.086,0.08,0.007,1.0
risk_correction_cg095_thr0p45_cg1_s10,SafetyCarGoal1-v0,star_actor,10,results/star_risk_scale_correction_faf90bc/SafetyCarGoal1-v0/star_actor/risk_correction_cg095_thr0p45_cg1_s10/checkpoint/final.torch,final,0.65,0.065,0.072,0.066,0.007,1.0
risk_correction_cg095_thr0p45_cg1_s10,SafetyCarGoal1-v0,star_actor,10,results/star_risk_scale_correction_faf90bc/SafetyCarGoal1-v0/star_actor/risk_correction_cg095_thr0p45_cg1_s10/checkpoint/final.torch,final,0.7,0.062,0.065,0.062,0.003,1.0
risk_correction_cg095_thr0p45_cg1_s10,SafetyCarGoal1-v0,star_actor,10,results/star_risk_scale_correction_faf90bc/SafetyCarGoal1-v0/star_actor/risk_correction_cg095_thr0p45_cg1_s10/checkpoint/final.torch,final,0.75,0.057,0.058,0.057,0.001,1.0
risk_correction_cg095_thr0p45_cg1_s10,SafetyCarGoal1-v0,star_actor,10,results/star_risk_scale_correction_faf90bc/SafetyCarGoal1-v0/star_actor/risk_correction_cg095_thr0p45_cg1_s10/checkpoint/final.torch,final,0.8,0.051,0.053,0.051,0.002,1.0
risk_correction_cg095_thr0p45_cg1_s10,SafetyCarGoal1-v0,star_actor,10,results/star_risk_scale_correction_faf90bc/SafetyCarGoal1-v0/star_actor/risk_correction_cg095_thr0p45_cg1_s10/checkpoint/final.torch,final,0.85,0.041,0.046,0.041,0.005,1.0
risk_correction_cg095_thr0p45_cg1_s10,SafetyCarGoal1-v0,star_actor,10,results/star_risk_scale_correction_faf90bc/SafetyCarGoal1-v0/star_actor/risk_correction_cg095_thr0p45_cg1_s10/checkpoint/final.torch,final,0.9,0.035,0.035,0.035,0.0,1.0
risk_correction_cg095_thr0p45_cg1_s10,SafetyCarGoal1-v0,star_actor,10,results/star_risk_scale_correction_faf90bc/SafetyCarGoal1-v0/star_actor/risk_correction_cg095_thr0p45_cg1_s10/checkpoint/final.torch,final,0.95,0.025,0.027,0.022,0.002,1.0
risk_correction_cg095_thr0p50_cg1_s10,SafetyCarGoal1-v0,star_actor,10,results/star_risk_scale_correction_faf90bc/SafetyCarGoal1-v0/star_actor/risk_correction_cg095_thr0p50_cg1_s10/checkpoint/final.torch,final,0.05,1.0,1.0,1.0,0.0,0.999
risk_correction_cg095_thr0p50_cg1_s10,SafetyCarGoal1-v0,star_actor,10,results/star_risk_scale_correction_faf90bc/SafetyCarGoal1-v0/star_actor/risk_correction_cg095_thr0p50_cg1_s10/checkpoint/final.torch,final,0.1,0.998,0.998,0.998,0.0,0.999
risk_correction_cg095_thr0p50_cg1_s10,SafetyCarGoal1-v0,star_actor,10,results/star_risk_scale_correction_faf90bc/SafetyCarGoal1-v0/star_actor/risk_correction_cg095_thr0p50_cg1_s10/checkpoint/final.torch,final,0.15,0.881,0.887,0.881,0.006,0.999
risk_correction_cg095_thr0p50_cg1_s10,SafetyCarGoal1-v0,star_actor,10,results/star_risk_scale_correction_faf90bc/SafetyCarGoal1-v0/star_actor/risk_correction_cg095_thr0p50_cg1_s10/checkpoint/final.torch,final,0.2,0.674,0.69,0.675,0.016,0.999
risk_correction_cg095_thr0p50_cg1_s10,SafetyCarGoal1-v0,star_actor,10,results/star_risk_scale_correction_faf90bc/SafetyCarGoal1-v0/star_actor/risk_correction_cg095_thr0p50_cg1_s10/checkpoint/final.torch,final,0.25,0.507,0.531,0.508,0.024,0.999
risk_correction_cg095_thr0p50_cg1_s10,SafetyCarGoal1-v0,star_actor,10,results/star_risk_scale_correction_faf90bc/SafetyCarGoal1-v0/star_actor/risk_correction_cg095_thr0p50_cg1_s10/checkpoint/final.torch,final,0.3,0.407,0.421,0.409,0.014,0.999
risk_correction_cg095_thr0p50_cg1_s10,SafetyCarGoal1-v0,star_actor,10,results/star_risk_scale_correction_faf90bc/SafetyCarGoal1-v0/star_actor/risk_correction_cg095_thr0p50_cg1_s10/checkpoint/final.torch,final,0.35,0.321,0.341,0.321,0.02,0.999
risk_correction_cg095_thr0p50_cg1_s10,SafetyCarGoal1-v0,star_actor,10,results/star_risk_scale_correction_faf90bc/SafetyCarGoal1-v0/star_actor/risk_correction_cg095_thr0p50_cg1_s10/checkpoint/final.torch,final,0.4,0.253,0.268,0.254,0.015,0.999
risk_correction_cg095_thr0p50_cg1_s10,SafetyCarGoal1-v0,star_actor,10,results/star_risk_scale_correction_faf90bc/SafetyCarGoal1-v0/star_actor/risk_correction_cg095_thr0p50_cg1_s10/checkpoint/final.torch,final,0.45,0.196,0.213,0.195,0.017,0.999
risk_correction_cg095_thr0p50_cg1_s10,SafetyCarGoal1-v0,star_actor,10,results/star_risk_scale_correction_faf90bc/SafetyCarGoal1-v0/star_actor/risk_correction_cg095_thr0p50_cg1_s10/checkpoint/final.torch,final,0.5,0.15,0.161,0.151,0.011,0.999
risk_correction_cg095_thr0p50_cg1_s10,SafetyCarGoal1-v0,star_actor,10,results/star_risk_scale_correction_faf90bc/SafetyCarGoal1-v0/star_actor/risk_correction_cg095_thr0p50_cg1_s10/checkpoint/final.torch,final,0.55,0.111,0.129,0.114,0.018,0.999
risk_correction_cg095_thr0p50_cg1_s10,SafetyCarGoal1-v0,star_actor,10,results/star_risk_scale_correction_faf90bc/SafetyCarGoal1-v0/star_actor/risk_correction_cg095_thr0p50_cg1_s10/checkpoint/final.torch,final,0.6,0.088,0.092,0.089,0.004,0.999
risk_correction_cg095_thr0p50_cg1_s10,SafetyCarGoal1-v0,star_actor,10,results/star_risk_scale_correction_faf90bc/SafetyCarGoal1-v0/star_actor/risk_correction_cg095_thr0p50_cg1_s10/checkpoint/final.torch,final,0.65,0.072,0.082,0.071,0.01,0.999
risk_correction_cg095_thr0p50_cg1_s10,SafetyCarGoal1-v0,star_actor,10,results/star_risk_scale_correction_faf90bc/SafetyCarGoal1-v0/star_actor/risk_correction_cg095_thr0p50_cg1_s10/checkpoint/final.torch,final,0.7,0.052,0.061,0.053,0.009,0.999
risk_correction_cg095_thr0p50_cg1_s10,SafetyCarGoal1-v0,star_actor,10,results/star_risk_scale_correction_faf90bc/SafetyCarGoal1-v0/star_actor/risk_correction_cg095_thr0p50_cg1_s10/checkpoint/final.torch,final,0.75,0.047,0.049,0.047,0.002,0.999
risk_correction_cg095_thr0p50_cg1_s10,SafetyCarGoal1-v0,star_actor,10,results/star_risk_scale_correction_faf90bc/SafetyCarGoal1-v0/star_actor/risk_correction_cg095_thr0p50_cg1_s10/checkpoint/final.torch,final,0.8,0.042,0.044,0.042,0.002,0.999
risk_correction_cg095_thr0p50_cg1_s10,SafetyCarGoal1-v0,star_actor,10,results/star_risk_scale_correction_faf90bc/SafetyCarGoal1-v0/star_actor/risk_correction_cg095_thr0p50_cg1_s10/checkpoint/final.torch,final,0.85,0.036,0.038,0.035,0.002,0.999
risk_correction_cg095_thr0p50_cg1_s10,SafetyCarGoal1-v0,star_actor,10,results/star_risk_scale_correction_faf90bc/SafetyCarGoal1-v0/star_actor/risk_correction_cg095_thr0p50_cg1_s10/checkpoint/final.torch,final,0.9,0.021,0.026,0.022,0.005,0.999
risk_correction_cg095_thr0p50_cg1_s10,SafetyCarGoal1-v0,star_actor,10,results/star_risk_scale_correction_faf90bc/SafetyCarGoal1-v0/star_actor/risk_correction_cg095_thr0p50_cg1_s10/checkpoint/final.torch,final,0.95,0.011,0.017,0.01,0.006,0.999
risk_correction_cg097_thr0p55_cg1_s10,SafetyCarGoal1-v0,star_actor,10,results/star_risk_scale_correction_faf90bc/SafetyCarGoal1-v0/star_actor/risk_correction_cg097_thr0p55_cg1_s10/checkpoint/final.torch,final,0.05,1.0,1.0,1.0,0.0,1.0
risk_correction_cg097_thr0p55_cg1_s10,SafetyCarGoal1-v0,star_actor,10,results/star_risk_scale_correction_faf90bc/SafetyCarGoal1-v0/star_actor/risk_correction_cg097_thr0p55_cg1_s10/checkpoint/final.torch,final,0.1,1.0,1.0,1.0,0.0,1.0
risk_correction_cg097_thr0p55_cg1_s10,SafetyCarGoal1-v0,star_actor,10,results/star_risk_scale_correction_faf90bc/SafetyCarGoal1-v0/star_actor/risk_correction_cg097_thr0p55_cg1_s10/checkpoint/final.torch,final,0.15,1.0,1.0,1.0,0.0,1.0
risk_correction_cg097_thr0p55_cg1_s10,SafetyCarGoal1-v0,star_actor,10,results/star_risk_scale_correction_faf90bc/SafetyCarGoal1-v0/star_actor/risk_correction_cg097_thr0p55_cg1_s10/checkpoint/final.torch,final,0.2,1.0,1.0,1.0,0.0,1.0
risk_correction_cg097_thr0p55_cg1_s10,SafetyCarGoal1-v0,star_actor,10,results/star_risk_scale_correction_faf90bc/SafetyCarGoal1-v0/star_actor/risk_correction_cg097_thr0p55_cg1_s10/checkpoint/final.torch,final,0.25,0.987,0.989,0.987,0.002,1.0
risk_correction_cg097_thr0p55_cg1_s10,SafetyCarGoal1-v0,star_actor,10,results/star_risk_scale_correction_faf90bc/SafetyCarGoal1-v0/star_actor/risk_correction_cg097_thr0p55_cg1_s10/checkpoint/final.torch,final,0.3,0.921,0.929,0.925,0.008,1.0
risk_correction_cg097_thr0p55_cg1_s10,SafetyCarGoal1-v0,star_actor,10,results/star_risk_scale_correction_faf90bc/SafetyCarGoal1-v0/star_actor/risk_correction_cg097_thr0p55_cg1_s10/checkpoint/final.torch,final,0.35,0.752,0.769,0.753,0.017,1.0
risk_correction_cg097_thr0p55_cg1_s10,SafetyCarGoal1-v0,star_actor,10,results/star_risk_scale_correction_faf90bc/SafetyCarGoal1-v0/star_actor/risk_correction_cg097_thr0p55_cg1_s10/checkpoint/final.torch,final,0.4,0.591,0.615,0.591,0.024,1.0
risk_correction_cg097_thr0p55_cg1_s10,SafetyCarGoal1-v0,star_actor,10,results/star_risk_scale_correction_faf90bc/SafetyCarGoal1-v0/star_actor/risk_correction_cg097_thr0p55_cg1_s10/checkpoint/final.torch,final,0.45,0.428,0.461,0.43,0.033,1.0
risk_correction_cg097_thr0p55_cg1_s10,SafetyCarGoal1-v0,star_actor,10,results/star_risk_scale_correction_faf90bc/SafetyCarGoal1-v0/star_actor/risk_correction_cg097_thr0p55_cg1_s10/checkpoint/final.torch,final,0.5,0.319,0.347,0.322,0.028,1.0
risk_correction_cg097_thr0p55_cg1_s10,SafetyCarGoal1-v0,star_actor,10,results/star_risk_scale_correction_faf90bc/SafetyCarGoal1-v0/star_actor/risk_correction_cg097_thr0p55_cg1_s10/checkpoint/final.torch,final,0.55,0.237,0.254,0.236,0.017,1.0
risk_correction_cg097_thr0p55_cg1_s10,SafetyCarGoal1-v0,star_actor,10,results/star_risk_scale_correction_faf90bc/SafetyCarGoal1-v0/star_actor/risk_correction_cg097_thr0p55_cg1_s10/checkpoint/final.torch,final,0.6,0.195,0.205,0.196,0.01,1.0
risk_correction_cg097_thr0p55_cg1_s10,SafetyCarGoal1-v0,star_actor,10,results/star_risk_scale_correction_faf90bc/SafetyCarGoal1-v0/star_actor/risk_correction_cg097_thr0p55_cg1_s10/checkpoint/final.torch,final,0.65,0.161,0.169,0.163,0.008,1.0
risk_correction_cg097_thr0p55_cg1_s10,SafetyCarGoal1-v0,star_actor,10,results/star_risk_scale_correction_faf90bc/SafetyCarGoal1-v0/star_actor/risk_correction_cg097_thr0p55_cg1_s10/checkpoint/final.torch,final,0.7,0.144,0.147,0.144,0.003,1.0
risk_correction_cg097_thr0p55_cg1_s10,SafetyCarGoal1-v0,star_actor,10,results/star_risk_scale_correction_faf90bc/SafetyCarGoal1-v0/star_actor/risk_correction_cg097_thr0p55_cg1_s10/checkpoint/final.torch,final,0.75,0.123,0.132,0.124,0.009,1.0
risk_correction_cg097_thr0p55_cg1_s10,SafetyCarGoal1-v0,star_actor,10,results/star_risk_scale_correction_faf90bc/SafetyCarGoal1-v0/star_actor/risk_correction_cg097_thr0p55_cg1_s10/checkpoint/final.torch,final,0.8,0.099,0.104,0.1,0.005,1.0
risk_correction_cg097_thr0p55_cg1_s10,SafetyCarGoal1-v0,star_actor,10,results/star_risk_scale_correction_faf90bc/SafetyCarGoal1-v0/star_actor/risk_correction_cg097_thr0p55_cg1_s10/checkpoint/final.torch,final,0.85,0.064,0.071,0.064,0.007,1.0
risk_correction_cg097_thr0p55_cg1_s10,SafetyCarGoal1-v0,star_actor,10,results/star_risk_scale_correction_faf90bc/SafetyCarGoal1-v0/star_actor/risk_correction_cg097_thr0p55_cg1_s10/checkpoint/final.torch,final,0.9,0.047,0.048,0.046,0.001,1.0
risk_correction_cg097_thr0p55_cg1_s10,SafetyCarGoal1-v0,star_actor,10,results/star_risk_scale_correction_faf90bc/SafetyCarGoal1-v0/star_actor/risk_correction_cg097_thr0p55_cg1_s10/checkpoint/final.torch,final,0.95,0.021,0.027,0.021,0.006,1.0
risk_correction_cg097_thr0p60_cg1_s10,SafetyCarGoal1-v0,star_actor,10,results/star_risk_scale_correction_faf90bc/SafetyCarGoal1-v0/star_actor/risk_correction_cg097_thr0p60_cg1_s10/checkpoint/final.torch,final,0.05,1.0,1.0,1.0,0.0,0.999
risk_correction_cg097_thr0p60_cg1_s10,SafetyCarGoal1-v0,star_actor,10,results/star_risk_scale_correction_faf90bc/SafetyCarGoal1-v0/star_actor/risk_correction_cg097_thr0p60_cg1_s10/checkpoint/final.torch,final,0.1,1.0,1.0,1.0,0.0,0.999
risk_correction_cg097_thr0p60_cg1_s10,SafetyCarGoal1-v0,star_actor,10,results/star_risk_scale_correction_faf90bc/SafetyCarGoal1-v0/star_actor/risk_correction_cg097_thr0p60_cg1_s10/checkpoint/final.torch,final,0.15,1.0,1.0,1.0,0.0,0.999
risk_correction_cg097_thr0p60_cg1_s10,SafetyCarGoal1-v0,star_actor,10,results/star_risk_scale_correction_faf90bc/SafetyCarGoal1-v0/star_actor/risk_correction_cg097_thr0p60_cg1_s10/checkpoint/final.torch,final,0.2,1.0,1.0,1.0,0.0,0.999
risk_correction_cg097_thr0p60_cg1_s10,SafetyCarGoal1-v0,star_actor,10,results/star_risk_scale_correction_faf90bc/SafetyCarGoal1-v0/star_actor/risk_correction_cg097_thr0p60_cg1_s10/checkpoint/final.torch,final,0.25,0.983,0.985,0.983,0.002,0.999
risk_correction_cg097_thr0p60_cg1_s10,SafetyCarGoal1-v0,star_actor,10,results/star_risk_scale_correction_faf90bc/SafetyCarGoal1-v0/star_actor/risk_correction_cg097_thr0p60_cg1_s10/checkpoint/final.torch,final,0.3,0.918,0.928,0.918,0.01,0.999
risk_correction_cg097_thr0p60_cg1_s10,SafetyCarGoal1-v0,star_actor,10,results/star_risk_scale_correction_faf90bc/SafetyCarGoal1-v0/star_actor/risk_correction_cg097_thr0p60_cg1_s10/checkpoint/final.torch,final,0.35,0.808,0.826,0.808,0.018,0.999
risk_correction_cg097_thr0p60_cg1_s10,SafetyCarGoal1-v0,star_actor,10,results/star_risk_scale_correction_faf90bc/SafetyCarGoal1-v0/star_actor/risk_correction_cg097_thr0p60_cg1_s10/checkpoint/final.torch,final,0.4,0.653,0.668,0.651,0.015,0.999
risk_correction_cg097_thr0p60_cg1_s10,SafetyCarGoal1-v0,star_actor,10,results/star_risk_scale_correction_faf90bc/SafetyCarGoal1-v0/star_actor/risk_correction_cg097_thr0p60_cg1_s10/checkpoint/final.torch,final,0.45,0.482,0.511,0.487,0.029,0.999
risk_correction_cg097_thr0p60_cg1_s10,SafetyCarGoal1-v0,star_actor,10,results/star_risk_scale_correction_faf90bc/SafetyCarGoal1-v0/star_actor/risk_correction_cg097_thr0p60_cg1_s10/checkpoint/final.torch,final,0.5,0.348,0.372,0.348,0.024,0.999
risk_correction_cg097_thr0p60_cg1_s10,SafetyCarGoal1-v0,star_actor,10,results/star_risk_scale_correction_faf90bc/SafetyCarGoal1-v0/star_actor/risk_correction_cg097_thr0p60_cg1_s10/checkpoint/final.torch,final,0.55,0.247,0.266,0.25,0.019,0.999
risk_correction_cg097_thr0p60_cg1_s10,SafetyCarGoal1-v0,star_actor,10,results/star_risk_scale_correction_faf90bc/SafetyCarGoal1-v0/star_actor/risk_correction_cg097_thr0p60_cg1_s10/checkpoint/final.torch,final,0.6,0.182,0.195,0.181,0.013,0.999
risk_correction_cg097_thr0p60_cg1_s10,SafetyCarGoal1-v0,star_actor,10,results/star_risk_scale_correction_faf90bc/SafetyCarGoal1-v0/star_actor/risk_correction_cg097_thr0p60_cg1_s10/checkpoint/final.torch,final,0.65,0.135,0.14,0.135,0.005,0.999
risk_correction_cg097_thr0p60_cg1_s10,SafetyCarGoal1-v0,star_actor,10,results/star_risk_scale_correction_faf90bc/SafetyCarGoal1-v0/star_actor/risk_correction_cg097_thr0p60_cg1_s10/checkpoint/final.torch,final,0.7,0.091,0.102,0.09,0.011,0.999
risk_correction_cg097_thr0p60_cg1_s10,SafetyCarGoal1-v0,star_actor,10,results/star_risk_scale_correction_faf90bc/SafetyCarGoal1-v0/star_actor/risk_correction_cg097_thr0p60_cg1_s10/checkpoint/final.torch,final,0.75,0.047,0.057,0.047,0.01,0.999
risk_correction_cg097_thr0p60_cg1_s10,SafetyCarGoal1-v0,star_actor,10,results/star_risk_scale_correction_faf90bc/SafetyCarGoal1-v0/star_actor/risk_correction_cg097_thr0p60_cg1_s10/checkpoint/final.torch,final,0.8,0.025,0.028,0.025,0.003,0.999
risk_correction_cg097_thr0p60_cg1_s10,SafetyCarGoal1-v0,star_actor,10,results/star_risk_scale_correction_faf90bc/SafetyCarGoal1-v0/star_actor/risk_correction_cg097_thr0p60_cg1_s10/checkpoint/final.torch,final,0.85,0.011,0.014,0.01,0.003,0.999
risk_correction_cg097_thr0p60_cg1_s10,SafetyCarGoal1-v0,star_actor,10,results/star_risk_scale_correction_faf90bc/SafetyCarGoal1-v0/star_actor/risk_correction_cg097_thr0p60_cg1_s10/checkpoint/final.torch,final,0.9,0.005,0.006,0.005,0.001,0.999
risk_correction_cg097_thr0p60_cg1_s10,SafetyCarGoal1-v0,star_actor,10,results/star_risk_scale_correction_faf90bc/SafetyCarGoal1-v0/star_actor/risk_correction_cg097_thr0p60_cg1_s10/checkpoint/final.torch,final,0.95,0.001,0.001,0.001,0.0,0.999
risk_correction_cg095_thr0p45_pg1_s10,SafetyPointGoal1-v0,star_actor,10,results/star_risk_scale_correction_faf90bc/SafetyPointGoal1-v0/star_actor/risk_correction_cg095_thr0p45_pg1_s10/checkpoint/final.torch,final,0.05,1.0,1.0,1.0,0.0,0.999
risk_correction_cg095_thr0p45_pg1_s10,SafetyPointGoal1-v0,star_actor,10,results/star_risk_scale_correction_faf90bc/SafetyPointGoal1-v0/star_actor/risk_correction_cg095_thr0p45_pg1_s10/checkpoint/final.torch,final,0.1,0.988,0.991,0.989,0.003,0.999
risk_correction_cg095_thr0p45_pg1_s10,SafetyPointGoal1-v0,star_actor,10,results/star_risk_scale_correction_faf90bc/SafetyPointGoal1-v0/star_actor/risk_correction_cg095_thr0p45_pg1_s10/checkpoint/final.torch,final,0.15,0.783,0.811,0.785,0.028,0.999
risk_correction_cg095_thr0p45_pg1_s10,SafetyPointGoal1-v0,star_actor,10,results/star_risk_scale_correction_faf90bc/SafetyPointGoal1-v0/star_actor/risk_correction_cg095_thr0p45_pg1_s10/checkpoint/final.torch,final,0.2,0.595,0.615,0.597,0.02,0.999
risk_correction_cg095_thr0p45_pg1_s10,SafetyPointGoal1-v0,star_actor,10,results/star_risk_scale_correction_faf90bc/SafetyPointGoal1-v0/star_actor/risk_correction_cg095_thr0p45_pg1_s10/checkpoint/final.torch,final,0.25,0.454,0.503,0.458,0.049,0.999
risk_correction_cg095_thr0p45_pg1_s10,SafetyPointGoal1-v0,star_actor,10,results/star_risk_scale_correction_faf90bc/SafetyPointGoal1-v0/star_actor/risk_correction_cg095_thr0p45_pg1_s10/checkpoint/final.torch,final,0.3,0.351,0.378,0.357,0.027,0.999
risk_correction_cg095_thr0p45_pg1_s10,SafetyPointGoal1-v0,star_actor,10,results/star_risk_scale_correction_faf90bc/SafetyPointGoal1-v0/star_actor/risk_correction_cg095_thr0p45_pg1_s10/checkpoint/final.torch,final,0.35,0.268,0.309,0.276,0.041,0.999
risk_correction_cg095_thr0p45_pg1_s10,SafetyPointGoal1-v0,star_actor,10,results/star_risk_scale_correction_faf90bc/SafetyPointGoal1-v0/star_actor/risk_correction_cg095_thr0p45_pg1_s10/checkpoint/final.torch,final,0.4,0.219,0.245,0.221,0.026,0.999
risk_correction_cg095_thr0p45_pg1_s10,SafetyPointGoal1-v0,star_actor,10,results/star_risk_scale_correction_faf90bc/SafetyPointGoal1-v0/star_actor/risk_correction_cg095_thr0p45_pg1_s10/checkpoint/final.torch,final,0.45,0.174,0.198,0.18,0.024,0.999
risk_correction_cg095_thr0p45_pg1_s10,SafetyPointGoal1-v0,star_actor,10,results/star_risk_scale_correction_faf90bc/SafetyPointGoal1-v0/star_actor/risk_correction_cg095_thr0p45_pg1_s10/checkpoint/final.torch,final,0.5,0.15,0.171,0.155,0.021,0.999
risk_correction_cg095_thr0p45_pg1_s10,SafetyPointGoal1-v0,star_actor,10,results/star_risk_scale_correction_faf90bc/SafetyPointGoal1-v0/star_actor/risk_correction_cg095_thr0p45_pg1_s10/checkpoint/final.torch,final,0.55,0.131,0.149,0.139,0.018,0.999
risk_correction_cg095_thr0p45_pg1_s10,SafetyPointGoal1-v0,star_actor,10,results/star_risk_scale_correction_faf90bc/SafetyPointGoal1-v0/star_actor/risk_correction_cg095_thr0p45_pg1_s10/checkpoint/final.torch,final,0.6,0.11,0.137,0.126,0.027,0.999
risk_correction_cg095_thr0p45_pg1_s10,SafetyPointGoal1-v0,star_actor,10,results/star_risk_scale_correction_faf90bc/SafetyPointGoal1-v0/star_actor/risk_correction_cg095_thr0p45_pg1_s10/checkpoint/final.torch,final,0.65,0.078,0.115,0.087,0.037,0.999
risk_correction_cg095_thr0p45_pg1_s10,SafetyPointGoal1-v0,star_actor,10,results/star_risk_scale_correction_faf90bc/SafetyPointGoal1-v0/star_actor/risk_correction_cg095_thr0p45_pg1_s10/checkpoint/final.torch,final,0.7,0.069,0.093,0.075,0.024,0.999
risk_correction_cg095_thr0p45_pg1_s10,SafetyPointGoal1-v0,star_actor,10,results/star_risk_scale_correction_faf90bc/SafetyPointGoal1-v0/star_actor/risk_correction_cg095_thr0p45_pg1_s10/checkpoint/final.torch,final,0.75,0.062,0.08,0.064,0.018,0.999
risk_correction_cg095_thr0p45_pg1_s10,SafetyPointGoal1-v0,star_actor,10,results/star_risk_scale_correction_faf90bc/SafetyPointGoal1-v0/star_actor/risk_correction_cg095_thr0p45_pg1_s10/checkpoint/final.torch,final,0.8,0.053,0.066,0.054,0.013,0.999
risk_correction_cg095_thr0p45_pg1_s10,SafetyPointGoal1-v0,star_actor,10,results/star_risk_scale_correction_faf90bc/SafetyPointGoal1-v0/star_actor/risk_correction_cg095_thr0p45_pg1_s10/checkpoint/final.torch,final,0.85,0.042,0.053,0.044,0.011,0.999
risk_correction_cg095_thr0p45_pg1_s10,SafetyPointGoal1-v0,star_actor,10,results/star_risk_scale_correction_faf90bc/SafetyPointGoal1-v0/star_actor/risk_correction_cg095_thr0p45_pg1_s10/checkpoint/final.torch,final,0.9,0.028,0.039,0.029,0.011,0.999
risk_correction_cg095_thr0p45_pg1_s10,SafetyPointGoal1-v0,star_actor,10,results/star_risk_scale_correction_faf90bc/SafetyPointGoal1-v0/star_actor/risk_correction_cg095_thr0p45_pg1_s10/checkpoint/final.torch,final,0.95,0.018,0.024,0.018,0.006,0.999
risk_correction_cg095_thr0p50_pg1_s10,SafetyPointGoal1-v0,star_actor,10,results/star_risk_scale_correction_faf90bc/SafetyPointGoal1-v0/star_actor/risk_correction_cg095_thr0p50_pg1_s10/checkpoint/final.torch,final,0.05,1.0,1.0,1.0,0.0,0.998
risk_correction_cg095_thr0p50_pg1_s10,SafetyPointGoal1-v0,star_actor,10,results/star_risk_scale_correction_faf90bc/SafetyPointGoal1-v0/star_actor/risk_correction_cg095_thr0p50_pg1_s10/checkpoint/final.torch,final,0.1,1.0,1.0,1.0,0.0,0.998
risk_correction_cg095_thr0p50_pg1_s10,SafetyPointGoal1-v0,star_actor,10,results/star_risk_scale_correction_faf90bc/SafetyPointGoal1-v0/star_actor/risk_correction_cg095_thr0p50_pg1_s10/checkpoint/final.torch,final,0.15,0.948,0.955,0.948,0.007,0.998
risk_correction_cg095_thr0p50_pg1_s10,SafetyPointGoal1-v0,star_actor,10,results/star_risk_scale_correction_faf90bc/SafetyPointGoal1-v0/star_actor/risk_correction_cg095_thr0p50_pg1_s10/checkpoint/final.torch,final,0.2,0.812,0.85,0.819,0.038,0.998
risk_correction_cg095_thr0p50_pg1_s10,SafetyPointGoal1-v0,star_actor,10,results/star_risk_scale_correction_faf90bc/SafetyPointGoal1-v0/star_actor/risk_correction_cg095_thr0p50_pg1_s10/checkpoint/final.torch,final,0.25,0.584,0.63,0.59,0.046,0.998
risk_correction_cg095_thr0p50_pg1_s10,SafetyPointGoal1-v0,star_actor,10,results/star_risk_scale_correction_faf90bc/SafetyPointGoal1-v0/star_actor/risk_correction_cg095_thr0p50_pg1_s10/checkpoint/final.torch,final,0.3,0.443,0.5,0.456,0.057,0.998
risk_correction_cg095_thr0p50_pg1_s10,SafetyPointGoal1-v0,star_actor,10,results/star_risk_scale_correction_faf90bc/SafetyPointGoal1-v0/star_actor/risk_correction_cg095_thr0p50_pg1_s10/checkpoint/final.torch,final,0.35,0.362,0.405,0.368,0.043,0.998
risk_correction_cg095_thr0p50_pg1_s10,SafetyPointGoal1-v0,star_actor,10,results/star_risk_scale_correction_faf90bc/SafetyPointGoal1-v0/star_actor/risk_correction_cg095_thr0p50_pg1_s10/checkpoint/final.torch,final,0.4,0.304,0.341,0.312,0.037,0.998
risk_correction_cg095_thr0p50_pg1_s10,SafetyPointGoal1-v0,star_actor,10,results/star_risk_scale_correction_faf90bc/SafetyPointGoal1-v0/star_actor/risk_correction_cg095_thr0p50_pg1_s10/checkpoint/final.torch,final,0.45,0.249,0.29,0.262,0.041,0.998
risk_correction_cg095_thr0p50_pg1_s10,SafetyPointGoal1-v0,star_actor,10,results/star_risk_scale_correction_faf90bc/SafetyPointGoal1-v0/star_actor/risk_correction_cg095_thr0p50_pg1_s10/checkpoint/final.torch,final,0.5,0.176,0.219,0.176,0.043,0.998
risk_correction_cg095_thr0p50_pg1_s10,SafetyPointGoal1-v0,star_actor,10,results/star_risk_scale_correction_faf90bc/SafetyPointGoal1-v0/star_actor/risk_correction_cg095_thr0p50_pg1_s10/checkpoint/final.torch,final,0.55,0.121,0.147,0.126,0.026,0.998
risk_correction_cg095_thr0p50_pg1_s10,SafetyPointGoal1-v0,star_actor,10,results/star_risk_scale_correction_faf90bc/SafetyPointGoal1-v0/star_actor/risk_correction_cg095_thr0p50_pg1_s10/checkpoint/final.torch,final,0.6,0.091,0.118,0.096,0.027,0.998
risk_correction_cg095_thr0p50_pg1_s10,SafetyPointGoal1-v0,star_actor,10,results/star_risk_scale_correction_faf90bc/SafetyPointGoal1-v0/star_actor/risk_correction_cg095_thr0p50_pg1_s10/checkpoint/final.torch,final,0.65,0.067,0.092,0.071,0.025,0.998
risk_correction_cg095_thr0p50_pg1_s10,SafetyPointGoal1-v0,star_actor,10,results/star_risk_scale_correction_faf90bc/SafetyPointGoal1-v0/star_actor/risk_correction_cg095_thr0p50_pg1_s10/checkpoint/final.torch,final,0.7,0.056,0.069,0.059,0.013,0.998
risk_correction_cg095_thr0p50_pg1_s10,SafetyPointGoal1-v0,star_actor,10,results/star_risk_scale_correction_faf90bc/SafetyPointGoal1-v0/star_actor/risk_correction_cg095_thr0p50_pg1_s10/checkpoint/final.torch,final,0.75,0.043,0.055,0.045,0.012,0.998
risk_correction_cg095_thr0p50_pg1_s10,SafetyPointGoal1-v0,star_actor,10,results/star_risk_scale_correction_faf90bc/SafetyPointGoal1-v0/star_actor/risk_correction_cg095_thr0p50_pg1_s10/checkpoint/final.torch,final,0.8,0.035,0.046,0.038,0.011,0.998
risk_correction_cg095_thr0p50_pg1_s10,SafetyPointGoal1-v0,star_actor,10,results/star_risk_scale_correction_faf90bc/SafetyPointGoal1-v0/star_actor/risk_correction_cg095_thr0p50_pg1_s10/checkpoint/final.torch,final,0.85,0.03,0.037,0.03,0.007,0.998
risk_correction_cg095_thr0p50_pg1_s10,SafetyPointGoal1-v0,star_actor,10,results/star_risk_scale_correction_faf90bc/SafetyPointGoal1-v0/star_actor/risk_correction_cg095_thr0p50_pg1_s10/checkpoint/final.torch,final,0.9,0.018,0.029,0.021,0.011,0.998
risk_correction_cg095_thr0p50_pg1_s10,SafetyPointGoal1-v0,star_actor,10,results/star_risk_scale_correction_faf90bc/SafetyPointGoal1-v0/star_actor/risk_correction_cg095_thr0p50_pg1_s10/checkpoint/final.torch,final,0.95,0.007,0.01,0.007,0.003,0.998
risk_correction_cg097_thr0p55_pg1_s10,SafetyPointGoal1-v0,star_actor,10,results/star_risk_scale_correction_faf90bc/SafetyPointGoal1-v0/star_actor/risk_correction_cg097_thr0p55_pg1_s10/checkpoint/final.torch,final,0.05,1.0,1.0,1.0,0.0,1.0
risk_correction_cg097_thr0p55_pg1_s10,SafetyPointGoal1-v0,star_actor,10,results/star_risk_scale_correction_faf90bc/SafetyPointGoal1-v0/star_actor/risk_correction_cg097_thr0p55_pg1_s10/checkpoint/final.torch,final,0.1,1.0,1.0,1.0,0.0,1.0
risk_correction_cg097_thr0p55_pg1_s10,SafetyPointGoal1-v0,star_actor,10,results/star_risk_scale_correction_faf90bc/SafetyPointGoal1-v0/star_actor/risk_correction_cg097_thr0p55_pg1_s10/checkpoint/final.torch,final,0.15,1.0,1.0,1.0,0.0,1.0
risk_correction_cg097_thr0p55_pg1_s10,SafetyPointGoal1-v0,star_actor,10,results/star_risk_scale_correction_faf90bc/SafetyPointGoal1-v0/star_actor/risk_correction_cg097_thr0p55_pg1_s10/checkpoint/final.torch,final,0.2,0.981,0.983,0.981,0.002,1.0
risk_correction_cg097_thr0p55_pg1_s10,SafetyPointGoal1-v0,star_actor,10,results/star_risk_scale_correction_faf90bc/SafetyPointGoal1-v0/star_actor/risk_correction_cg097_thr0p55_pg1_s10/checkpoint/final.torch,final,0.25,0.927,0.939,0.928,0.012,1.0
risk_correction_cg097_thr0p55_pg1_s10,SafetyPointGoal1-v0,star_actor,10,results/star_risk_scale_correction_faf90bc/SafetyPointGoal1-v0/star_actor/risk_correction_cg097_thr0p55_pg1_s10/checkpoint/final.torch,final,0.3,0.752,0.792,0.753,0.04,1.0
risk_correction_cg097_thr0p55_pg1_s10,SafetyPointGoal1-v0,star_actor,10,results/star_risk_scale_correction_faf90bc/SafetyPointGoal1-v0/star_actor/risk_correction_cg097_thr0p55_pg1_s10/checkpoint/final.torch,final,0.35,0.592,0.629,0.593,0.037,1.0
risk_correction_cg097_thr0p55_pg1_s10,SafetyPointGoal1-v0,star_actor,10,results/star_risk_scale_correction_faf90bc/SafetyPointGoal1-v0/star_actor/risk_correction_cg097_thr0p55_pg1_s10/checkpoint/final.torch,final,0.4,0.435,0.474,0.439,0.039,1.0
risk_correction_cg097_thr0p55_pg1_s10,SafetyPointGoal1-v0,star_actor,10,results/star_risk_scale_correction_faf90bc/SafetyPointGoal1-v0/star_actor/risk_correction_cg097_thr0p55_pg1_s10/checkpoint/final.torch,final,0.45,0.364,0.386,0.367,0.022,1.0
risk_correction_cg097_thr0p55_pg1_s10,SafetyPointGoal1-v0,star_actor,10,results/star_risk_scale_correction_faf90bc/SafetyPointGoal1-v0/star_actor/risk_correction_cg097_thr0p55_pg1_s10/checkpoint/final.torch,final,0.5,0.285,0.319,0.288,0.034,1.0
risk_correction_cg097_thr0p55_pg1_s10,SafetyPointGoal1-v0,star_actor,10,results/star_risk_scale_correction_faf90bc/SafetyPointGoal1-v0/star_actor/risk_correction_cg097_thr0p55_pg1_s10/checkpoint/final.torch,final,0.55,0.196,0.243,0.204,0.047,1.0
risk_correction_cg097_thr0p55_pg1_s10,SafetyPointGoal1-v0,star_actor,10,results/star_risk_scale_correction_faf90bc/SafetyPointGoal1-v0/star_actor/risk_correction_cg097_thr0p55_pg1_s10/checkpoint/final.torch,final,0.6,0.131,0.171,0.137,0.04,1.0
risk_correction_cg097_thr0p55_pg1_s10,SafetyPointGoal1-v0,star_actor,10,results/star_risk_scale_correction_faf90bc/SafetyPointGoal1-v0/star_actor/risk_correction_cg097_thr0p55_pg1_s10/checkpoint/final.torch,final,0.65,0.099,0.124,0.104,0.025,1.0
risk_correction_cg097_thr0p55_pg1_s10,SafetyPointGoal1-v0,star_actor,10,results/star_risk_scale_correction_faf90bc/SafetyPointGoal1-v0/star_actor/risk_correction_cg097_thr0p55_pg1_s10/checkpoint/final.torch,final,0.7,0.074,0.091,0.076,0.017,1.0
risk_correction_cg097_thr0p55_pg1_s10,SafetyPointGoal1-v0,star_actor,10,results/star_risk_scale_correction_faf90bc/SafetyPointGoal1-v0/star_actor/risk_correction_cg097_thr0p55_pg1_s10/checkpoint/final.torch,final,0.75,0.051,0.068,0.052,0.017,1.0
risk_correction_cg097_thr0p55_pg1_s10,SafetyPointGoal1-v0,star_actor,10,results/star_risk_scale_correction_faf90bc/SafetyPointGoal1-v0/star_actor/risk_correction_cg097_thr0p55_pg1_s10/checkpoint/final.torch,final,0.8,0.03,0.045,0.033,0.015,1.0
risk_correction_cg097_thr0p55_pg1_s10,SafetyPointGoal1-v0,star_actor,10,results/star_risk_scale_correction_faf90bc/SafetyPointGoal1-v0/star_actor/risk_correction_cg097_thr0p55_pg1_s10/checkpoint/final.torch,final,0.85,0.016,0.026,0.016,0.01,1.0
risk_correction_cg097_thr0p55_pg1_s10,SafetyPointGoal1-v0,star_actor,10,results/star_risk_scale_correction_faf90bc/SafetyPointGoal1-v0/star_actor/risk_correction_cg097_thr0p55_pg1_s10/checkpoint/final.torch,final,0.9,0.005,0.012,0.006,0.007,1.0
risk_correction_cg097_thr0p55_pg1_s10,SafetyPointGoal1-v0,star_actor,10,results/star_risk_scale_correction_faf90bc/SafetyPointGoal1-v0/star_actor/risk_correction_cg097_thr0p55_pg1_s10/checkpoint/final.torch,final,0.95,0.003,0.004,0.002,0.001,1.0
risk_correction_cg097_thr0p60_pg1_s10,SafetyPointGoal1-v0,star_actor,10,results/star_risk_scale_correction_faf90bc/SafetyPointGoal1-v0/star_actor/risk_correction_cg097_thr0p60_pg1_s10/checkpoint/final.torch,final,0.05,1.0,1.0,1.0,0.0,0.997
risk_correction_cg097_thr0p60_pg1_s10,SafetyPointGoal1-v0,star_actor,10,results/star_risk_scale_correction_faf90bc/SafetyPointGoal1-v0/star_actor/risk_correction_cg097_thr0p60_pg1_s10/checkpoint/final.torch,final,0.1,1.0,1.0,1.0,0.0,0.997
risk_correction_cg097_thr0p60_pg1_s10,SafetyPointGoal1-v0,star_actor,10,results/star_risk_scale_correction_faf90bc/SafetyPointGoal1-v0/star_actor/risk_correction_cg097_thr0p60_pg1_s10/checkpoint/final.torch,final,0.15,1.0,1.0,1.0,0.0,0.997
risk_correction_cg097_thr0p60_pg1_s10,SafetyPointGoal1-v0,star_actor,10,results/star_risk_scale_correction_faf90bc/SafetyPointGoal1-v0/star_actor/risk_correction_cg097_thr0p60_pg1_s10/checkpoint/final.torch,final,0.2,1.0,1.0,1.0,0.0,0.997
risk_correction_cg097_thr0p60_pg1_s10,SafetyPointGoal1-v0,star_actor,10,results/star_risk_scale_correction_faf90bc/SafetyPointGoal1-v0/star_actor/risk_correction_cg097_thr0p60_pg1_s10/checkpoint/final.torch,final,0.25,0.985,0.987,0.985,0.002,0.997
risk_correction_cg097_thr0p60_pg1_s10,SafetyPointGoal1-v0,star_actor,10,results/star_risk_scale_correction_faf90bc/SafetyPointGoal1-v0/star_actor/risk_correction_cg097_thr0p60_pg1_s10/checkpoint/final.torch,final,0.3,0.916,0.925,0.915,0.009,0.997
risk_correction_cg097_thr0p60_pg1_s10,SafetyPointGoal1-v0,star_actor,10,results/star_risk_scale_correction_faf90bc/SafetyPointGoal1-v0/star_actor/risk_correction_cg097_thr0p60_pg1_s10/checkpoint/final.torch,final,0.35,0.83,0.847,0.832,0.017,0.997
risk_correction_cg097_thr0p60_pg1_s10,SafetyPointGoal1-v0,star_actor,10,results/star_risk_scale_correction_faf90bc/SafetyPointGoal1-v0/star_actor/risk_correction_cg097_thr0p60_pg1_s10/checkpoint/final.torch,final,0.4,0.76,0.796,0.767,0.036,0.997
risk_correction_cg097_thr0p60_pg1_s10,SafetyPointGoal1-v0,star_actor,10,results/star_risk_scale_correction_faf90bc/SafetyPointGoal1-v0/star_actor/risk_correction_cg097_thr0p60_pg1_s10/checkpoint/final.torch,final,0.45,0.648,0.701,0.657,0.053,0.997
risk_correction_cg097_thr0p60_pg1_s10,SafetyPointGoal1-v0,star_actor,10,results/star_risk_scale_correction_faf90bc/SafetyPointGoal1-v0/star_actor/risk_correction_cg097_thr0p60_pg1_s10/checkpoint/final.torch,final,0.5,0.552,0.593,0.555,0.041,0.997
risk_correction_cg097_thr0p60_pg1_s10,SafetyPointGoal1-v0,star_actor,10,results/star_risk_scale_correction_faf90bc/SafetyPointGoal1-v0/star_actor/risk_correction_cg097_thr0p60_pg1_s10/checkpoint/final.torch,final,0.55,0.425,0.484,0.434,0.059,0.997
risk_correction_cg097_thr0p60_pg1_s10,SafetyPointGoal1-v0,star_actor,10,results/star_risk_scale_correction_faf90bc/SafetyPointGoal1-v0/star_actor/risk_correction_cg097_thr0p60_pg1_s10/checkpoint/final.torch,final,0.6,0.297,0.353,0.31,0.056,0.997
risk_correction_cg097_thr0p60_pg1_s10,SafetyPointGoal1-v0,star_actor,10,results/star_risk_scale_correction_faf90bc/SafetyPointGoal1-v0/star_actor/risk_correction_cg097_thr0p60_pg1_s10/checkpoint/final.torch,final,0.65,0.202,0.256,0.21,0.054,0.997
risk_correction_cg097_thr0p60_pg1_s10,SafetyPointGoal1-v0,star_actor,10,results/star_risk_scale_correction_faf90bc/SafetyPointGoal1-v0/star_actor/risk_correction_cg097_thr0p60_pg1_s10/checkpoint/final.torch,final,0.7,0.144,0.175,0.148,0.031,0.997
risk_correction_cg097_thr0p60_pg1_s10,SafetyPointGoal1-v0,star_actor,10,results/star_risk_scale_correction_faf90bc/SafetyPointGoal1-v0/star_actor/risk_correction_cg097_thr0p60_pg1_s10/checkpoint/final.torch,final,0.75,0.104,0.134,0.108,0.03,0.997
risk_correction_cg097_thr0p60_pg1_s10,SafetyPointGoal1-v0,star_actor,10,results/star_risk_scale_correction_faf90bc/SafetyPointGoal1-v0/star_actor/risk_correction_cg097_thr0p60_pg1_s10/checkpoint/final.torch,final,0.8,0.072,0.097,0.074,0.025,0.997
risk_correction_cg097_thr0p60_pg1_s10,SafetyPointGoal1-v0,star_actor,10,results/star_risk_scale_correction_faf90bc/SafetyPointGoal1-v0/star_actor/risk_correction_cg097_thr0p60_pg1_s10/checkpoint/final.torch,final,0.85,0.05,0.063,0.052,0.013,0.997
risk_correction_cg097_thr0p60_pg1_s10,SafetyPointGoal1-v0,star_actor,10,results/star_risk_scale_correction_faf90bc/SafetyPointGoal1-v0/star_actor/risk_correction_cg097_thr0p60_pg1_s10/checkpoint/final.torch,final,0.9,0.028,0.039,0.027,0.011,0.997
risk_correction_cg097_thr0p60_pg1_s10,SafetyPointGoal1-v0,star_actor,10,results/star_risk_scale_correction_faf90bc/SafetyPointGoal1-v0/star_actor/risk_correction_cg097_thr0p60_pg1_s10/checkpoint/final.torch,final,0.95,0.013,0.016,0.013,0.003,0.997
