wall_time,index,name,util_gpu,memory_used,memory_total,power,temperature
1782121374.6173203,0,NVIDIA GeForce RTX 4090 D,0,0,24564,13.26,37
1782121374.6173203,1,NVIDIA GeForce RTX 4090 D,0,0,24564,12.34,36
1782121379.7341297,0,NVIDIA GeForce RTX 4090 D,0,1405,24564,51.06,38
1782121379.7341297,1,NVIDIA GeForce RTX 4090 D,0,1405,24564,48.40,37
1782121384.849701,0,NVIDIA GeForce RTX 4090 D,3,1405,24564,57.69,39
1782121384.849701,1,NVIDIA GeForce RTX 4090 D,28,1405,24564,53.82,38
1782121389.9245741,0,NVIDIA GeForce RTX 4090 D,1,1405,24564,56.57,39
1782121389.9245741,1,NVIDIA GeForce RTX 4090 D,27,1405,24564,56.99,39
1782121395.0393052,0,NVIDIA GeForce RTX 4090 D,16,1711,24564,60.02,40
1782121395.0393052,1,NVIDIA GeForce RTX 4090 D,14,1711,24564,90.36,41
1782121400.1561165,0,NVIDIA GeForce RTX 4090 D,96,2323,24564,167.98,46
1782121400.1561165,1,NVIDIA GeForce RTX 4090 D,95,2323,24564,157.18,46
1782121405.2713602,0,NVIDIA GeForce RTX 4090 D,96,2323,24564,169.46,47
1782121405.2713602,1,NVIDIA GeForce RTX 4090 D,94,2323,24564,160.85,46
1782121410.3876011,0,NVIDIA GeForce RTX 4090 D,93,2323,24564,165.50,47
1782121410.3876011,1,NVIDIA GeForce RTX 4090 D,93,2323,24564,160.19,48
1782121415.5035791,0,NVIDIA GeForce RTX 4090 D,92,2323,24564,165.94,48
1782121415.5035791,1,NVIDIA GeForce RTX 4090 D,94,2323,24564,156.91,50
1782121420.6007013,0,NVIDIA GeForce RTX 4090 D,95,2323,24564,167.46,48
1782121420.6007013,1,NVIDIA GeForce RTX 4090 D,95,2323,24564,157.16,50
1782121425.728843,0,NVIDIA GeForce RTX 4090 D,96,2323,24564,166.88,49
1782121425.728843,1,NVIDIA GeForce RTX 4090 D,96,2323,24564,158.81,52
1782121430.811275,0,NVIDIA GeForce RTX 4090 D,97,2323,24564,167.97,50
1782121430.811275,1,NVIDIA GeForce RTX 4090 D,96,2323,24564,158.86,51
1782121435.9287565,0,NVIDIA GeForce RTX 4090 D,92,2323,24564,167.68,50
1782121435.9287565,1,NVIDIA GeForce RTX 4090 D,94,2323,24564,159.14,52
1782121441.0251744,0,NVIDIA GeForce RTX 4090 D,94,2323,24564,168.35,50
1782121441.0251744,1,NVIDIA GeForce RTX 4090 D,95,2323,24564,159.53,54
1782121446.1401875,0,NVIDIA GeForce RTX 4090 D,94,2323,24564,169.04,51
1782121446.1401875,1,NVIDIA GeForce RTX 4090 D,13,2323,24564,98.49,51
1782121451.256953,0,NVIDIA GeForce RTX 4090 D,95,2323,24564,168.34,51
1782121451.256953,1,NVIDIA GeForce RTX 4090 D,73,2323,24564,139.22,53
1782121456.3718667,0,NVIDIA GeForce RTX 4090 D,93,2323,24564,168.35,51
1782121456.3718667,1,NVIDIA GeForce RTX 4090 D,94,2323,24564,165.45,54
1782121461.4891956,0,NVIDIA GeForce RTX 4090 D,94,2323,24564,170.69,51
1782121461.4891956,1,NVIDIA GeForce RTX 4090 D,94,2323,24564,166.43,56
1782121466.608946,0,NVIDIA GeForce RTX 4090 D,93,2323,24564,170.71,52
1782121466.608946,1,NVIDIA GeForce RTX 4090 D,95,2323,24564,165.85,57
1782121471.7246218,0,NVIDIA GeForce RTX 4090 D,96,2323,24564,171.48,53
1782121471.7246218,1,NVIDIA GeForce RTX 4090 D,91,2323,24564,160.86,55
1782121476.8405552,0,NVIDIA GeForce RTX 4090 D,95,2323,24564,171.16,52
1782121476.8405552,1,NVIDIA GeForce RTX 4090 D,95,2323,24564,161.13,57
1782121481.9575455,0,NVIDIA GeForce RTX 4090 D,92,2323,24564,171.53,54
1782121481.9575455,1,NVIDIA GeForce RTX 4090 D,95,2323,24564,161.48,57
1782121487.0769384,0,NVIDIA GeForce RTX 4090 D,91,2323,24564,172.18,54
1782121487.0769384,1,NVIDIA GeForce RTX 4090 D,94,2323,24564,167.29,58
1782121492.1914032,0,NVIDIA GeForce RTX 4090 D,95,2323,24564,170.85,55
1782121492.1914032,1,NVIDIA GeForce RTX 4090 D,94,2323,24564,167.68,58
1782121497.3092117,0,NVIDIA GeForce RTX 4090 D,97,2323,24564,172.37,53
1782121497.3092117,1,NVIDIA GeForce RTX 4090 D,94,2323,24564,166.90,58
1782121502.4248602,0,NVIDIA GeForce RTX 4090 D,13,2323,24564,102.35,52
1782121502.4248602,1,NVIDIA GeForce RTX 4090 D,97,2323,24564,167.89,59
1782121507.540177,0,NVIDIA GeForce RTX 4090 D,93,2323,24564,172.11,53
1782121507.540177,1,NVIDIA GeForce RTX 4090 D,97,2323,24564,167.70,59
1782121512.655772,0,NVIDIA GeForce RTX 4090 D,95,2323,24564,171.99,54
1782121512.655772,1,NVIDIA GeForce RTX 4090 D,95,2323,24564,170.04,61
1782121517.7731884,0,NVIDIA GeForce RTX 4090 D,94,2323,24564,172.01,54
1782121517.7731884,1,NVIDIA GeForce RTX 4090 D,93,2323,24564,169.07,59
1782121522.9031982,0,NVIDIA GeForce RTX 4090 D,95,2323,24564,172.30,54
1782121522.9031982,1,NVIDIA GeForce RTX 4090 D,97,2323,24564,169.07,59
1782121528.0341432,0,NVIDIA GeForce RTX 4090 D,94,2323,24564,175.02,54
1782121528.0341432,1,NVIDIA GeForce RTX 4090 D,95,2323,24564,167.33,60
1782121533.1525476,0,NVIDIA GeForce RTX 4090 D,96,2323,24564,172.94,54
1782121533.1525476,1,NVIDIA GeForce RTX 4090 D,93,2323,24564,164.46,59
1782121538.269587,0,NVIDIA GeForce RTX 4090 D,96,2323,24564,172.76,55
1782121538.269587,1,NVIDIA GeForce RTX 4090 D,96,2323,24564,164.58,60
1782121543.389491,0,NVIDIA GeForce RTX 4090 D,95,2323,24564,173.43,55
1782121543.389491,1,NVIDIA GeForce RTX 4090 D,92,2323,24564,161.95,59
1782121548.5170674,0,NVIDIA GeForce RTX 4090 D,96,2323,24564,173.35,55
1782121548.5170674,1,NVIDIA GeForce RTX 4090 D,94,2323,24564,164.80,58
1782121553.644951,0,NVIDIA GeForce RTX 4090 D,74,2323,24564,160.35,53
1782121553.644951,1,NVIDIA GeForce RTX 4090 D,93,2323,24564,153.87,59
1782121558.7662024,0,NVIDIA GeForce RTX 4090 D,97,2323,24564,171.69,55
1782121558.7662024,1,NVIDIA GeForce RTX 4090 D,94,2323,24564,164.19,58
1782121563.88528,0,NVIDIA GeForce RTX 4090 D,96,2323,24564,173.14,55
1782121563.88528,1,NVIDIA GeForce RTX 4090 D,96,2323,24564,165.24,58
1782121569.0052564,0,NVIDIA GeForce RTX 4090 D,95,2323,24564,173.05,55
1782121569.0052564,1,NVIDIA GeForce RTX 4090 D,97,2323,24564,165.27,59
1782121574.124876,0,NVIDIA GeForce RTX 4090 D,95,2323,24564,173.78,55
1782121574.124876,1,NVIDIA GeForce RTX 4090 D,95,2323,24564,164.59,59
1782121579.2396948,0,NVIDIA GeForce RTX 4090 D,93,2323,24564,172.75,56
1782121579.2396948,1,NVIDIA GeForce RTX 4090 D,95,2323,24564,162.97,58
1782121584.3555274,0,NVIDIA GeForce RTX 4090 D,91,2323,24564,173.44,55
1782121584.3555274,1,NVIDIA GeForce RTX 4090 D,96,2323,24564,164.33,59
1782121589.4722586,0,NVIDIA GeForce RTX 4090 D,94,2323,24564,173.88,56
1782121589.4722586,1,NVIDIA GeForce RTX 4090 D,96,2323,24564,164.98,59
1782121594.58807,0,NVIDIA GeForce RTX 4090 D,91,2323,24564,174.05,57
1782121594.58807,1,NVIDIA GeForce RTX 4090 D,88,2323,24564,163.36,58
1782121599.709623,0,NVIDIA GeForce RTX 4090 D,95,2323,24564,174.55,57
1782121599.709623,1,NVIDIA GeForce RTX 4090 D,89,2323,24564,165.89,59
1782121604.8406632,0,NVIDIA GeForce RTX 4090 D,97,2323,24564,173.98,55
1782121604.8406632,1,NVIDIA GeForce RTX 4090 D,91,2323,24564,163.93,59
1782121609.9542997,0,NVIDIA GeForce RTX 4090 D,13,2323,24564,109.26,52
1782121609.9542997,1,NVIDIA GeForce RTX 4090 D,96,2323,24564,164.61,58
1782121615.0968533,0,NVIDIA GeForce RTX 4090 D,93,2323,24564,172.08,56
1782121615.0968533,1,NVIDIA GeForce RTX 4090 D,73,2323,24564,148.70,57
1782121620.192815,0,NVIDIA GeForce RTX 4090 D,93,2323,24564,173.70,55
1782121620.192815,1,NVIDIA GeForce RTX 4090 D,93,2323,24564,163.70,58
1782121625.2885652,0,NVIDIA GeForce RTX 4090 D,96,2323,24564,173.01,55
1782121625.2885652,1,NVIDIA GeForce RTX 4090 D,92,2323,24564,164.36,58
1782121630.3678584,0,NVIDIA GeForce RTX 4090 D,95,2323,24564,172.56,56
1782121630.3678584,1,NVIDIA GeForce RTX 4090 D,96,2323,24564,163.96,58
1782121635.4834542,0,NVIDIA GeForce RTX 4090 D,93,2323,24564,172.99,56
1782121635.4834542,1,NVIDIA GeForce RTX 4090 D,95,2323,24564,166.20,58
1782121640.5663874,0,NVIDIA GeForce RTX 4090 D,95,2323,24564,174.81,55
1782121640.5663874,1,NVIDIA GeForce RTX 4090 D,92,2323,24564,165.00,59
1782121645.6845212,0,NVIDIA GeForce RTX 4090 D,95,2323,24564,173.93,56
1782121645.6845212,1,NVIDIA GeForce RTX 4090 D,97,2323,24564,165.43,58
1782121650.781239,0,NVIDIA GeForce RTX 4090 D,95,2323,24564,174.17,55
1782121650.781239,1,NVIDIA GeForce RTX 4090 D,95,2323,24564,148.66,58
1782121655.8624575,0,NVIDIA GeForce RTX 4090 D,94,2323,24564,174.73,57
1782121655.8624575,1,NVIDIA GeForce RTX 4090 D,94,2323,24564,164.03,58
1782121660.9436715,0,NVIDIA GeForce RTX 4090 D,73,2323,24564,159.01,54
1782121660.9436715,1,NVIDIA GeForce RTX 4090 D,96,2323,24564,146.33,58
1782121666.025363,0,NVIDIA GeForce RTX 4090 D,95,2323,24564,174.53,56
1782121666.025363,1,NVIDIA GeForce RTX 4090 D,91,2323,24564,163.47,59
1782121671.1411972,0,NVIDIA GeForce RTX 4090 D,97,2323,24564,173.63,56
1782121671.1411972,1,NVIDIA GeForce RTX 4090 D,76,2323,24564,138.30,57
1782121676.260988,0,NVIDIA GeForce RTX 4090 D,96,2323,24564,173.98,56
1782121676.260988,1,NVIDIA GeForce RTX 4090 D,95,2323,24564,164.68,59
1782121681.3771546,0,NVIDIA GeForce RTX 4090 D,96,2323,24564,173.18,56
1782121681.3771546,1,NVIDIA GeForce RTX 4090 D,97,2323,24564,165.29,58
1782121686.4924777,0,NVIDIA GeForce RTX 4090 D,94,2323,24564,172.48,55
1782121686.4924777,1,NVIDIA GeForce RTX 4090 D,93,2323,24564,163.85,58
1782121691.6087947,0,NVIDIA GeForce RTX 4090 D,94,2323,24564,173.04,55
1782121691.6087947,1,NVIDIA GeForce RTX 4090 D,97,2323,24564,163.38,58
1782121696.7330406,0,NVIDIA GeForce RTX 4090 D,95,2323,24564,173.94,56
1782121696.7330406,1,NVIDIA GeForce RTX 4090 D,92,2323,24564,163.45,58
1782121701.861576,0,NVIDIA GeForce RTX 4090 D,96,2323,24564,173.39,56
1782121701.861576,1,NVIDIA GeForce RTX 4090 D,96,2323,24564,164.66,59
1782121706.9928427,0,NVIDIA GeForce RTX 4090 D,91,2323,24564,171.78,55
1782121706.9928427,1,NVIDIA GeForce RTX 4090 D,95,2323,24564,164.01,58
1782121712.1091142,0,NVIDIA GeForce RTX 4090 D,96,2323,24564,173.94,56
1782121712.1091142,1,NVIDIA GeForce RTX 4090 D,91,2323,24564,163.88,58
1782121717.2247431,0,NVIDIA GeForce RTX 4090 D,13,2323,24564,124.94,53
1782121717.2247431,1,NVIDIA GeForce RTX 4090 D,92,2323,24564,162.96,59
1782121722.3443928,0,NVIDIA GeForce RTX 4090 D,95,2323,24564,171.53,56
1782121722.3443928,1,NVIDIA GeForce RTX 4090 D,95,2323,24564,163.71,58
1782121727.4608386,0,NVIDIA GeForce RTX 4090 D,95,2323,24564,173.49,57
1782121727.4608386,1,NVIDIA GeForce RTX 4090 D,95,2323,24564,164.54,57
1782121732.5772665,0,NVIDIA GeForce RTX 4090 D,96,2323,24564,172.95,57
1782121732.5772665,1,NVIDIA GeForce RTX 4090 D,95,2323,24564,164.52,57
1782121737.693619,0,NVIDIA GeForce RTX 4090 D,95,2323,24564,172.08,56
1782121737.693619,1,NVIDIA GeForce RTX 4090 D,95,2323,24564,164.73,58
1782121742.8235602,0,NVIDIA GeForce RTX 4090 D,95,2323,24564,179.15,56
1782121742.8235602,1,NVIDIA GeForce RTX 4090 D,89,2323,24564,163.63,57
1782121747.9411402,0,NVIDIA GeForce RTX 4090 D,90,2323,24564,171.48,56
1782121747.9411402,1,NVIDIA GeForce RTX 4090 D,93,2323,24564,164.30,58
1782121753.056384,0,NVIDIA GeForce RTX 4090 D,95,2323,24564,172.77,56
1782121753.056384,1,NVIDIA GeForce RTX 4090 D,96,2323,24564,164.48,58
1782121758.1730542,0,NVIDIA GeForce RTX 4090 D,91,2323,24564,173.04,56
1782121758.1730542,1,NVIDIA GeForce RTX 4090 D,94,2323,24564,156.30,59
1782121763.2881656,0,NVIDIA GeForce RTX 4090 D,93,2323,24564,172.94,55
1782121763.2881656,1,NVIDIA GeForce RTX 4090 D,92,2323,24564,164.29,58
1782121768.4033213,0,NVIDIA GeForce RTX 4090 D,13,2323,24564,149.21,53
1782121768.4033213,1,NVIDIA GeForce RTX 4090 D,97,2323,24564,150.27,58
1782121773.5208046,0,NVIDIA GeForce RTX 4090 D,95,2323,24564,153.80,55
1782121773.5208046,1,NVIDIA GeForce RTX 4090 D,95,2323,24564,164.95,58
1782121778.6358228,0,NVIDIA GeForce RTX 4090 D,96,2323,24564,171.88,57
1782121778.6358228,1,NVIDIA GeForce RTX 4090 D,95,2323,24564,164.41,58
1782121783.7518096,0,NVIDIA GeForce RTX 4090 D,96,2323,24564,171.24,56
1782121783.7518096,1,NVIDIA GeForce RTX 4090 D,96,2323,24564,164.60,59
1782121788.867644,0,NVIDIA GeForce RTX 4090 D,90,2323,24564,171.30,55
1782121788.867644,1,NVIDIA GeForce RTX 4090 D,95,2323,24564,163.29,57
1782121793.9850898,0,NVIDIA GeForce RTX 4090 D,96,2323,24564,172.95,56
1782121793.9850898,1,NVIDIA GeForce RTX 4090 D,89,2323,24564,163.43,57
1782121799.1046255,0,NVIDIA GeForce RTX 4090 D,93,2323,24564,173.23,55
1782121799.1046255,1,NVIDIA GeForce RTX 4090 D,95,2323,24564,164.94,59
1782121804.199968,0,NVIDIA GeForce RTX 4090 D,93,2323,24564,172.99,56
1782121804.199968,1,NVIDIA GeForce RTX 4090 D,94,2323,24564,164.91,57
1782121809.315879,0,NVIDIA GeForce RTX 4090 D,94,2323,24564,174.27,56
1782121809.315879,1,NVIDIA GeForce RTX 4090 D,87,2323,24564,161.72,58
1782121814.4448712,0,NVIDIA GeForce RTX 4090 D,93,2323,24564,172.68,55
1782121814.4448712,1,NVIDIA GeForce RTX 4090 D,92,2323,24564,163.08,58
1782121819.560451,0,NVIDIA GeForce RTX 4090 D,95,2323,24564,174.20,57
1782121819.560451,1,NVIDIA GeForce RTX 4090 D,82,2323,24564,159.73,57
1782121824.6771748,0,NVIDIA GeForce RTX 4090 D,95,2323,24564,161.68,55
1782121824.6771748,1,NVIDIA GeForce RTX 4090 D,92,2323,24564,162.48,57
1782121829.791695,0,NVIDIA GeForce RTX 4090 D,96,2323,24564,173.12,56
1782121829.791695,1,NVIDIA GeForce RTX 4090 D,95,2323,24564,163.48,58
1782121834.9080377,0,NVIDIA GeForce RTX 4090 D,91,2323,24564,172.56,55
1782121834.9080377,1,NVIDIA GeForce RTX 4090 D,93,2323,24564,163.10,57
1782121840.024403,0,NVIDIA GeForce RTX 4090 D,91,2323,24564,172.51,57
1782121840.024403,1,NVIDIA GeForce RTX 4090 D,93,2323,24564,164.19,59
1782121845.1568718,0,NVIDIA GeForce RTX 4090 D,93,2323,24564,172.63,55
1782121845.1568718,1,NVIDIA GeForce RTX 4090 D,95,2323,24564,164.39,58
1782121850.234652,0,NVIDIA GeForce RTX 4090 D,93,2323,24564,173.41,56
1782121850.234652,1,NVIDIA GeForce RTX 4090 D,95,2323,24564,164.92,58
1782121855.3520184,0,NVIDIA GeForce RTX 4090 D,94,2323,24564,171.68,56
1782121855.3520184,1,NVIDIA GeForce RTX 4090 D,96,2323,24564,165.59,58
1782121860.4486594,0,NVIDIA GeForce RTX 4090 D,92,2323,24564,171.72,56
1782121860.4486594,1,NVIDIA GeForce RTX 4090 D,93,2323,24564,163.61,59
1782121865.5649116,0,NVIDIA GeForce RTX 4090 D,98,2323,24564,171.84,56
1782121865.5649116,1,NVIDIA GeForce RTX 4090 D,95,2323,24564,156.86,57
1782121870.6601965,0,NVIDIA GeForce RTX 4090 D,92,2323,24564,172.71,57
1782121870.6601965,1,NVIDIA GeForce RTX 4090 D,94,2323,24564,164.07,57
1782121875.7762616,0,NVIDIA GeForce RTX 4090 D,76,2323,24564,171.12,55
1782121875.7762616,1,NVIDIA GeForce RTX 4090 D,95,2323,24564,156.29,57
1782121880.8923676,0,NVIDIA GeForce RTX 4090 D,72,2323,24564,160.97,55
1782121880.8923676,1,NVIDIA GeForce RTX 4090 D,96,2323,24564,164.22,57
1782121886.008584,0,NVIDIA GeForce RTX 4090 D,95,2323,24564,170.88,55
1782121886.008584,1,NVIDIA GeForce RTX 4090 D,93,2323,24564,162.58,57
1782121891.1240273,0,NVIDIA GeForce RTX 4090 D,93,2323,24564,172.60,56
1782121891.1240273,1,NVIDIA GeForce RTX 4090 D,74,2323,24564,140.18,57
1782121896.2416923,0,NVIDIA GeForce RTX 4090 D,94,2323,24564,172.61,55
1782121896.2416923,1,NVIDIA GeForce RTX 4090 D,95,2323,24564,163.29,58
1782121901.357557,0,NVIDIA GeForce RTX 4090 D,96,2323,24564,173.16,56
1782121901.357557,1,NVIDIA GeForce RTX 4090 D,94,2323,24564,161.30,57
1782121906.4764464,0,NVIDIA GeForce RTX 4090 D,95,2323,24564,173.33,56
1782121906.4764464,1,NVIDIA GeForce RTX 4090 D,95,2323,24564,170.44,59
1782121911.5932534,0,NVIDIA GeForce RTX 4090 D,97,2323,24564,174.21,56
1782121911.5932534,1,NVIDIA GeForce RTX 4090 D,94,2323,24564,163.28,57
1782121916.7128353,0,NVIDIA GeForce RTX 4090 D,91,2323,24564,172.61,55
1782121916.7128353,1,NVIDIA GeForce RTX 4090 D,72,2323,24564,138.56,56
1782121921.828637,0,NVIDIA GeForce RTX 4090 D,93,2323,24564,173.50,55
1782121921.828637,1,NVIDIA GeForce RTX 4090 D,96,2323,24564,164.44,58
1782121926.9441402,0,NVIDIA GeForce RTX 4090 D,96,2323,24564,174.26,55
1782121926.9441402,1,NVIDIA GeForce RTX 4090 D,96,2323,24564,165.37,59
1782121932.0605547,0,NVIDIA GeForce RTX 4090 D,87,2323,24564,110.76,54
1782121932.0605547,1,NVIDIA GeForce RTX 4090 D,95,2323,24564,163.56,58
1782121937.1791942,0,NVIDIA GeForce RTX 4090 D,94,2323,24564,156.21,54
1782121937.1791942,1,NVIDIA GeForce RTX 4090 D,95,2323,24564,163.67,58
1782121942.2968426,0,NVIDIA GeForce RTX 4090 D,93,2323,24564,173.82,55
1782121942.2968426,1,NVIDIA GeForce RTX 4090 D,93,2323,24564,164.11,58
1782121947.4124594,0,NVIDIA GeForce RTX 4090 D,96,2323,24564,173.49,56
1782121947.4124594,1,NVIDIA GeForce RTX 4090 D,71,2323,24564,137.83,56
1782121952.5278018,0,NVIDIA GeForce RTX 4090 D,95,2323,24564,173.33,56
1782121952.5278018,1,NVIDIA GeForce RTX 4090 D,95,2323,24564,163.48,58
1782121957.6449933,0,NVIDIA GeForce RTX 4090 D,96,2323,24564,174.91,56
1782121957.6449933,1,NVIDIA GeForce RTX 4090 D,94,2323,24564,163.76,57
1782121962.7686646,0,NVIDIA GeForce RTX 4090 D,94,2323,24564,172.53,55
1782121962.7686646,1,NVIDIA GeForce RTX 4090 D,95,2323,24564,164.31,58
1782121967.884213,0,NVIDIA GeForce RTX 4090 D,95,2323,24564,172.32,55
1782121967.884213,1,NVIDIA GeForce RTX 4090 D,94,2323,24564,163.72,59
1782121973.000726,0,NVIDIA GeForce RTX 4090 D,97,2323,24564,173.57,55
1782121973.000726,1,NVIDIA GeForce RTX 4090 D,93,2323,24564,165.15,58
1782121978.1164255,0,NVIDIA GeForce RTX 4090 D,94,2323,24564,172.19,55
1782121978.1164255,1,NVIDIA GeForce RTX 4090 D,94,2323,24564,163.93,57
1782121983.2324,0,NVIDIA GeForce RTX 4090 D,92,2323,24564,173.63,56
1782121983.2324,1,NVIDIA GeForce RTX 4090 D,96,2323,24564,147.96,57
1782121988.3497012,0,NVIDIA GeForce RTX 4090 D,97,2323,24564,172.00,55
1782121988.3497012,1,NVIDIA GeForce RTX 4090 D,96,2323,24564,163.56,58
1782121993.4689977,0,NVIDIA GeForce RTX 4090 D,94,2323,24564,173.49,55
1782121993.4689977,1,NVIDIA GeForce RTX 4090 D,94,2323,24564,164.25,58
1782121998.584919,0,NVIDIA GeForce RTX 4090 D,96,2323,24564,173.81,55
1782121998.584919,1,NVIDIA GeForce RTX 4090 D,95,2323,24564,164.03,57
1782122003.7004578,0,NVIDIA GeForce RTX 4090 D,94,2323,24564,171.90,54
1782122003.7004578,1,NVIDIA GeForce RTX 4090 D,96,2323,24564,163.13,57
1782122008.8168597,0,NVIDIA GeForce RTX 4090 D,94,2323,24564,172.26,56
1782122008.8168597,1,NVIDIA GeForce RTX 4090 D,95,2323,24564,163.99,57
1782122013.9337978,0,NVIDIA GeForce RTX 4090 D,94,2323,24564,172.88,54
1782122013.9337978,1,NVIDIA GeForce RTX 4090 D,96,2323,24564,163.27,58
1782122019.052353,0,NVIDIA GeForce RTX 4090 D,96,2323,24564,173.35,55
1782122019.052353,1,NVIDIA GeForce RTX 4090 D,94,2323,24564,163.36,58
1782122024.168687,0,NVIDIA GeForce RTX 4090 D,93,2323,24564,171.61,55
1782122024.168687,1,NVIDIA GeForce RTX 4090 D,72,2323,24564,136.97,56
1782122029.285005,0,NVIDIA GeForce RTX 4090 D,97,2323,24564,172.04,55
1782122029.285005,1,NVIDIA GeForce RTX 4090 D,94,2323,24564,165.87,58
1782122034.400657,0,NVIDIA GeForce RTX 4090 D,95,2323,24564,171.07,54
1782122034.400657,1,NVIDIA GeForce RTX 4090 D,96,2323,24564,167.83,58
1782122039.5246365,0,NVIDIA GeForce RTX 4090 D,93,2323,24564,154.46,54
1782122039.5246365,1,NVIDIA GeForce RTX 4090 D,95,2323,24564,169.16,58
1782122044.639576,0,NVIDIA GeForce RTX 4090 D,73,2323,24564,143.77,53
1782122044.639576,1,NVIDIA GeForce RTX 4090 D,95,2323,24564,169.21,59
1782122049.756804,0,NVIDIA GeForce RTX 4090 D,90,2323,24564,172.04,55
1782122049.756804,1,NVIDIA GeForce RTX 4090 D,93,2323,24564,167.31,58
1782122054.8769343,0,NVIDIA GeForce RTX 4090 D,97,2323,24564,172.84,54
1782122054.8769343,1,NVIDIA GeForce RTX 4090 D,95,2323,24564,165.10,58
1782122060.0021143,0,NVIDIA GeForce RTX 4090 D,95,2323,24564,171.33,55
1782122060.0021143,1,NVIDIA GeForce RTX 4090 D,95,2323,24564,162.99,58
1782122065.1280046,0,NVIDIA GeForce RTX 4090 D,92,2323,24564,170.81,54
1782122065.1280046,1,NVIDIA GeForce RTX 4090 D,94,2323,24564,162.36,57
1782122070.2525425,0,NVIDIA GeForce RTX 4090 D,96,2323,24564,171.67,54
1782122070.2525425,1,NVIDIA GeForce RTX 4090 D,94,2323,24564,162.98,59
1782122075.376374,0,NVIDIA GeForce RTX 4090 D,93,2323,24564,173.21,55
1782122075.376374,1,NVIDIA GeForce RTX 4090 D,93,2323,24564,163.67,58
1782122080.4550097,0,NVIDIA GeForce RTX 4090 D,96,2323,24564,172.21,55
1782122080.4550097,1,NVIDIA GeForce RTX 4090 D,96,2323,24564,163.66,58
1782122085.5354266,0,NVIDIA GeForce RTX 4090 D,94,2323,24564,172.37,55
1782122085.5354266,1,NVIDIA GeForce RTX 4090 D,95,2323,24564,163.94,58
1782122090.6530578,0,NVIDIA GeForce RTX 4090 D,71,2323,24564,143.40,53
1782122090.6530578,1,NVIDIA GeForce RTX 4090 D,94,2323,24564,145.26,58
1782122095.7352366,0,NVIDIA GeForce RTX 4090 D,95,2323,24564,170.87,55
1782122095.7352366,1,NVIDIA GeForce RTX 4090 D,94,2323,24564,164.16,58
1782122100.8575325,0,NVIDIA GeForce RTX 4090 D,91,2323,24564,171.20,54
1782122100.8575325,1,NVIDIA GeForce RTX 4090 D,96,2323,24564,162.59,57
1782122105.9807053,0,NVIDIA GeForce RTX 4090 D,96,2323,24564,173.38,55
1782122105.9807053,1,NVIDIA GeForce RTX 4090 D,96,2323,24564,162.51,58
1782122111.1044352,0,NVIDIA GeForce RTX 4090 D,95,2323,24564,170.73,55
1782122111.1044352,1,NVIDIA GeForce RTX 4090 D,94,2323,24564,163.54,57
1782122116.2338223,0,NVIDIA GeForce RTX 4090 D,95,2323,24564,170.94,56
1782122116.2338223,1,NVIDIA GeForce RTX 4090 D,95,2323,24564,163.20,59
1782122121.3527925,0,NVIDIA GeForce RTX 4090 D,95,2323,24564,171.31,54
1782122121.3527925,1,NVIDIA GeForce RTX 4090 D,95,2323,24564,162.94,58
1782122126.4764018,0,NVIDIA GeForce RTX 4090 D,92,2323,24564,170.54,55
1782122126.4764018,1,NVIDIA GeForce RTX 4090 D,94,2323,24564,146.61,57
1782122131.5939746,0,NVIDIA GeForce RTX 4090 D,95,2323,24564,172.28,55
1782122131.5939746,1,NVIDIA GeForce RTX 4090 D,95,2323,24564,163.28,59
1782122136.7131448,0,NVIDIA GeForce RTX 4090 D,95,2323,24564,172.05,55
1782122136.7131448,1,NVIDIA GeForce RTX 4090 D,94,2323,24564,163.68,57
1782122141.8288455,0,NVIDIA GeForce RTX 4090 D,94,2323,24564,172.77,55
1782122141.8288455,1,NVIDIA GeForce RTX 4090 D,95,2323,24564,163.50,57
1782122146.9558876,0,NVIDIA GeForce RTX 4090 D,71,2323,24564,144.48,53
1782122146.9558876,1,NVIDIA GeForce RTX 4090 D,94,2323,24564,162.36,59
1782122152.0729997,0,NVIDIA GeForce RTX 4090 D,72,2323,24564,145.01,53
1782122152.0729997,1,NVIDIA GeForce RTX 4090 D,90,2323,24564,162.52,57
1782122157.1924884,0,NVIDIA GeForce RTX 4090 D,96,2323,24564,171.50,55
1782122157.1924884,1,NVIDIA GeForce RTX 4090 D,95,2323,24564,163.42,58
1782122162.2900333,0,NVIDIA GeForce RTX 4090 D,96,2323,24564,171.86,54
1782122162.2900333,1,NVIDIA GeForce RTX 4090 D,94,2323,24564,163.30,58
1782122167.4168792,0,NVIDIA GeForce RTX 4090 D,89,2323,24564,172.15,55
1782122167.4168792,1,NVIDIA GeForce RTX 4090 D,83,2323,24564,162.38,57
1782122172.5413902,0,NVIDIA GeForce RTX 4090 D,90,2323,24564,171.34,54
1782122172.5413902,1,NVIDIA GeForce RTX 4090 D,96,2323,24564,164.41,59
1782122177.6610818,0,NVIDIA GeForce RTX 4090 D,95,2323,24564,172.29,56
1782122177.6610818,1,NVIDIA GeForce RTX 4090 D,97,2323,24564,164.04,57
1782122182.7903411,0,NVIDIA GeForce RTX 4090 D,96,2323,24564,173.19,54
1782122182.7903411,1,NVIDIA GeForce RTX 4090 D,93,2323,24564,164.44,58
1782122187.9201262,0,NVIDIA GeForce RTX 4090 D,94,2323,24564,171.90,54
1782122187.9201262,1,NVIDIA GeForce RTX 4090 D,94,2323,24564,165.34,58
1782122193.0380802,0,NVIDIA GeForce RTX 4090 D,94,2323,24564,171.37,54
1782122193.0380802,1,NVIDIA GeForce RTX 4090 D,91,2323,24564,163.62,58
1782122198.156643,0,NVIDIA GeForce RTX 4090 D,73,2323,24564,144.76,53
1782122198.156643,1,NVIDIA GeForce RTX 4090 D,96,2323,24564,138.67,57
1782122203.2729254,0,NVIDIA GeForce RTX 4090 D,95,2323,24564,173.57,55
1782122203.2729254,1,NVIDIA GeForce RTX 4090 D,91,2323,24564,163.81,59
1782122208.3886566,0,NVIDIA GeForce RTX 4090 D,95,2323,24564,170.92,54
1782122208.3886566,1,NVIDIA GeForce RTX 4090 D,96,2323,24564,163.01,58
1782122213.5051064,0,NVIDIA GeForce RTX 4090 D,95,2323,24564,172.59,55
1782122213.5051064,1,NVIDIA GeForce RTX 4090 D,90,2323,24564,163.67,57
1782122218.6219397,0,NVIDIA GeForce RTX 4090 D,94,2323,24564,173.50,55
1782122218.6219397,1,NVIDIA GeForce RTX 4090 D,94,2323,24564,163.70,59
1782122223.7455144,0,NVIDIA GeForce RTX 4090 D,96,2323,24564,172.96,55
1782122223.7455144,1,NVIDIA GeForce RTX 4090 D,73,2323,24564,160.46,57
1782122228.8648715,0,NVIDIA GeForce RTX 4090 D,94,2323,24564,171.76,55
1782122228.8648715,1,NVIDIA GeForce RTX 4090 D,93,2323,24564,159.57,57
1782122233.9811766,0,NVIDIA GeForce RTX 4090 D,93,2323,24564,170.70,55
1782122233.9811766,1,NVIDIA GeForce RTX 4090 D,90,2323,24564,152.75,57
1782122239.1006305,0,NVIDIA GeForce RTX 4090 D,96,2323,24564,172.88,55
1782122239.1006305,1,NVIDIA GeForce RTX 4090 D,95,2323,24564,163.41,59
1782122244.2169478,0,NVIDIA GeForce RTX 4090 D,95,2323,24564,172.60,54
1782122244.2169478,1,NVIDIA GeForce RTX 4090 D,96,2323,24564,163.85,58
1782122249.3448687,0,NVIDIA GeForce RTX 4090 D,98,2323,24564,171.75,56
1782122249.3448687,1,NVIDIA GeForce RTX 4090 D,94,2323,24564,164.28,58
1782122254.4401999,0,NVIDIA GeForce RTX 4090 D,75,2323,24564,146.23,53
1782122254.4401999,1,NVIDIA GeForce RTX 4090 D,96,2323,24564,164.29,58
1782122259.5680754,0,NVIDIA GeForce RTX 4090 D,95,2323,24564,171.74,55
1782122259.5680754,1,NVIDIA GeForce RTX 4090 D,92,2323,24564,162.85,58
1782122264.6852643,0,NVIDIA GeForce RTX 4090 D,96,2323,24564,172.90,55
1782122264.6852643,1,NVIDIA GeForce RTX 4090 D,93,2323,24564,163.07,59
1782122269.8051717,0,NVIDIA GeForce RTX 4090 D,91,2323,24564,172.12,55
1782122269.8051717,1,NVIDIA GeForce RTX 4090 D,95,2323,24564,164.57,58
1782122274.9047275,0,NVIDIA GeForce RTX 4090 D,96,2323,24564,172.36,55
1782122274.9047275,1,NVIDIA GeForce RTX 4090 D,97,2323,24564,165.61,58
1782122279.9845493,0,NVIDIA GeForce RTX 4090 D,95,2323,24564,172.04,55
1782122279.9845493,1,NVIDIA GeForce RTX 4090 D,75,2323,24564,159.35,57
1782122285.141134,0,NVIDIA GeForce RTX 4090 D,95,2323,24564,172.19,57
1782122285.141134,1,NVIDIA GeForce RTX 4090 D,94,2323,24564,164.51,58
1782122290.237749,0,NVIDIA GeForce RTX 4090 D,95,2323,24564,172.21,55
1782122290.237749,1,NVIDIA GeForce RTX 4090 D,96,2323,24564,164.16,59
1782122295.3570793,0,NVIDIA GeForce RTX 4090 D,94,2323,24564,173.30,56
1782122295.3570793,1,NVIDIA GeForce RTX 4090 D,88,2323,24564,162.88,59
1782122300.4726942,0,NVIDIA GeForce RTX 4090 D,95,2323,24564,171.91,55
1782122300.4726942,1,NVIDIA GeForce RTX 4090 D,94,2323,24564,164.06,58
1782122305.5503502,0,NVIDIA GeForce RTX 4090 D,72,2323,24564,145.41,55
1782122305.5503502,1,NVIDIA GeForce RTX 4090 D,94,2323,24564,155.14,59
1782122310.6357946,0,NVIDIA GeForce RTX 4090 D,95,2323,24564,172.62,55
1782122310.6357946,1,NVIDIA GeForce RTX 4090 D,93,2323,24564,164.77,59
1782122315.7561262,0,NVIDIA GeForce RTX 4090 D,74,2323,24564,148.73,54
1782122315.7561262,1,NVIDIA GeForce RTX 4090 D,94,2323,24564,163.18,58
1782122320.873597,0,NVIDIA GeForce RTX 4090 D,92,2323,24564,170.86,55
1782122320.873597,1,NVIDIA GeForce RTX 4090 D,95,2323,24564,162.19,58
1782122326.0002408,0,NVIDIA GeForce RTX 4090 D,94,2323,24564,171.57,56
1782122326.0002408,1,NVIDIA GeForce RTX 4090 D,97,2323,24564,164.45,59
1782122331.1166627,0,NVIDIA GeForce RTX 4090 D,94,2323,24564,172.04,55
1782122331.1166627,1,NVIDIA GeForce RTX 4090 D,94,2323,24564,163.79,59
1782122336.231669,0,NVIDIA GeForce RTX 4090 D,95,2323,24564,171.43,56
1782122336.231669,1,NVIDIA GeForce RTX 4090 D,70,2323,24564,144.38,57
1782122341.3487666,0,NVIDIA GeForce RTX 4090 D,94,2323,24564,172.23,56
1782122341.3487666,1,NVIDIA GeForce RTX 4090 D,94,2323,24564,148.82,59
1782122346.46452,0,NVIDIA GeForce RTX 4090 D,91,2323,24564,172.55,57
1782122346.46452,1,NVIDIA GeForce RTX 4090 D,96,2323,24564,164.18,59
1782122351.560958,0,NVIDIA GeForce RTX 4090 D,94,2323,24564,172.97,57
1782122351.560958,1,NVIDIA GeForce RTX 4090 D,92,2323,24564,164.20,58
1782122356.6767735,0,NVIDIA GeForce RTX 4090 D,94,2323,24564,170.58,55
1782122356.6767735,1,NVIDIA GeForce RTX 4090 D,93,2323,24564,164.32,58
1782122361.773357,0,NVIDIA GeForce RTX 4090 D,71,2323,24564,162.82,55
1782122361.773357,1,NVIDIA GeForce RTX 4090 D,94,2323,24564,164.46,60
1782122366.8729172,0,NVIDIA GeForce RTX 4090 D,93,2323,24564,172.68,56
1782122366.8729172,1,NVIDIA GeForce RTX 4090 D,95,2323,24564,163.21,58
1782122371.9887934,0,NVIDIA GeForce RTX 4090 D,92,2323,24564,173.45,57
1782122371.9887934,1,NVIDIA GeForce RTX 4090 D,93,2323,24564,164.12,59
1782122377.1093087,0,NVIDIA GeForce RTX 4090 D,94,2323,24564,173.77,56
1782122377.1093087,1,NVIDIA GeForce RTX 4090 D,93,2323,24564,163.27,58
1782122382.2241168,0,NVIDIA GeForce RTX 4090 D,96,2323,24564,177.56,55
1782122382.2241168,1,NVIDIA GeForce RTX 4090 D,94,2323,24564,162.57,58
1782122387.341072,0,NVIDIA GeForce RTX 4090 D,95,2323,24564,172.48,55
1782122387.341072,1,NVIDIA GeForce RTX 4090 D,93,2323,24564,165.82,58
1782122392.460386,0,NVIDIA GeForce RTX 4090 D,96,2323,24564,172.83,56
1782122392.460386,1,NVIDIA GeForce RTX 4090 D,71,2323,24564,140.43,57
1782122397.5774121,0,NVIDIA GeForce RTX 4090 D,94,2323,24564,171.86,56
1782122397.5774121,1,NVIDIA GeForce RTX 4090 D,93,2323,24564,164.55,59
1782122402.696883,0,NVIDIA GeForce RTX 4090 D,89,2323,24564,171.99,55
1782122402.696883,1,NVIDIA GeForce RTX 4090 D,90,2323,24564,164.80,58
1782122407.8128498,0,NVIDIA GeForce RTX 4090 D,95,2323,24564,174.62,55
1782122407.8128498,1,NVIDIA GeForce RTX 4090 D,95,2323,24564,165.99,59
1782122412.9291801,0,NVIDIA GeForce RTX 4090 D,74,2323,24564,167.95,55
1782122412.9291801,1,NVIDIA GeForce RTX 4090 D,95,2323,24564,141.67,58
1782122418.049863,0,NVIDIA GeForce RTX 4090 D,92,2323,24564,165.46,55
1782122418.049863,1,NVIDIA GeForce RTX 4090 D,95,2323,24564,163.62,58
1782122423.1657882,0,NVIDIA GeForce RTX 4090 D,72,2323,24564,145.86,54
1782122423.1657882,1,NVIDIA GeForce RTX 4090 D,93,2323,24564,163.38,58
1782122428.284953,0,NVIDIA GeForce RTX 4090 D,96,2323,24564,172.20,56
1782122428.284953,1,NVIDIA GeForce RTX 4090 D,95,2323,24564,164.06,59
1782122433.4002206,0,NVIDIA GeForce RTX 4090 D,95,2323,24564,171.91,55
1782122433.4002206,1,NVIDIA GeForce RTX 4090 D,95,2323,24564,163.98,58
1782122438.5164812,0,NVIDIA GeForce RTX 4090 D,96,2323,24564,172.39,55
1782122438.5164812,1,NVIDIA GeForce RTX 4090 D,92,2323,24564,163.90,58
1782122443.631909,0,NVIDIA GeForce RTX 4090 D,94,2323,24564,173.06,55
1782122443.631909,1,NVIDIA GeForce RTX 4090 D,95,2323,24564,163.10,58
1782122448.7485402,0,NVIDIA GeForce RTX 4090 D,93,2323,24564,172.98,55
1782122448.7485402,1,NVIDIA GeForce RTX 4090 D,73,2323,24564,117.64,57
1782122453.8641262,0,NVIDIA GeForce RTX 4090 D,94,2323,24564,173.72,56
1782122453.8641262,1,NVIDIA GeForce RTX 4090 D,93,2323,24564,163.70,59
1782122458.980875,0,NVIDIA GeForce RTX 4090 D,96,2323,24564,172.86,55
1782122458.980875,1,NVIDIA GeForce RTX 4090 D,97,2323,24564,163.47,58
1782122464.0973768,0,NVIDIA GeForce RTX 4090 D,92,2323,24564,174.04,55
1782122464.0973768,1,NVIDIA GeForce RTX 4090 D,93,2323,24564,163.61,60
1782122469.2177038,0,NVIDIA GeForce RTX 4090 D,95,2323,24564,169.11,55
1782122469.2177038,1,NVIDIA GeForce RTX 4090 D,94,2323,24564,164.22,58
1782122474.337402,0,NVIDIA GeForce RTX 4090 D,97,2323,24564,172.75,55
1782122474.337402,1,NVIDIA GeForce RTX 4090 D,95,2323,24564,165.36,59
1782122479.4558947,0,NVIDIA GeForce RTX 4090 D,94,2323,24564,173.09,55
1782122479.4558947,1,NVIDIA GeForce RTX 4090 D,96,2323,24564,164.24,59
1782122484.5761247,0,NVIDIA GeForce RTX 4090 D,90,2323,24564,172.79,56
1782122484.5761247,1,NVIDIA GeForce RTX 4090 D,92,2323,24564,163.90,58
1782122489.6920512,0,NVIDIA GeForce RTX 4090 D,95,2323,24564,172.34,56
1782122489.6920512,1,NVIDIA GeForce RTX 4090 D,93,2323,24564,165.11,59
1782122494.8088622,0,NVIDIA GeForce RTX 4090 D,95,2323,24564,179.99,56
1782122494.8088622,1,NVIDIA GeForce RTX 4090 D,92,2323,24564,171.01,59
1782122499.9247851,0,NVIDIA GeForce RTX 4090 D,96,2323,24564,173.29,56
1782122499.9247851,1,NVIDIA GeForce RTX 4090 D,95,2323,24564,165.27,58
1782122505.0409036,0,NVIDIA GeForce RTX 4090 D,96,2323,24564,171.78,55
1782122505.0409036,1,NVIDIA GeForce RTX 4090 D,96,2323,24564,165.64,58
1782122510.1530745,0,NVIDIA GeForce RTX 4090 D,96,2323,24564,171.00,56
1782122510.1530745,1,NVIDIA GeForce RTX 4090 D,93,2323,24564,164.90,57
1782122515.208631,0,NVIDIA GeForce RTX 4090 D,95,2323,24564,172.56,55
1782122515.208631,1,NVIDIA GeForce RTX 4090 D,95,2323,24564,164.50,59
1782122520.3037562,0,NVIDIA GeForce RTX 4090 D,96,2323,24564,173.28,56
1782122520.3037562,1,NVIDIA GeForce RTX 4090 D,95,2323,24564,145.99,58
1782122525.401396,0,NVIDIA GeForce RTX 4090 D,73,2323,24564,145.37,55
1782122525.401396,1,NVIDIA GeForce RTX 4090 D,95,2323,24564,165.54,59
1782122530.5000932,0,NVIDIA GeForce RTX 4090 D,70,2323,24564,145.45,54
1782122530.5000932,1,NVIDIA GeForce RTX 4090 D,95,2323,24564,165.04,59
1782122535.6168966,0,NVIDIA GeForce RTX 4090 D,94,2323,24564,173.02,55
1782122535.6168966,1,NVIDIA GeForce RTX 4090 D,92,2323,24564,165.56,59
1782122540.6961486,0,NVIDIA GeForce RTX 4090 D,94,2323,24564,170.54,55
1782122540.6961486,1,NVIDIA GeForce RTX 4090 D,93,2323,24564,163.48,58
1782122545.8139305,0,NVIDIA GeForce RTX 4090 D,95,2323,24564,171.50,56
1782122545.8139305,1,NVIDIA GeForce RTX 4090 D,95,2323,24564,165.22,59
1782122550.9342668,0,NVIDIA GeForce RTX 4090 D,95,2323,24564,174.41,56
1782122550.9342668,1,NVIDIA GeForce RTX 4090 D,95,2323,24564,163.70,58
1782122556.0149772,0,NVIDIA GeForce RTX 4090 D,93,2323,24564,176.00,56
1782122556.0149772,1,NVIDIA GeForce RTX 4090 D,71,2323,24564,139.38,58
1782122561.1365116,0,NVIDIA GeForce RTX 4090 D,95,2323,24564,173.27,56
1782122561.1365116,1,NVIDIA GeForce RTX 4090 D,93,2323,24564,163.78,58
1782122566.253059,0,NVIDIA GeForce RTX 4090 D,95,2323,24564,173.56,56
1782122566.253059,1,NVIDIA GeForce RTX 4090 D,92,2323,24564,164.20,58
1782122571.3723094,0,NVIDIA GeForce RTX 4090 D,96,2323,24564,172.52,56
1782122571.3723094,1,NVIDIA GeForce RTX 4090 D,95,2323,24564,163.57,58
1782122576.499278,0,NVIDIA GeForce RTX 4090 D,96,2323,24564,152.76,55
1782122576.499278,1,NVIDIA GeForce RTX 4090 D,94,2323,24564,161.74,58
1782122581.6207511,0,NVIDIA GeForce RTX 4090 D,96,2323,24564,173.25,55
1782122581.6207511,1,NVIDIA GeForce RTX 4090 D,92,2323,24564,162.06,58
1782122586.7351775,0,NVIDIA GeForce RTX 4090 D,92,2323,24564,169.58,55
1782122586.7351775,1,NVIDIA GeForce RTX 4090 D,96,2323,24564,165.36,58
1782122591.8636074,0,NVIDIA GeForce RTX 4090 D,95,2323,24564,169.29,55
1782122591.8636074,1,NVIDIA GeForce RTX 4090 D,93,2323,24564,162.73,57
1782122596.9887302,0,NVIDIA GeForce RTX 4090 D,95,2323,24564,173.74,56
1782122596.9887302,1,NVIDIA GeForce RTX 4090 D,89,2323,24564,158.93,57
1782122602.1098063,0,NVIDIA GeForce RTX 4090 D,91,2323,24564,168.52,55
1782122602.1098063,1,NVIDIA GeForce RTX 4090 D,91,2323,24564,160.65,58
1782122607.2295964,0,NVIDIA GeForce RTX 4090 D,96,2323,24564,171.29,55
1782122607.2295964,1,NVIDIA GeForce RTX 4090 D,97,2323,24564,162.99,58
1782122612.353641,0,NVIDIA GeForce RTX 4090 D,94,2323,24564,172.65,55
1782122612.353641,1,NVIDIA GeForce RTX 4090 D,93,2323,24564,161.84,58
1782122617.4783692,0,NVIDIA GeForce RTX 4090 D,93,2323,24564,172.79,55
1782122617.4783692,1,NVIDIA GeForce RTX 4090 D,94,2323,24564,162.53,58
1782122622.605356,0,NVIDIA GeForce RTX 4090 D,94,2323,24564,173.07,55
1782122622.605356,1,NVIDIA GeForce RTX 4090 D,95,2323,24564,165.20,58
1782122627.7268543,0,NVIDIA GeForce RTX 4090 D,93,2323,24564,171.74,56
1782122627.7268543,1,NVIDIA GeForce RTX 4090 D,68,2323,24564,135.31,57
1782122632.8508465,0,NVIDIA GeForce RTX 4090 D,72,2323,24564,162.46,55
1782122632.8508465,1,NVIDIA GeForce RTX 4090 D,94,2323,24564,162.25,58
1782122637.9768486,0,NVIDIA GeForce RTX 4090 D,72,2323,24564,145.63,54
1782122637.9768486,1,NVIDIA GeForce RTX 4090 D,95,2323,24564,163.23,58
1782122643.093838,0,NVIDIA GeForce RTX 4090 D,93,2323,24564,172.03,55
1782122643.093838,1,NVIDIA GeForce RTX 4090 D,92,2323,24564,161.68,57
1782122648.214388,0,NVIDIA GeForce RTX 4090 D,96,2323,24564,172.46,55
1782122648.214388,1,NVIDIA GeForce RTX 4090 D,92,2323,24564,161.56,59
1782122653.3443937,0,NVIDIA GeForce RTX 4090 D,96,2323,24564,173.39,55
1782122653.3443937,1,NVIDIA GeForce RTX 4090 D,95,2323,24564,161.91,59
1782122658.4487748,0,NVIDIA GeForce RTX 4090 D,94,2323,24564,173.34,56
1782122658.4487748,1,NVIDIA GeForce RTX 4090 D,93,2323,24564,163.12,58
1782122663.5729897,0,NVIDIA GeForce RTX 4090 D,97,2323,24564,172.61,55
1782122663.5729897,1,NVIDIA GeForce RTX 4090 D,70,2323,24564,137.40,57
1782122668.7007525,0,NVIDIA GeForce RTX 4090 D,94,2323,24564,173.69,55
1782122668.7007525,1,NVIDIA GeForce RTX 4090 D,95,2323,24564,162.67,59
1782122673.8202837,0,NVIDIA GeForce RTX 4090 D,95,2323,24564,172.96,55
1782122673.8202837,1,NVIDIA GeForce RTX 4090 D,93,2323,24564,158.04,58
1782122678.940836,0,NVIDIA GeForce RTX 4090 D,94,2323,24564,172.78,56
1782122678.940836,1,NVIDIA GeForce RTX 4090 D,95,2323,24564,162.47,58
1782122684.0603774,0,NVIDIA GeForce RTX 4090 D,71,2323,24564,143.90,55
1782122684.0603774,1,NVIDIA GeForce RTX 4090 D,93,2323,24564,161.28,59
1782122689.177086,0,NVIDIA GeForce RTX 4090 D,95,2323,24564,172.31,55
1782122689.177086,1,NVIDIA GeForce RTX 4090 D,95,2323,24564,162.26,58
1782122694.2730699,0,NVIDIA GeForce RTX 4090 D,97,2323,24564,172.77,55
1782122694.2730699,1,NVIDIA GeForce RTX 4090 D,93,2323,24564,160.92,58
1782122699.3688428,0,NVIDIA GeForce RTX 4090 D,92,2323,24564,171.76,56
1782122699.3688428,1,NVIDIA GeForce RTX 4090 D,93,2323,24564,161.89,57
1782122704.4461093,0,NVIDIA GeForce RTX 4090 D,96,2323,24564,173.72,55
1782122704.4461093,1,NVIDIA GeForce RTX 4090 D,96,2323,24564,163.21,59
1782122709.568143,0,NVIDIA GeForce RTX 4090 D,93,2323,24564,172.28,56
1782122709.568143,1,NVIDIA GeForce RTX 4090 D,95,2323,24564,163.30,58
1782122714.6970427,0,NVIDIA GeForce RTX 4090 D,91,2323,24564,172.23,55
1782122714.6970427,1,NVIDIA GeForce RTX 4090 D,94,2323,24564,162.62,58
1782122719.8131225,0,NVIDIA GeForce RTX 4090 D,95,2323,24564,173.24,56
1782122719.8131225,1,NVIDIA GeForce RTX 4090 D,72,1550,24564,136.89,56
1782122724.932682,0,NVIDIA GeForce RTX 4090 D,95,2323,24564,173.22,55
1782122724.932682,1,NVIDIA GeForce RTX 4090 D,72,1550,24564,135.74,56
1782122730.0523593,0,NVIDIA GeForce RTX 4090 D,95,2323,24564,173.44,56
1782122730.0523593,1,NVIDIA GeForce RTX 4090 D,13,1550,24564,101.07,54
1782122735.1698887,0,NVIDIA GeForce RTX 4090 D,93,2323,24564,172.13,55
1782122735.1698887,1,NVIDIA GeForce RTX 4090 D,13,777,24564,95.66,54
1782122740.274775,0,NVIDIA GeForce RTX 4090 D,13,1550,24564,121.61,52
1782122740.274775,1,NVIDIA GeForce RTX 4090 D,13,777,24564,83.36,53
1782122745.3567524,0,NVIDIA GeForce RTX 4090 D,0,777,24564,63.75,49
1782122745.3567524,1,NVIDIA GeForce RTX 4090 D,12,777,24564,83.00,52
1782122750.431477,0,NVIDIA GeForce RTX 4090 D,0,1,24564,17.15,47
1782122750.431477,1,NVIDIA GeForce RTX 4090 D,13,777,24564,83.18,52
1782122755.5118704,0,NVIDIA GeForce RTX 4090 D,0,1,24564,16.26,46
1782122755.5118704,1,NVIDIA GeForce RTX 4090 D,12,777,24564,81.97,51
1782122760.6248798,0,NVIDIA GeForce RTX 4090 D,0,1,24564,15.75,46
1782122760.6248798,1,NVIDIA GeForce RTX 4090 D,12,777,24564,83.99,51
1782122765.7454538,0,NVIDIA GeForce RTX 4090 D,0,1,24564,15.25,45
1782122765.7454538,1,NVIDIA GeForce RTX 4090 D,13,777,24564,83.21,51
1782122770.8490307,0,NVIDIA GeForce RTX 4090 D,0,1,24564,14.84,44
1782122770.8490307,1,NVIDIA GeForce RTX 4090 D,13,777,24564,83.02,51
1782122775.9241354,0,NVIDIA GeForce RTX 4090 D,0,1,24564,14.98,44
1782122775.9241354,1,NVIDIA GeForce RTX 4090 D,13,777,24564,83.30,51
1782122781.0209043,0,NVIDIA GeForce RTX 4090 D,0,1,24564,14.64,44
1782122781.0209043,1,NVIDIA GeForce RTX 4090 D,13,777,24564,82.69,50
