state_id,seed,episode,step,role,candidate_type,candidate_id,beta,action_dx,action_dy,action_dz,start_x,start_y,start_z,endpoint_x,endpoint_y,endpoint_z,predicted_QC,predicted_safe,is_high_risk,executed,rho_cor,rho_cur,corridor_lift,d_aud,safe_margin,clearance_at_state,reference_age,source
seed900078_episode0_step0_candidate,900078,0,0,near_obstacle,actor_mean,0,1.0,0.7632911801338196,0.933601975440979,0.315622478723526,0.4498244524002075,-0.16421523690223694,0.25746268033981323,0.4727231878042221,-0.13620717763900758,0.266931354701519,0.9919689297676086,False,True,True,0.9631965756416321,0.970302402973175,-0.007105827331542969,0.05,0.13,0.03639940991052057,targeted_refcorridor_checkpoint,star_exec_replay_critic_query
seed900078_episode0_step0_candidate,900078,0,0,near_obstacle,current_only,0,1.0,-0.14604271948337555,0.9997900128364563,0.9652990102767944,0.4498244524002075,-0.16421523690223694,0.25746268033981323,0.4454431708157063,-0.13422153651714325,0.2864216506481171,0.9592124223709106,False,True,False,0.9631965756416321,0.970302402973175,-0.007105827331542969,0.05,0.13,0.03639940991052057,targeted_refcorridor_checkpoint,star_exec_replay_critic_query
seed900078_episode0_step0_candidate,900078,0,0,near_obstacle,current_only,1,1.0,0.9955751299858093,0.9621509313583374,0.9494110941886902,0.4498244524002075,-0.16421523690223694,0.25746268033981323,0.4796917062997818,-0.13535070896148682,0.28594501316547394,1.0029038190841675,False,True,False,0.9631965756416321,0.970302402973175,-0.007105827331542969,0.05,0.13,0.03639940991052057,targeted_refcorridor_checkpoint,star_exec_replay_critic_query
seed900078_episode0_step0_candidate,900078,0,0,near_obstacle,current_only,2,1.0,0.998722493648529,-0.5527659058570862,0.9201492071151733,0.4498244524002075,-0.16421523690223694,0.25746268033981323,0.4797861272096634,-0.18079821407794952,0.2850671565532684,0.9177271127700806,False,True,False,0.9631965756416321,0.970302402973175,-0.007105827331542969,0.05,0.13,0.03639940991052057,targeted_refcorridor_checkpoint,star_exec_replay_critic_query
seed900078_episode0_step0_candidate,900078,0,0,near_obstacle,current_only,3,1.0,0.1039126068353653,-0.17651331424713135,0.023707030341029167,0.4498244524002075,-0.16421523690223694,0.25746268033981323,0.4529418306052685,-0.16951063632965088,0.2581738912500441,0.9160379767417908,False,True,False,0.9631965756416321,0.970302402973175,-0.007105827331542969,0.05,0.13,0.03639940991052057,targeted_refcorridor_checkpoint,star_exec_replay_critic_query
seed900078_episode0_step0_candidate,900078,0,0,near_obstacle,current_only,4,1.0,-0.4338533878326416,0.965068519115448,-0.8545912504196167,0.4498244524002075,-0.16421523690223694,0.25746268033981323,0.4368088507652283,-0.1352631813287735,0.23182494282722474,0.9356019496917725,False,True,False,0.9631965756416321,0.970302402973175,-0.007105827331542969,0.05,0.13,0.03639940991052057,targeted_refcorridor_checkpoint,star_exec_replay_critic_query
seed900078_episode0_step0_candidate,900078,0,0,near_obstacle,current_only,5,1.0,0.9062146544456482,0.804933488368988,0.8993041515350342,0.4498244524002075,-0.16421523690223694,0.25746268033981323,0.47701089203357694,-0.1400672322511673,0.28444180488586424,0.9953078031539917,False,True,False,0.9631965756416321,0.970302402973175,-0.007105827331542969,0.05,0.13,0.03639940991052057,targeted_refcorridor_checkpoint,star_exec_replay_critic_query
seed900078_episode0_step0_candidate,900078,0,0,near_obstacle,current_only,6,1.0,0.9896795153617859,0.6194639205932617,-0.31732040643692017,0.4498244524002075,-0.16421523690223694,0.25746268033981323,0.4795148378610611,-0.1456313192844391,0.24794306814670564,0.9903881549835205,False,True,False,0.9631965756416321,0.970302402973175,-0.007105827331542969,0.05,0.13,0.03639940991052057,targeted_refcorridor_checkpoint,star_exec_replay_critic_query
seed900078_episode0_step0_candidate,900078,0,0,near_obstacle,current_only,7,1.0,0.980553150177002,0.9196030497550964,-0.5742427110671997,0.4498244524002075,-0.16421523690223694,0.25746268033981323,0.47924104690551755,-0.13662714540958404,0.24023539900779725,0.9987595081329346,False,True,False,0.9631965756416321,0.970302402973175,-0.007105827331542969,0.05,0.13,0.03639940991052057,targeted_refcorridor_checkpoint,star_exec_replay_critic_query
seed900078_episode0_step0_candidate,900078,0,0,near_obstacle,current_only,8,1.0,0.2396617978811264,0.999810516834259,0.05739786848425865,0.4498244524002075,-0.16421523690223694,0.25746268033981323,0.4570143063366413,-0.13422092139720918,0.259184616394341,0.9696300029754639,False,True,False,0.9631965756416321,0.970302402973175,-0.007105827331542969,0.05,0.13,0.03639940991052057,targeted_refcorridor_checkpoint,star_exec_replay_critic_query
seed900078_episode0_step0_candidate,900078,0,0,near_obstacle,current_only,9,1.0,-0.982130229473114,0.9616073369979858,-0.7188411951065063,0.4498244524002075,-0.16421523690223694,0.25746268033981323,0.4203605455160141,-0.13536701679229737,0.23589744448661804,0.912493884563446,False,True,False,0.9631965756416321,0.970302402973175,-0.007105827331542969,0.05,0.13,0.03639940991052057,targeted_refcorridor_checkpoint,star_exec_replay_critic_query
seed900078_episode0_step0_candidate,900078,0,0,near_obstacle,current_only,10,1.0,0.9784817099571228,0.9997937679290771,-0.04175311326980591,0.4498244524002075,-0.16421523690223694,0.25746268033981323,0.4791789036989212,-0.13422142386436461,0.25621008694171904,0.9994083642959595,False,True,False,0.9631965756416321,0.970302402973175,-0.007105827331542969,0.05,0.13,0.03639940991052057,targeted_refcorridor_checkpoint,star_exec_replay_critic_query
seed900078_episode0_step0_candidate,900078,0,0,near_obstacle,current_only,11,1.0,-0.8682432770729065,0.9810380935668945,-0.3957602083683014,0.4498244524002075,-0.16421523690223694,0.25746268033981323,0.4237771540880203,-0.1347840940952301,0.2455898740887642,0.9170883893966675,False,True,False,0.9631965756416321,0.970302402973175,-0.007105827331542969,0.05,0.13,0.03639940991052057,targeted_refcorridor_checkpoint,star_exec_replay_critic_query
seed900078_episode0_step0_candidate,900078,0,0,near_obstacle,current_only,12,1.0,-0.2833050489425659,0.7915931344032288,0.9183157086372375,0.4498244524002075,-0.16421523690223694,0.25746268033981323,0.44132530093193056,-0.14046744287014007,0.28501215159893034,0.9457888603210449,False,True,False,0.9631965756416321,0.970302402973175,-0.007105827331542969,0.05,0.13,0.03639940991052057,targeted_refcorridor_checkpoint,star_exec_replay_critic_query
seed900078_episode0_step0_candidate,900078,0,0,near_obstacle,current_only,13,1.0,-0.8965951204299927,0.9721178412437439,-0.9596874713897705,0.4498244524002075,-0.16421523690223694,0.25746268033981323,0.42292659878730776,-0.1350517016649246,0.22867205619812012,0.916368305683136,False,True,False,0.9631965756416321,0.970302402973175,-0.007105827331542969,0.05,0.13,0.03639940991052057,targeted_refcorridor_checkpoint,star_exec_replay_critic_query
seed900078_episode0_step0_candidate,900078,0,0,near_obstacle,current_only,14,1.0,0.9997861981391907,0.993156373500824,0.5474129915237427,0.4498244524002075,-0.16421523690223694,0.25746268033981323,0.47981803834438325,-0.13442054569721223,0.27388507008552554,1.003404974937439,False,True,False,0.9631965756416321,0.970302402973175,-0.007105827331542969,0.05,0.13,0.03639940991052057,targeted_refcorridor_checkpoint,star_exec_replay_critic_query
seed900078_episode0_step0_candidate,900078,0,0,near_obstacle,current_only,15,1.0,0.9692869186401367,-0.219136044383049,-0.6402877569198608,0.4498244524002075,-0.16421523690223694,0.25746268033981323,0.4789030599594116,-0.17078931823372842,0.23825404763221741,0.9624858498573303,False,True,False,0.9631965756416321,0.970302402973175,-0.007105827331542969,0.05,0.13,0.03639940991052057,targeted_refcorridor_checkpoint,star_exec_replay_critic_query
seed900078_episode0_step0_candidate,900078,0,0,near_obstacle,corridor_shadow,0,0.0625,0.1753459870815277,0.9991762042045593,0.9607611894607544,0.4498244524002075,-0.16421523690223694,0.25746268033981323,0.4550848320126534,-0.13423995077610015,0.2862855160236359,0.973542332649231,False,True,False,0.9631965756416321,0.970302402973175,-0.007105827331542969,0.05,0.13,0.03639940991052057,targeted_refcorridor_checkpoint,star_exec_replay_critic_query
seed900078_episode0_step0_candidate,900078,0,0,near_obstacle,corridor_shadow,1,0.125,0.9968589544296265,0.6053391695022583,0.94368976354599,0.4498244524002075,-0.16421523690223694,0.25746268033981323,0.4797302210330963,-0.14605506181716918,0.28577337324619295,0.9902624487876892,False,True,False,0.9631965756416321,0.970302402973175,-0.007105827331542969,0.05,0.13,0.03639940991052057,targeted_refcorridor_checkpoint,star_exec_replay_critic_query
seed900078_episode0_step0_candidate,900078,0,0,near_obstacle,corridor_shadow,2,0.1875,0.999025821685791,-0.9830670356750488,0.9125815629959106,0.4498244524002075,-0.16421523690223694,0.25746268033981323,0.47979522705078126,-0.1937072479724884,0.28484012722969054,0.8932251334190369,False,True,False,0.9631965756416321,0.970302402973175,-0.007105827331542969,0.05,0.13,0.03639940991052057,targeted_refcorridor_checkpoint,star_exec_replay_critic_query
seed900078_episode0_step0_candidate,900078,0,0,near_obstacle,corridor_shadow,3,0.25,0.34083959460258484,-0.9364211559295654,0.0038823289796710014,0.4498244524002075,-0.16421523690223694,0.25746268033981323,0.46004964023828504,-0.1923078715801239,0.25757915020920336,0.8844859600067139,False,True,False,0.9631965756416321,0.970302402973175,-0.007105827331542969,0.05,0.13,0.03639940991052057,targeted_refcorridor_checkpoint,star_exec_replay_critic_query
seed900078_episode0_step0_candidate,900078,0,0,near_obstacle,corridor_shadow,4,0.3125,-0.2130458503961563,0.7704141736030579,-0.8546194434165955,0.4498244524002075,-0.16421523690223694,0.25746268033981323,0.44343307688832284,-0.1411028116941452,0.23182409703731538,0.9404681324958801,False,True,False,0.9631965756416321,0.970302402973175,-0.007105827331542969,0.05,0.13,0.03639940991052057,targeted_refcorridor_checkpoint,star_exec_replay_critic_query
seed900078_episode0_step0_candidate,900078,0,0,near_obstacle,corridor_shadow,5,0.375,0.9320470094680786,0.05804568901658058,0.8924291729927063,0.4498244524002075,-0.16421523690223694,0.25746268033981323,0.4777858626842499,-0.1624738662317395,0.2842355555295944,0.9574582576751709,False,True,False,0.9631965756416321,0.970302402973175,-0.007105827331542969,0.05,0.13,0.03639940991052057,targeted_refcorridor_checkpoint,star_exec_replay_critic_query
seed900078_episode0_step0_candidate,900078,0,0,near_obstacle,corridor_shadow,6,0.4375,0.9918922781944275,-0.27474626898765564,-0.3270372450351715,0.4498244524002075,-0.16421523690223694,0.25746268033981323,0.47958122074604037,-0.17245762497186662,0.2476515629887581,0.956514835357666,False,True,False,0.9631965756416321,0.970302402973175,-0.007105827331542969,0.05,0.13,0.03639940991052057,targeted_refcorridor_checkpoint,star_exec_replay_critic_query
seed900078_episode0_step0_candidate,900078,0,0,near_obstacle,corridor_shadow,7,0.5,0.9845244884490967,0.6676359176635742,-0.5784710645675659,0.4498244524002075,-0.16421523690223694,0.25746268033981323,0.47936018705368044,-0.1441861593723297,0.24010854840278625,0.9933276772499084,False,True,False,0.9631965756416321,0.970302402973175,-0.007105827331542969,0.05,0.13,0.03639940991052057,targeted_refcorridor_checkpoint,star_exec_replay_critic_query
seed900078_episode0_step0_candidate,900078,0,0,near_obstacle,corridor_shadow,8,0.5625,0.36957308650016785,0.9996298551559448,0.045570917427539825,0.4498244524002075,-0.16421523690223694,0.25746268033981323,0.46091164499521253,-0.13422634124755858,0.2588298078626394,0.9751856327056885,False,True,False,0.9631965756416321,0.970302402973175,-0.007105827331542969,0.05,0.13,0.03639940991052057,targeted_refcorridor_checkpoint,star_exec_replay_critic_query
seed900078_episode0_step0_candidate,900078,0,0,near_obstacle,corridor_shadow,9,0.625,-0.9750261902809143,0.8893706202507019,-0.7202022671699524,0.4498244524002075,-0.16421523690223694,0.25746268033981323,0.4205736666917801,-0.13753411829471587,0.23585661232471467,0.9109807014465332,False,True,False,0.9631965756416321,0.970302402973175,-0.007105827331542969,0.05,0.13,0.03639940991052057,targeted_refcorridor_checkpoint,star_exec_replay_critic_query
seed900078_episode0_step0_candidate,900078,0,0,near_obstacle,corridor_shadow,10,0.6875,0.9813657999038696,0.9996625185012817,-0.04957393929362297,0.4498244524002075,-0.16421523690223694,0.25746268033981323,0.4792654263973236,-0.13422536134719848,0.25597546216100453,0.9994583129882812,False,True,False,0.9631965756416321,0.970302402973175,-0.007105827331542969,0.05,0.13,0.03639940991052057,targeted_refcorridor_checkpoint,star_exec_replay_critic_query
seed900078_episode0_step0_candidate,900078,0,0,near_obstacle,corridor_shadow,11,0.75,-0.8411860466003418,0.9627108573913574,-0.39942288398742676,0.4498244524002075,-0.16421523690223694,0.25746268033981323,0.4245888710021973,-0.1353339111804962,0.24547999382019042,0.9177443385124207,False,True,False,0.9631965756416321,0.970302402973175,-0.007105827331542969,0.05,0.13,0.03639940991052057,targeted_refcorridor_checkpoint,star_exec_replay_critic_query
seed900078_episode0_step0_candidate,900078,0,0,near_obstacle,corridor_shadow,12,0.8125,-0.22123223543167114,0.6405864357948303,0.9165923595428467,0.4498244524002075,-0.16421523690223694,0.25746268033981323,0.4431874853372574,-0.14499764382839203,0.28496045112609864,0.942913293838501,False,True,False,0.9631965756416321,0.970302402973175,-0.007105827331542969,0.05,0.13,0.03639940991052057,targeted_refcorridor_checkpoint,star_exec_replay_critic_query
seed900078_episode0_step0_candidate,900078,0,0,near_obstacle,corridor_shadow,13,0.875,-0.8860915899276733,0.9604450464248657,-0.9595522284507751,0.4498244524002075,-0.16421523690223694,0.25746268033981323,0.4232417047023773,-0.13540188550949098,0.22867611348628997,0.9165107011795044,False,True,False,0.9631965756416321,0.970302402973175,-0.007105827331542969,0.05,0.13,0.03639940991052057,targeted_refcorridor_checkpoint,star_exec_replay_critic_query
seed900078_episode0_step0_candidate,900078,0,0,near_obstacle,corridor_shadow,14,0.9375,0.9997894167900085,0.9920063018798828,0.5457277297973633,0.4498244524002075,-0.16421523690223694,0.25746268033981323,0.4798181349039078,-0.13445504784584045,0.2738345122337341,1.003370761871338,False,True,False,0.9631965756416321,0.970302402973175,-0.007105827331542969,0.05,0.13,0.03639940991052057,targeted_refcorridor_checkpoint,star_exec_replay_critic_query
seed900078_episode0_step0_candidate,900078,0,0,near_obstacle,corridor_shadow,15,1.0,0.9692869186401367,-0.219136044383049,-0.6402877569198608,0.4498244524002075,-0.16421523690223694,0.25746268033981323,0.4789030599594116,-0.17078931823372842,0.23825404763221741,0.9624858498573303,False,True,False,0.9631965756416321,0.970302402973175,-0.007105827331542969,0.05,0.13,0.03639940991052057,targeted_refcorridor_checkpoint,star_exec_replay_critic_query
seed900078_episode0_step14_candidate,900078,0,14,approach,actor_mean,0,1.0,0.899101734161377,0.689460039138794,-0.1505889892578125,0.34999677538871765,0.02450222335755825,0.34061399102211,0.37696982741355894,0.04518602453172207,0.3360963213443756,0.8117948174476624,False,True,True,0.8547293543815613,0.8536502718925476,0.0010790824890136719,0.05,0.13,0.07189524822101054,targeted_refcorridor_checkpoint,star_exec_replay_critic_query
seed900078_episode0_step14_candidate,900078,0,14,approach,current_only,0,1.0,0.9625148773193359,0.8570829033851624,-0.35732847452163696,0.34999677538871765,0.02450222335755825,0.34061399102211,0.3788722217082977,0.05021471045911312,0.3298941367864609,0.8036632537841797,False,True,False,0.8547293543815613,0.8536502718925476,0.0010790824890136719,0.05,0.13,0.07189524822101054,targeted_refcorridor_checkpoint,star_exec_replay_critic_query
seed900078_episode0_step14_candidate,900078,0,14,approach,current_only,1,1.0,-0.63798987865448,0.8878521919250488,0.043761108070611954,0.34999677538871765,0.02450222335755825,0.34061399102211,0.35,0.05113778911530971,0.3419268242642283,0.6857437491416931,False,True,False,0.8547293543815613,0.8536502718925476,0.0010790824890136719,0.05,0.13,0.07189524822101054,targeted_refcorridor_checkpoint,star_exec_replay_critic_query
seed900078_episode0_step14_candidate,900078,0,14,approach,current_only,2,1.0,0.9955021142959595,-0.6183109283447266,-0.3981907069683075,0.34999677538871765,0.02450222335755825,0.34061399102211,0.37986183881759644,0.005952895507216453,0.32866826981306074,0.9235543012619019,False,True,False,0.8547293543815613,0.8536502718925476,0.0010790824890136719,0.05,0.13,0.07189524822101054,targeted_refcorridor_checkpoint,star_exec_replay_critic_query
seed900078_episode0_step14_candidate,900078,0,14,approach,current_only,3,1.0,0.9871246814727783,0.011566480621695518,-0.5978540778160095,0.34999677538871765,0.02450222335755825,0.34061399102211,0.379610515832901,0.024849217776209118,0.3226783686876297,0.8926025629043579,False,True,False,0.8547293543815613,0.8536502718925476,0.0010790824890136719,0.05,0.13,0.07189524822101054,targeted_refcorridor_checkpoint,star_exec_replay_critic_query
seed900078_episode0_step14_candidate,900078,0,14,approach,current_only,4,1.0,0.9118708372116089,0.8173105716705322,-0.4868634343147278,0.34999677538871765,0.02450222335755825,0.34061399102211,0.3773529005050659,0.04902154050767422,0.32600808799266817,0.8069608211517334,False,True,False,0.8547293543815613,0.8536502718925476,0.0010790824890136719,0.05,0.13,0.07189524822101054,targeted_refcorridor_checkpoint,star_exec_replay_critic_query
seed900078_episode0_step14_candidate,900078,0,14,approach,current_only,5,1.0,0.8956804275512695,-0.6951897144317627,0.6658318042755127,0.34999677538871765,0.02450222335755825,0.34061399102211,0.3768671882152557,0.0036465319246053694,0.3605889451503754,0.8824314475059509,False,True,False,0.8547293543815613,0.8536502718925476,0.0010790824890136719,0.05,0.13,0.07189524822101054,targeted_refcorridor_checkpoint,star_exec_replay_critic_query
seed900078_episode0_step14_candidate,900078,0,14,approach,current_only,6,1.0,-0.7685981392860413,0.9929568767547607,0.42656081914901733,0.34999677538871765,0.02450222335755825,0.34061399102211,0.35,0.054290929660201076,0.3534108155965805,0.66335129737854,False,True,False,0.8547293543815613,0.8536502718925476,0.0010790824890136719,0.05,0.13,0.07189524822101054,targeted_refcorridor_checkpoint,star_exec_replay_critic_query
seed900078_episode0_step14_candidate,900078,0,14,approach,current_only,7,1.0,0.017728498205542564,0.7571106553077698,0.39226794242858887,0.34999677538871765,0.02450222335755825,0.34061399102211,0.3505286303348839,0.047215543016791345,0.35238202929496765,0.7187455892562866,False,True,False,0.8547293543815613,0.8536502718925476,0.0010790824890136719,0.05,0.13,0.07189524822101054,targeted_refcorridor_checkpoint,star_exec_replay_critic_query
seed900078_episode0_step14_candidate,900078,0,14,approach,current_only,8,1.0,0.9820520877838135,-0.30456238985061646,-0.477552592754364,0.34999677538871765,0.02450222335755825,0.34061399102211,0.37945833802223206,0.015365351662039757,0.3262874132394791,0.9109914302825928,False,True,False,0.8547293543815613,0.8536502718925476,0.0010790824890136719,0.05,0.13,0.07189524822101054,targeted_refcorridor_checkpoint,star_exec_replay_critic_query
seed900078_episode0_step14_candidate,900078,0,14,approach,current_only,9,1.0,0.9998130798339844,0.7326310873031616,-0.8885667324066162,0.34999677538871765,0.02450222335755825,0.34061399102211,0.3799911677837372,0.0464811559766531,0.3139569890499115,0.8279869556427002,False,True,False,0.8547293543815613,0.8536502718925476,0.0010790824890136719,0.05,0.13,0.07189524822101054,targeted_refcorridor_checkpoint,star_exec_replay_critic_query
seed900078_episode0_step14_candidate,900078,0,14,approach,current_only,10,1.0,-0.901722252368927,0.9829216003417969,0.20245307683944702,0.34999677538871765,0.02450222335755825,0.34061399102211,0.35,0.05398987136781215,0.3466875833272934,0.6655502319335938,False,True,False,0.8547293543815613,0.8536502718925476,0.0010790824890136719,0.05,0.13,0.07189524822101054,targeted_refcorridor_checkpoint,star_exec_replay_critic_query
seed900078_episode0_step14_candidate,900078,0,14,approach,current_only,11,1.0,0.9668516516685486,0.48405176401138306,0.6786431074142456,0.34999677538871765,0.02450222335755825,0.34061399102211,0.3790023249387741,0.03902377627789974,0.36097328424453734,0.8044167757034302,False,True,False,0.8547293543815613,0.8536502718925476,0.0010790824890136719,0.05,0.13,0.07189524822101054,targeted_refcorridor_checkpoint,star_exec_replay_critic_query
seed900078_episode0_step14_candidate,900078,0,14,approach,current_only,12,1.0,-0.919395387172699,-0.7551624774932861,0.2880710959434509,0.34999677538871765,0.02450222335755825,0.34061399102211,0.35,0.001847349032759668,0.3492561239004135,0.7529491186141968,False,True,False,0.8547293543815613,0.8536502718925476,0.0010790824890136719,0.05,0.13,0.07189524822101054,targeted_refcorridor_checkpoint,star_exec_replay_critic_query
seed900078_episode0_step14_candidate,900078,0,14,approach,current_only,13,1.0,0.9999637603759766,-0.37376701831817627,0.5762324333190918,0.34999677538871765,0.02450222335755825,0.34061399102211,0.37999568819999696,0.013289212808012962,0.35790096402168275,0.8828099966049194,False,True,False,0.8547293543815613,0.8536502718925476,0.0010790824890136719,0.05,0.13,0.07189524822101054,targeted_refcorridor_checkpoint,star_exec_replay_critic_query
seed900078_episode0_step14_candidate,900078,0,14,approach,current_only,14,1.0,0.9976529479026794,0.2580353021621704,0.4063507616519928,0.34999677538871765,0.02450222335755825,0.34061399102211,0.37992636382579803,0.032243282422423365,0.3528045138716698,0.8428569436073303,False,True,False,0.8547293543815613,0.8536502718925476,0.0010790824890136719,0.05,0.13,0.07189524822101054,targeted_refcorridor_checkpoint,star_exec_replay_critic_query
seed900078_episode0_step14_candidate,900078,0,14,approach,current_only,15,1.0,0.5229231715202332,0.7640523314476013,-0.4201078712940216,0.34999677538871765,0.02450222335755825,0.34061399102211,0.3656844705343246,0.04742379330098629,0.32801075488328935,0.7812352776527405,False,True,False,0.8547293543815613,0.8536502718925476,0.0010790824890136719,0.05,0.13,0.07189524822101054,targeted_refcorridor_checkpoint,star_exec_replay_critic_query
seed900078_episode0_step14_candidate,900078,0,14,approach,corridor_shadow,0,0.0625,0.863693118095398,0.7905712723731995,-0.29884326457977295,0.34999677538871765,0.02450222335755825,0.34061399102211,0.3759075689315796,0.04821936152875424,0.3316486930847168,0.8019583225250244,False,True,False,0.8547293543815613,0.8536502718925476,0.0010790824890136719,0.05,0.13,0.07189524822101054,targeted_refcorridor_checkpoint,star_exec_replay_critic_query
seed900078_episode0_step14_candidate,900078,0,14,approach,corridor_shadow,1,0.125,-0.8783043622970581,0.8384389877319336,0.1117691770195961,0.34999677538871765,0.02450222335755825,0.34061399102211,0.35,0.04965539298951625,0.34396706633269786,0.6792638301849365,False,True,False,0.8547293543815613,0.8536502718925476,0.0010790824890136719,0.05,0.13,0.07189524822101054,targeted_refcorridor_checkpoint,star_exec_replay_critic_query
seed900078_episode0_step14_candidate,900078,0,14,approach,corridor_shadow,2,0.1875,0.9855356812477112,-0.7149145603179932,-0.3499896824359894,0.34999677538871765,0.02450222335755825,0.34061399102211,0.37956284582614896,0.0030547865480184573,0.3301143005490303,0.9242249727249146,False,True,False,0.8547293543815613,0.8536502718925476,0.0010790824890136719,0.05,0.13,0.07189524822101054,targeted_refcorridor_checkpoint,star_exec_replay_critic_query
seed900078_episode0_step14_candidate,900078,0,14,approach,corridor_shadow,3,0.25,0.9626091718673706,-0.15090979635715485,-0.5662816762924194,0.34999677538871765,0.02450222335755825,0.34061399102211,0.37887505054473875,0.019974929466843604,0.3236255407333374,0.9015626907348633,False,True,False,0.8547293543815613,0.8536502718925476,0.0010790824890136719,0.05,0.13,0.07189524822101054,targeted_refcorridor_checkpoint,star_exec_replay_critic_query
seed900078_episode0_step14_candidate,900078,0,14,approach,corridor_shadow,4,0.3125,0.7809764742851257,0.7597167491912842,-0.45103609561920166,0.34999677538871765,0.02450222335755825,0.34061399102211,0.37342606961727143,0.047293725833296774,0.3270829081535339,0.8024058938026428,False,True,False,0.8547293543815613,0.8536502718925476,0.0010790824890136719,0.05,0.13,0.07189524822101054,targeted_refcorridor_checkpoint,star_exec_replay_critic_query
seed900078_episode0_step14_candidate,900078,0,14,approach,corridor_shadow,5,0.375,0.7633504271507263,-0.7582683563232422,0.6970267295837402,0.34999677538871765,0.02450222335755825,0.34061399102211,0.3728972882032394,0.001754172667860987,0.3615247929096222,0.871757984161377,False,True,False,0.8547293543815613,0.8536502718925476,0.0010790824890136719,0.05,0.13,0.07189524822101054,targeted_refcorridor_checkpoint,star_exec_replay_critic_query
seed900078_episode0_step14_candidate,900078,0,14,approach,corridor_shadow,6,0.4375,-0.88759845495224,0.9908926486968994,0.4654625356197357,0.34999677538871765,0.02450222335755825,0.34061399102211,0.35,0.05422900281846523,0.35457786709070205,0.6589305996894836,False,True,False,0.8547293543815613,0.8536502718925476,0.0010790824890136719,0.05,0.13,0.07189524822101054,targeted_refcorridor_checkpoint,star_exec_replay_critic_query
seed900078_episode0_step14_candidate,900078,0,14,approach,corridor_shadow,7,0.5,-0.32296690344810486,0.7056012153625488,0.42783743143081665,0.34999677538871765,0.02450222335755825,0.34061399102211,0.35,0.045670259818434714,0.3534491139650345,0.7039490938186646,False,True,False,0.8547293543815613,0.8536502718925476,0.0010790824890136719,0.05,0.13,0.07189524822101054,targeted_refcorridor_checkpoint,star_exec_replay_critic_query
seed900078_episode0_step14_candidate,900078,0,14,approach,corridor_shadow,8,0.5625,0.9666184186935425,-0.3879857063293457,-0.45458224415779114,0.34999677538871765,0.02450222335755825,0.34061399102211,0.37899532794952395,0.012862652167677879,0.32697652369737623,0.9134830236434937,False,True,False,0.8547293543815613,0.8536502718925476,0.0010790824890136719,0.05,0.13,0.07189524822101054,targeted_refcorridor_checkpoint,star_exec_replay_critic_query
seed900078_episode0_step14_candidate,900078,0,14,approach,corridor_shadow,9,0.625,0.9996766448020935,0.6916880011558533,-0.8846019506454468,0.34999677538871765,0.02450222335755825,0.34061399102211,0.3799870747327805,0.04525286339223385,0.31407593250274657,0.8324066400527954,False,True,False,0.8547293543815613,0.8536502718925476,0.0010790824890136719,0.05,0.13,0.07189524822101054,targeted_refcorridor_checkpoint,star_exec_replay_critic_query
seed900078_episode0_step14_candidate,900078,0,14,approach,corridor_shadow,10,0.6875,-0.9353126287460327,0.9803363084793091,0.22671519219875336,0.34999677538871765,0.02450222335755825,0.34061399102211,0.35,0.05391231261193752,0.34741544678807257,0.6641314029693604,False,True,False,0.8547293543815613,0.8536502718925476,0.0010790824890136719,0.05,0.13,0.07189524822101054,targeted_refcorridor_checkpoint,star_exec_replay_critic_query
seed900078_episode0_step14_candidate,900078,0,14,approach,corridor_shadow,11,0.75,0.9529087543487549,0.44078269600868225,0.6910709142684937,0.34999677538871765,0.02450222335755825,0.34061399102211,0.3785840380191803,0.037725704237818715,0.3613461184501648,0.806964099407196,False,True,False,0.8547293543815613,0.8536502718925476,0.0010790824890136719,0.05,0.13,0.07189524822101054,targeted_refcorridor_checkpoint,star_exec_replay_critic_query
seed900078_episode0_step14_candidate,900078,0,14,approach,corridor_shadow,12,0.8125,-0.937345564365387,-0.7719050049781799,0.30230775475502014,0.34999677538871765,0.02450222335755825,0.34061399102211,0.35,0.001345073208212852,0.34968322366476057,0.7518904209136963,False,True,False,0.8547293543815613,0.8536502718925476,0.0010790824890136719,0.05,0.13,0.07189524822101054,targeted_refcorridor_checkpoint,star_exec_replay_critic_query
seed900078_episode0_step14_candidate,900078,0,14,approach,corridor_shadow,13,0.875,0.9999564290046692,-0.3968171179294586,0.583720326423645,0.34999677538871765,0.02450222335755825,0.34061399102211,0.3799954682588577,0.012597709819674492,0.3581256008148193,0.8836444616317749,False,True,False,0.8547293543815613,0.8536502718925476,0.0010790824890136719,0.05,0.13,0.07189524822101054,targeted_refcorridor_checkpoint,star_exec_replay_critic_query
seed900078_episode0_step14_candidate,900078,0,14,approach,corridor_shadow,14,0.9375,0.9974310398101807,0.2452036589384079,0.41081902384757996,0.34999677538871765,0.02450222335755825,0.34061399102211,0.3799197065830231,0.031858333125710486,0.3529385617375374,0.8438405394554138,False,True,False,0.8547293543815613,0.8536502718925476,0.0010790824890136719,0.05,0.13,0.07189524822101054,targeted_refcorridor_checkpoint,star_exec_replay_critic_query
seed900078_episode0_step14_candidate,900078,0,14,approach,corridor_shadow,15,1.0,0.5229231715202332,0.7640523314476013,-0.4201078712940216,0.34999677538871765,0.02450222335755825,0.34061399102211,0.3656844705343246,0.04742379330098629,0.32801075488328935,0.7812352776527405,False,True,False,0.8547293543815613,0.8536502718925476,0.0010790824890136719,0.05,0.13,0.07189524822101054,targeted_refcorridor_checkpoint,star_exec_replay_critic_query
seed900078_episode0_step16_audit,900078,0,16,audit,actor_mean,0,1.0,-0.134720578789711,0.4510705173015594,-0.0925641432404518,0.5876227617263794,0.1818894892930984,0.2481559514999389,0.583581144362688,0.1954216048121452,0.2453790272027254,0.025621959939599,True,False,True,0.6239330768585205,0.4085810780525207,0.21535199880599976,0.05,0.13,0.0781779245310888,targeted_refcorridor_checkpoint,logged_selected_audit_snapshot
seed900078_episode0_step16_audit,900078,0,16,audit,current_only,0,1.0,-0.934596598148346,0.3322288691997528,0.8411633372306824,0.5876227617263794,0.1818894892930984,0.2481559514999389,0.5595848637819291,0.191856355369091,0.2733908516168594,-0.035887461155653,True,False,False,0.6239330768585205,0.4085810780525207,0.21535199880599976,0.05,0.13,0.0781779245310888,targeted_refcorridor_checkpoint,logged_selected_audit_snapshot
seed900078_episode0_step16_audit,900078,0,16,audit,current_only,1,1.0,-0.8373117446899414,0.4616486132144928,0.962205171585083,0.5876227617263794,0.1818894892930984,0.2481559514999389,0.5625034093856811,0.1957389476895332,0.2770221066474914,-0.0346381142735481,True,False,False,0.6239330768585205,0.4085810780525207,0.21535199880599976,0.05,0.13,0.0781779245310888,targeted_refcorridor_checkpoint,logged_selected_audit_snapshot
seed900078_episode0_step16_audit,900078,0,16,audit,current_only,2,1.0,-0.6209225654602051,-0.6884291768074036,0.8517685532569885,0.5876227617263794,0.1818894892930984,0.2481559514999389,0.5689950847625732,0.1612366139888763,0.2737090080976486,0.0847983509302139,False,True,False,0.6239330768585205,0.4085810780525207,0.21535199880599976,0.05,0.13,0.0781779245310888,targeted_refcorridor_checkpoint,logged_selected_audit_snapshot
seed900078_episode0_step16_audit,900078,0,16,audit,current_only,3,1.0,-0.977183163166046,0.9174271821975708,0.0601386800408363,0.5876227617263794,0.1818894892930984,0.2481559514999389,0.558307266831398,0.2094123047590255,0.249960111901164,-0.0306762382388114,True,False,False,0.6239330768585205,0.4085810780525207,0.21535199880599976,0.05,0.13,0.0781779245310888,targeted_refcorridor_checkpoint,logged_selected_audit_snapshot
seed900078_episode0_step16_audit,900078,0,16,audit,current_only,4,1.0,-0.816942572593689,-0.9121365547180176,0.2207944244146347,0.5876227617263794,0.1818894892930984,0.2481559514999389,0.5631144845485687,0.1545253926515579,0.254779784232378,0.2355920970439911,False,True,False,0.6239330768585205,0.4085810780525207,0.21535199880599976,0.05,0.13,0.0781779245310888,targeted_refcorridor_checkpoint,logged_selected_audit_snapshot
seed900078_episode0_step16_audit,900078,0,16,audit,current_only,5,1.0,0.6447949409484863,0.6020782589912415,0.2847190201282501,0.5876227617263794,0.1818894892930984,0.2481559514999389,0.606966609954834,0.1999518370628357,0.2566975221037865,0.0903914272785186,False,True,False,0.6239330768585205,0.4085810780525207,0.21535199880599976,0.05,0.13,0.0781779245310888,targeted_refcorridor_checkpoint,logged_selected_audit_snapshot
seed900078_episode0_step16_audit,900078,0,16,audit,current_only,6,1.0,0.4502865970134735,-0.5234099626541138,-0.6436796188354492,0.5876227617263794,0.1818894892930984,0.2481559514999389,0.6011313596367835,0.166187190413475,0.2288455629348754,0.5452471375465393,False,True,False,0.6239330768585205,0.4085810780525207,0.21535199880599976,0.05,0.13,0.0781779245310888,targeted_refcorridor_checkpoint,logged_selected_audit_snapshot
seed900078_episode0_step16_audit,900078,0,16,audit,current_only,7,1.0,-0.2891579568386078,-0.6483194231987,-0.7493818998336792,0.5876227617263794,0.1818894892930984,0.2481559514999389,0.5789480230212212,0.1624399065971374,0.2256744945049286,0.3794819414615631,False,True,False,0.6239330768585205,0.4085810780525207,0.21535199880599976,0.05,0.13,0.0781779245310888,targeted_refcorridor_checkpoint,logged_selected_audit_snapshot
seed900078_episode0_step16_audit,900078,0,16,audit,current_only,8,1.0,-0.2653174102306366,0.8970566987991333,-0.3606889545917511,0.5876227617263794,0.1818894892930984,0.2481559514999389,0.5796632394194603,0.2088011902570724,0.2373352828621864,0.0167289692908525,True,False,False,0.6239330768585205,0.4085810780525207,0.21535199880599976,0.05,0.13,0.0781779245310888,targeted_refcorridor_checkpoint,logged_selected_audit_snapshot
seed900078_episode0_step16_audit,900078,0,16,audit,current_only,9,1.0,-0.9501039385795592,-0.6133439540863037,0.1534122973680496,0.5876227617263794,0.1818894892930984,0.2481559514999389,0.5591196435689926,0.1634891706705093,0.2527583204209804,0.0793804079294204,False,True,False,0.6239330768585205,0.4085810780525207,0.21535199880599976,0.05,0.13,0.0781779245310888,targeted_refcorridor_checkpoint,logged_selected_audit_snapshot
seed900078_episode0_step16_audit,900078,0,16,audit,current_only,10,1.0,0.4570181369781494,0.2575456500053406,-0.2631884813308716,0.5876227617263794,0.1818894892930984,0.2481559514999389,0.6013333058357239,0.1896158587932586,0.2402602970600128,0.1671776473522186,False,True,False,0.6239330768585205,0.4085810780525207,0.21535199880599976,0.05,0.13,0.0781779245310888,targeted_refcorridor_checkpoint,logged_selected_audit_snapshot
seed900078_episode0_step16_audit,900078,0,16,audit,current_only,11,1.0,-0.991156280040741,0.8139733076095581,-0.1677585542201995,0.5876227617263794,0.1818894892930984,0.2481559514999389,0.5578880733251572,0.2063086885213852,0.2431231948733329,-0.0234409570693969,True,False,False,0.6239330768585205,0.4085810780525207,0.21535199880599976,0.05,0.13,0.0781779245310888,targeted_refcorridor_checkpoint,logged_selected_audit_snapshot
seed900078_episode0_step16_audit,900078,0,16,audit,current_only,12,1.0,0.6113651990890503,0.9568094611167908,0.1369717419147491,0.5876227617263794,0.1818894892930984,0.2481559514999389,0.6059637176990509,0.2105937731266021,0.2522651037573814,0.0704299509525299,False,True,False,0.6239330768585205,0.4085810780525207,0.21535199880599976,0.05,0.13,0.0781779245310888,targeted_refcorridor_checkpoint,logged_selected_audit_snapshot
seed900078_episode0_step16_audit,900078,0,16,audit,current_only,13,1.0,-0.5652482509613037,-0.2785758078098297,-0.5580445528030396,0.5876227617263794,0.1818894892930984,0.2481559514999389,0.5706653141975403,0.1735322150588035,0.2314146149158477,0.1725257933139801,False,True,False,0.6239330768585205,0.4085810780525207,0.21535199880599976,0.05,0.13,0.0781779245310888,targeted_refcorridor_checkpoint,logged_selected_audit_snapshot
seed900078_episode0_step16_audit,900078,0,16,audit,current_only,14,1.0,-0.0349611192941665,0.9671185612678528,-0.6579450964927673,0.5876227617263794,0.1818894892930984,0.2481559514999389,0.5865739281475544,0.210903046131134,0.2284175986051559,0.0682361125946044,False,True,False,0.6239330768585205,0.4085810780525207,0.21535199880599976,0.05,0.13,0.0781779245310888,targeted_refcorridor_checkpoint,logged_selected_audit_snapshot
seed900078_episode0_step16_audit,900078,0,16,audit,current_only,15,1.0,0.2975082993507385,0.8576038479804993,-0.2163497507572174,0.5876227617263794,0.1818894892930984,0.2481559514999389,0.5965480107069016,0.2076176047325134,0.2416654589772224,0.0661638677120208,False,True,False,0.6239330768585205,0.4085810780525207,0.21535199880599976,0.05,0.13,0.0781779245310888,targeted_refcorridor_checkpoint,logged_selected_audit_snapshot
seed900078_episode0_step16_audit,900078,0,16,audit,corridor_shadow,0,0.0625,-0.8676694631576538,0.1767739653587341,0.8601717948913574,0.5876227617263794,0.1818894892930984,0.2481559514999389,0.5615926778316498,0.1871927082538604,0.2739611053466796,-0.0342521145939827,True,False,False,0.6239330768585205,0.4085810780525207,0.21535199880599976,0.05,0.13,0.0781779245310888,targeted_refcorridor_checkpoint,logged_selected_audit_snapshot
seed900078_episode0_step16_audit,900078,0,16,audit,corridor_shadow,1,0.125,-0.6680814027786255,0.3326093852519989,0.964301586151123,0.5876227617263794,0.1818894892930984,0.2481559514999389,0.5675803196430206,0.1918677708506584,0.2770849990844726,-0.0319588296115398,True,False,False,0.6239330768585205,0.4085810780525207,0.21535199880599976,0.05,0.13,0.0781779245310888,targeted_refcorridor_checkpoint,logged_selected_audit_snapshot
seed900078_episode0_step16_audit,900078,0,16,audit,corridor_shadow,2,0.1875,-0.2869907021522522,-0.7629387974739075,0.8668884634971619,0.5876227617263794,0.1818894892930984,0.2481559514999389,0.5790130406618118,0.1590013253688812,0.2741626054048538,0.1780919730663299,False,True,False,0.6239330768585205,0.4085810780525207,0.21535199880599976,0.05,0.13,0.0781779245310888,targeted_refcorridor_checkpoint,logged_selected_audit_snapshot
seed900078_episode0_step16_audit,900078,0,16,audit,corridor_shadow,3,0.25,-0.9632192850112916,0.8961477279663086,0.1605477482080459,0.5876227617263794,0.1818894892930984,0.2481559514999389,0.5587261831760406,0.2087739211320877,0.2529723839461803,-0.0330618992447853,True,False,False,0.6239330768585205,0.4085810780525207,0.21535199880599976,0.05,0.13,0.0781779245310888,targeted_refcorridor_checkpoint,logged_selected_audit_snapshot
seed900078_episode0_step16_audit,900078,0,16,audit,corridor_shadow,4,0.3125,-0.676193356513977,-0.9329645037651062,0.301951915025711,0.5876227617263794,0.1818894892930984,0.2481559514999389,0.5673369610309601,0.1539005541801452,0.2572145089507103,0.2500627040863037,False,True,False,0.6239330768585205,0.4085810780525207,0.21535199880599976,0.05,0.13,0.0781779245310888,targeted_refcorridor_checkpoint,logged_selected_audit_snapshot
seed900078_episode0_step16_audit,900078,0,16,audit,corridor_shadow,5,0.375,0.84159916639328,0.5287492871284485,0.3537651598453522,0.5876227617263794,0.1818894892930984,0.2481559514999389,0.6128707367181778,0.1977519679069519,0.2587689062952995,0.1265140026807785,False,True,False,0.6239330768585205,0.4085810780525207,0.21535199880599976,0.05,0.13,0.0781779245310888,targeted_refcorridor_checkpoint,logged_selected_audit_snapshot
seed900078_episode0_step16_audit,900078,0,16,audit,corridor_shadow,6,0.4375,0.7051281929016113,-0.596983790397644,-0.5804336667060852,0.5876227617263794,0.1818894892930984,0.2481559514999389,0.6087766075134278,0.1639799755811691,0.2307429414987564,0.762424111366272,False,True,False,0.6239330768585205,0.4085810780525207,0.21535199880599976,0.05,0.13,0.0781779245310888,targeted_refcorridor_checkpoint,logged_selected_audit_snapshot
seed900078_episode0_step16_audit,900078,0,16,audit,corridor_shadow,7,0.5,-0.0022727211471647,-0.7009872794151306,-0.7043375968933105,0.5876227617263794,0.1818894892930984,0.2481559514999389,0.5875545800919645,0.1608598709106445,0.2270258235931396,0.4666628837585449,False,True,False,0.6239330768585205,0.4085810780525207,0.21535199880599976,0.05,0.13,0.0781779245310888,targeted_refcorridor_checkpoint,logged_selected_audit_snapshot
seed900078_episode0_step16_audit,900078,0,16,audit,corridor_shadow,8,0.5625,-0.0117964632809162,0.8823044300079346,-0.2986043095588684,0.5876227617263794,0.1818894892930984,0.2481559514999389,0.587268867827952,0.2083586221933364,0.2391978222131729,0.0345761030912399,True,False,False,0.6239330768585205,0.4085810780525207,0.21535199880599976,0.05,0.13,0.0781779245310888,targeted_refcorridor_checkpoint,logged_selected_audit_snapshot
seed900078_episode0_step16_audit,900078,0,16,audit,corridor_shadow,9,0.625,-0.9340060353279114,-0.6564685106277466,0.2007840275764465,0.5876227617263794,0.1818894892930984,0.2481559514999389,0.559602580666542,0.162195433974266,0.2541794723272323,0.0890896618366241,False,True,False,0.6239330768585205,0.4085810780525207,0.21535199880599976,0.05,0.13,0.0781779245310888,targeted_refcorridor_checkpoint,logged_selected_audit_snapshot
seed900078_episode0_step16_audit,900078,0,16,audit,corridor_shadow,10,0.6875,0.6115773916244507,0.2046268582344055,-0.2180156707763672,0.5876227617263794,0.1818894892930984,0.2481559514999389,0.6059700834751129,0.1880282950401306,0.2416154813766479,0.1998780965805053,False,True,False,0.6239330768585205,0.4085810780525207,0.21535199880599976,0.05,0.13,0.0781779245310888,targeted_refcorridor_checkpoint,logged_selected_audit_snapshot
seed900078_episode0_step16_audit,900078,0,16,audit,corridor_shadow,11,0.75,-0.989891231060028,0.7994416952133179,-0.1315836012363433,0.5876227617263794,0.1818894892930984,0.2481559514999389,0.5579260247945785,0.205872740149498,0.2442084434628486,-0.0247966200113296,True,False,False,0.6239330768585205,0.4085810780525207,0.21535199880599976,0.05,0.13,0.0781779245310888,targeted_refcorridor_checkpoint,logged_selected_audit_snapshot
seed900078_episode0_step16_audit,900078,0,16,audit,corridor_shadow,12,0.8125,0.6895738840103149,0.9542733430862428,0.161040797829628,0.5876227617263794,0.1818894892930984,0.2481559514999389,0.6083099782466889,0.2105176895856857,0.2529871754348278,0.080897033214569,False,True,False,0.6239330768585205,0.4085810780525207,0.21535199880599976,0.05,0.13,0.0781779245310888,targeted_refcorridor_checkpoint,logged_selected_audit_snapshot
seed900078_episode0_step16_audit,900078,0,16,audit,corridor_shadow,13,0.875,-0.5170364379882812,-0.2999641299247741,-0.5429561138153076,0.5876227617263794,0.1818894892930984,0.2481559514999389,0.5721116685867309,0.1728905653953552,0.2318672680854797,0.1785307079553604,False,True,False,0.6239330768585205,0.4085810780525207,0.21535199880599976,0.05,0.13,0.0781779245310888,targeted_refcorridor_checkpoint,logged_selected_audit_snapshot
seed900078_episode0_step16_audit,900078,0,16,audit,corridor_shadow,14,0.9375,0.0041545839048922,0.9664915800094604,-0.651447057723999,0.5876227617263794,0.1818894892930984,0.2481559514999389,0.5877473992435261,0.2108842366933822,0.228612539768219,0.0722307562828064,False,True,False,0.6239330768585205,0.4085810780525207,0.21535199880599976,0.05,0.13,0.0781779245310888,targeted_refcorridor_checkpoint,logged_selected_audit_snapshot
seed900078_episode0_step16_audit,900078,0,16,audit,corridor_shadow,15,1.0,0.2975082993507385,0.8576038479804993,-0.2163497507572174,0.5876227617263794,0.1818894892930984,0.2481559514999389,0.5965480107069016,0.2076176047325134,0.2416654589772224,0.0661638677120208,False,True,False,0.6239330768585205,0.4085810780525207,0.21535199880599976,0.05,0.13,0.0781779245310888,targeted_refcorridor_checkpoint,logged_selected_audit_snapshot
seed900078_episode0_step16_audit,900078,0,16,audit,selected_exec,0,,0.7176018357276917,0.9208680391311646,-0.751982569694519,0.5876227617263794,0.1818894892930984,0.2481559514999389,0.4013204771280289,0.2152906841039657,0.3088089394569396,0.025621959939599,True,False,True,0.6239330768585205,0.4085810780525207,0.21535199880599976,0.05,0.13,0.0781779245310888,targeted_refcorridor_checkpoint,logged_selected_audit_snapshot
seed900078_episode0_step22_candidate,900078,0,22,pass,actor_mean,0,1.0,0.7275347709655762,0.44615989923477173,-0.26068025827407837,0.43939679861068726,0.23479968309402466,0.29652154445648193,0.46122284173965455,0.2481844800710678,0.2887011367082596,0.09020722657442093,False,True,True,0.11448865383863449,0.10992055386304855,0.0045680999755859375,0.05,0.13,0.13804642675593176,targeted_refcorridor_checkpoint,star_exec_replay_critic_query
seed900078_episode0_step22_candidate,900078,0,22,pass,current_only,0,1.0,0.9981392621994019,0.9538085460662842,-0.35835251212120056,0.43939679861068726,0.23479968309402466,0.29652154445648193,0.46934097647666934,0.25,0.28577096909284594,0.09049665927886963,False,True,False,0.11448865383863449,0.10992055386304855,0.0045680999755859375,0.05,0.13,0.13804642675593176,targeted_refcorridor_checkpoint,star_exec_replay_critic_query
seed900078_episode0_step22_candidate,900078,0,22,pass,current_only,1,1.0,0.9998307824134827,0.9864340424537659,-0.6953790783882141,0.43939679861068726,0.23479968309402466,0.29652154445648193,0.4693917220830917,0.25,0.2756601721048355,0.09125383198261261,False,True,False,0.11448865383863449,0.10992055386304855,0.0045680999755859375,0.05,0.13,0.13804642675593176,targeted_refcorridor_checkpoint,star_exec_replay_critic_query
seed900078_episode0_step22_candidate,900078,0,22,pass,current_only,2,1.0,0.7325976490974426,-0.16905641555786133,0.0009423491428606212,0.43939679861068726,0.23479968309402466,0.29652154445648193,0.4613747280836105,0.22972799062728883,0.29654981493076776,0.08352389931678772,False,True,False,0.11448865383863449,0.10992055386304855,0.0045680999755859375,0.05,0.13,0.13804642675593176,targeted_refcorridor_checkpoint,star_exec_replay_critic_query
seed900078_episode0_step22_candidate,900078,0,22,pass,current_only,3,1.0,0.12230650335550308,0.05965650826692581,0.37368276715278625,0.43939679861068726,0.23479968309402466,0.29652154445648193,0.44306599371135236,0.23658937834203242,0.30773202747106554,0.10877985507249832,False,True,False,0.11448865383863449,0.10992055386304855,0.0045680999755859375,0.05,0.13,0.13804642675593176,targeted_refcorridor_checkpoint,star_exec_replay_critic_query
seed900078_episode0_step22_candidate,900078,0,22,pass,current_only,4,1.0,-0.4508359134197235,0.5438765287399292,-0.2727935314178467,0.43939679861068726,0.23479968309402466,0.29652154445648193,0.4258717212080956,0.25,0.2883377385139465,0.12560775876045227,False,True,False,0.11448865383863449,0.10992055386304855,0.0045680999755859375,0.05,0.13,0.13804642675593176,targeted_refcorridor_checkpoint,star_exec_replay_critic_query
seed900078_episode0_step22_candidate,900078,0,22,pass,current_only,5,1.0,0.0763544961810112,0.829339325428009,-0.5832202434539795,0.43939679861068726,0.23479968309402466,0.29652154445648193,0.4416874334961176,0.25,0.27902493715286253,0.11043373495340347,False,True,False,0.11448865383863449,0.10992055386304855,0.0045680999755859375,0.05,0.13,0.13804642675593176,targeted_refcorridor_checkpoint,star_exec_replay_critic_query
seed900078_episode0_step22_candidate,900078,0,22,pass,current_only,6,1.0,0.13291001319885254,0.9957718253135681,-0.7837463021278381,0.43939679861068726,0.23479968309402466,0.29652154445648193,0.4433840990066528,0.25,0.2730091553926468,0.10996174812316895,False,True,False,0.11448865383863449,0.10992055386304855,0.0045680999755859375,0.05,0.13,0.13804642675593176,targeted_refcorridor_checkpoint,star_exec_replay_critic_query
seed900078_episode0_step22_candidate,900078,0,22,pass,current_only,7,1.0,0.9269538521766663,-0.8961291313171387,0.3783683478832245,0.43939679861068726,0.23479968309402466,0.29652154445648193,0.46720541417598727,0.2079158091545105,0.3078725948929787,0.07957383990287781,False,True,False,0.11448865383863449,0.10992055386304855,0.0045680999755859375,0.05,0.13,0.13804642675593176,targeted_refcorridor_checkpoint,star_exec_replay_critic_query
seed900078_episode0_step22_candidate,900078,0,22,pass,current_only,8,1.0,-0.6440460681915283,-0.7220999002456665,-0.14025603234767914,0.43939679861068726,0.23479968309402466,0.29652154445648193,0.4200754165649414,0.21313668608665468,0.29231386348605154,0.15381915867328644,False,True,False,0.11448865383863449,0.10992055386304855,0.0045680999755859375,0.05,0.13,0.13804642675593176,targeted_refcorridor_checkpoint,star_exec_replay_critic_query
seed900078_episode0_step22_candidate,900078,0,22,pass,current_only,9,1.0,0.9581758975982666,-0.4389795958995819,-0.6237200498580933,0.43939679861068726,0.23479968309402466,0.29652154445648193,0.46814207553863524,0.2216302952170372,0.27780994296073913,0.07406817376613617,False,True,False,0.11448865383863449,0.10992055386304855,0.0045680999755859375,0.05,0.13,0.13804642675593176,targeted_refcorridor_checkpoint,star_exec_replay_critic_query
seed900078_episode0_step22_candidate,900078,0,22,pass,current_only,10,1.0,-0.7968858480453491,0.2521613836288452,0.6532447934150696,0.43939679861068726,0.23479968309402466,0.29652154445648193,0.41549022316932677,0.24236452460289,0.316118888258934,0.14189189672470093,False,True,False,0.11448865383863449,0.10992055386304855,0.0045680999755859375,0.05,0.13,0.13804642675593176,targeted_refcorridor_checkpoint,star_exec_replay_critic_query
seed900078_episode0_step22_candidate,900078,0,22,pass,current_only,11,1.0,0.9735978245735168,0.17925304174423218,-0.9524925351142883,0.43939679861068726,0.23479968309402466,0.29652154445648193,0.46860473334789277,0.2401772743463516,0.26794676840305326,0.08406080305576324,False,True,False,0.11448865383863449,0.10992055386304855,0.0045680999755859375,0.05,0.13,0.13804642675593176,targeted_refcorridor_checkpoint,star_exec_replay_critic_query
seed900078_episode0_step22_candidate,900078,0,22,pass,current_only,12,1.0,-0.1370244026184082,0.7596099972724915,-0.7082700729370117,0.43939679861068726,0.23479968309402466,0.29652154445648193,0.43528606653213503,0.25,0.2752734422683716,0.11670827865600586,False,True,False,0.11448865383863449,0.10992055386304855,0.0045680999755859375,0.05,0.13,0.13804642675593176,targeted_refcorridor_checkpoint,star_exec_replay_critic_query
seed900078_episode0_step22_candidate,900078,0,22,pass,current_only,13,1.0,0.24720479547977448,-0.6766310930252075,-0.10622583329677582,0.43939679861068726,0.23479968309402466,0.29652154445648193,0.44681294247508047,0.21450075030326843,0.29333476945757864,0.10596329718828201,False,True,False,0.11448865383863449,0.10992055386304855,0.0045680999755859375,0.05,0.13,0.13804642675593176,targeted_refcorridor_checkpoint,star_exec_replay_critic_query
seed900078_episode0_step22_candidate,900078,0,22,pass,current_only,14,1.0,0.029477935284376144,0.9408381581306458,-0.371754914522171,0.43939679861068726,0.23479968309402466,0.29652154445648193,0.44028113666921853,0.25,0.2853688970208168,0.11142029613256454,False,True,False,0.11448865383863449,0.10992055386304855,0.0045680999755859375,0.05,0.13,0.13804642675593176,targeted_refcorridor_checkpoint,star_exec_replay_critic_query
seed900078_episode0_step22_candidate,900078,0,22,pass,current_only,15,1.0,0.8096017837524414,0.20279166102409363,0.4162275195121765,0.43939679861068726,0.23479968309402466,0.29652154445648193,0.4636848521232605,0.24088343292474745,0.3090083700418472,0.0888376533985138,False,True,False,0.11448865383863449,0.10992055386304855,0.0045680999755859375,0.05,0.13,0.13804642675593176,targeted_refcorridor_checkpoint,star_exec_replay_critic_query
seed900078_episode0_step22_candidate,900078,0,22,pass,corridor_shadow,0,0.0625,0.9979853630065918,0.9377424716949463,-0.32142868638038635,0.43939679861068726,0.23479968309402466,0.29652154445648193,0.46933635950088504,0.25,0.2868786838650703,0.09035162627696991,False,True,False,0.11448865383863449,0.10992055386304855,0.0045680999755859375,0.05,0.13,0.13804642675593176,targeted_refcorridor_checkpoint,star_exec_replay_critic_query
seed900078_episode0_step22_candidate,900078,0,22,pass,corridor_shadow,1,0.125,0.9998676776885986,0.977917492389679,-0.6816142797470093,0.43939679861068726,0.23479968309402466,0.29652154445648193,0.4693928289413452,0.25,0.27607311606407164,0.09111388027667999,False,True,False,0.11448865383863449,0.10992055386304855,0.0045680999755859375,0.05,0.13,0.13804642675593176,targeted_refcorridor_checkpoint,star_exec_replay_critic_query
seed900078_episode0_step22_candidate,900078,0,22,pass,corridor_shadow,2,0.1875,0.5214031934738159,0.004971463233232498,0.04633813351392746,0.43939679861068726,0.23479968309402466,0.29652154445648193,0.45503889441490175,0.23494882699102163,0.29791168846189975,0.09262949228286743,False,True,False,0.11448865383863449,0.10992055386304855,0.0045680999755859375,0.05,0.13,0.13804642675593176,targeted_refcorridor_checkpoint,star_exec_replay_critic_query
seed900078_episode0_step22_candidate,900078,0,22,pass,corridor_shadow,3,0.25,-0.29012587666511536,0.18760238587856293,0.4165430963039398,0.43939679861068726,0.23479968309402466,0.29652154445648193,0.4306930223107338,0.24042775467038155,0.3090178373456001,0.12326347827911377,False,True,False,0.11448865383863449,0.10992055386304855,0.0045680999755859375,0.05,0.13,0.13804642675593176,targeted_refcorridor_checkpoint,star_exec_replay_critic_query
seed900078_episode0_step22_candidate,900078,0,22,pass,corridor_shadow,4,0.3125,-0.7331408262252808,0.5767009258270264,-0.24235749244689941,0.43939679861068726,0.23479968309402466,0.29652154445648193,0.4174025738239288,0.25,0.289250819683075,0.13435620069503784,False,True,False,0.11448865383863449,0.10992055386304855,0.0045680999755859375,0.05,0.13,0.13804642675593176,targeted_refcorridor_checkpoint,star_exec_replay_critic_query
seed900078_episode0_step22_candidate,900078,0,22,pass,corridor_shadow,5,0.375,-0.2715565264225006,0.8212458491325378,-0.5682892799377441,0.43939679861068726,0.23479968309402466,0.29652154445648193,0.43125010281801224,0.25,0.2794728660583496,0.11981352418661118,False,True,False,0.11448865383863449,0.10992055386304855,0.0045680999755859375,0.05,0.13,0.13804642675593176,targeted_refcorridor_checkpoint,star_exec_replay_critic_query
seed900078_episode0_step22_candidate,900078,0,22,pass,corridor_shadow,6,0.4375,-0.17872345447540283,0.9933385252952576,-0.7784677743911743,0.43939679861068726,0.23479968309402466,0.29652154445648193,0.4340350949764252,0.25,0.2731675112247467,0.11767375469207764,False,True,False,0.11448865383863449,0.10992055386304855,0.0045680999755859375,0.05,0.13,0.13804642675593176,targeted_refcorridor_checkpoint,star_exec_replay_critic_query
seed900078_episode0_step22_candidate,900078,0,22,pass,corridor_shadow,7,0.5,0.8995434045791626,-0.8391444087028503,0.4070490896701813,0.43939679861068726,0.23479968309402466,0.29652154445648193,0.4663831007480621,0.20962535083293915,0.30873301714658735,0.08060562610626221,False,True,False,0.11448865383863449,0.10992055386304855,0.0045680999755859375,0.05,0.13,0.13804642675593176,targeted_refcorridor_checkpoint,star_exec_replay_critic_query
seed900078_episode0_step22_candidate,900078,0,22,pass,corridor_shadow,8,0.5625,-0.7886289358139038,-0.6365118622779846,-0.11806142330169678,0.43939679861068726,0.23479968309402466,0.29652154445648193,0.4157379305362701,0.2157043272256851,0.29297970175743104,0.15776969492435455,False,True,False,0.11448865383863449,0.10992055386304855,0.0045680999755859375,0.05,0.13,0.13804642675593176,targeted_refcorridor_checkpoint,star_exec_replay_critic_query
seed900078_episode0_step22_candidate,900078,0,22,pass,corridor_shadow,9,0.625,0.9482276439666748,-0.35031431913375854,-0.615898609161377,0.43939679861068726,0.23479968309402466,0.29652154445648193,0.4678436279296875,0.2242902535200119,0.27804458618164063,0.07510384917259216,False,True,False,0.11448865383863449,0.10992055386304855,0.0045680999755859375,0.05,0.13,0.13804642675593176,targeted_refcorridor_checkpoint,star_exec_replay_critic_query
seed900078_episode0_step22_candidate,900078,0,22,pass,corridor_shadow,10,0.6875,-0.866925835609436,0.29209187626838684,0.6672155857086182,0.43939679861068726,0.23479968309402466,0.29652154445648193,0.4133890235424042,0.24356243938207625,0.31653801202774046,0.1439952552318573,False,True,False,0.11448865383863449,0.10992055386304855,0.0045680999755859375,0.05,0.13,0.13804642675593176,targeted_refcorridor_checkpoint,star_exec_replay_critic_query
seed900078_episode0_step22_candidate,900078,0,22,pass,corridor_shadow,11,0.75,0.9700140953063965,0.21611623466014862,-0.9524901509284973,0.43939679861068726,0.23479968309402466,0.29652154445648193,0.46849722146987915,0.2412831701338291,0.267946839928627,0.08460849523544312,False,True,False,0.11448865383863449,0.10992055386304855,0.0045680999755859375,0.05,0.13,0.13804642675593176,targeted_refcorridor_checkpoint,star_exec_replay_critic_query
seed900078_episode0_step22_candidate,900078,0,22,pass,corridor_shadow,12,0.8125,-0.2444894164800644,0.7589267492294312,-0.7055182456970215,0.43939679861068726,0.23479968309402466,0.29652154445648193,0.4320621161162853,0.25,0.2753559970855713,0.11969777196645737,False,True,False,0.11448865383863449,0.10992055386304855,0.0045680999755859375,0.05,0.13,0.13804642675593176,targeted_refcorridor_checkpoint,star_exec_replay_critic_query
seed900078_episode0_step22_candidate,900078,0,22,pass,corridor_shadow,13,0.875,0.18311867117881775,-0.6517825126647949,-0.0997193306684494,0.43939679861068726,0.23479968309402466,0.29652154445648193,0.44489035874605176,0.21524620771408082,0.29352996453642843,0.10883378237485886,False,True,False,0.11448865383863449,0.10992055386304855,0.0045680999755859375,0.05,0.13,0.13804642675593176,targeted_refcorridor_checkpoint,star_exec_replay_critic_query
seed900078_episode0_step22_candidate,900078,0,22,pass,corridor_shadow,14,0.9375,-0.006123049184679985,0.9396682381629944,-0.3693760931491852,0.43939679861068726,0.23479968309402466,0.29652154445648193,0.43921310713514683,0.25,0.28544026166200637,0.11231936514377594,False,True,False,0.11448865383863449,0.10992055386304855,0.0045680999755859375,0.05,0.13,0.13804642675593176,targeted_refcorridor_checkpoint,star_exec_replay_critic_query
seed900078_episode0_step22_candidate,900078,0,22,pass,corridor_shadow,15,1.0,0.8096017837524414,0.20279166102409363,0.4162275195121765,0.43939679861068726,0.23479968309402466,0.29652154445648193,0.4636848521232605,0.24088343292474745,0.3090083700418472,0.0888376533985138,False,True,False,0.11448865383863449,0.10992055386304855,0.0045680999755859375,0.05,0.13,0.13804642675593176,targeted_refcorridor_checkpoint,star_exec_replay_critic_query
